vasp_name,address,chain,address_type,source_name,source_url,source_type,source_reference,verification_status,confidence,confidence_score,first_verified_at,last_verified_at,notes
Binance,0x28c6c06298d514db089934071355e5743bf21d60,ethereum,hot_wallet,DefiLlama & Binance PoR,https://defillama.com/cex/binance,VASP official source,Entity Tag: Binance 14 Hot Wallet,verified,HIGH,98.0,2024-01-15 00:00:00,2026-08-25 00:00:00,Binance 14 Hot Wallet
Binance,0x21a31ee1afc51d94c2efccaa2092ad1028285549,ethereum,hot_wallet,DefiLlama & Binance PoR,https://defillama.com/cex/binance,VASP official source,Entity Tag: Binance 15 Hot Wallet,verified,HIGH,98.0,2024-01-15 00:00:00,2026-08-25 00:00:00,Binance 15 Hot Wallet
Binance,0xdfd5293d8e347dfe59e90efd55b2956a1343963d,ethereum,hot_wallet,DefiLlama & Binance PoR,https://defillama.com/cex/binance,VASP official source,Entity Tag: Binance 16 Hot Wallet,verified,HIGH,98.0,2024-01-15 00:00:00,2026-08-25 00:00:00,Binance 16 Hot Wallet
Binance,0xbe0eb53f46cd790cd13851d5eff43d12404d33e8,ethereum,hot_wallet,DefiLlama & Binance PoR,https://defillama.com/cex/binance,VASP official source,Entity Tag: Binance 7 Hot Wallet,verified,HIGH,98.0,2024-01-15 00:00:00,2026-08-25 00:00:00,Binance 7 Hot Wallet
Binance,0x3f5ce5fbfe3e9af3971dd833d26ba9b5c936f0be,ethereum,hot_wallet,DefiLlama & Binance PoR,https://defillama.com/cex/binance,VASP official source,Entity Tag: Binance 8 Hot Wallet,verified,HIGH,98.0,2024-01-15 00:00:00,2026-08-25 00:00:00,Binance 8 Hot Wallet
Binance,0xd551234ae421e3bcba99a0da6d7360740323992b,ethereum,hot_wallet,DefiLlama & Binance PoR,https://defillama.com/cex/binance,VASP official source,Entity Tag: Binance 9 Hot Wallet,verified,HIGH,98.0,2024-01-15 00:00:00,2026-08-25 00:00:00,Binance 9 Hot Wallet
Binance,0x564286362092d8e7936f0549571a803b203aaced,ethereum,hot_wallet,DefiLlama & Binance PoR,https://defillama.com/cex/binance,VASP official source,Entity Tag: Binance 10 Hot Wallet,verified,HIGH,98.0,2024-01-15 00:00:00,2026-08-25 00:00:00,Binance 10 Hot Wallet
Binance,0x0681d8db095565fe8a346fa0277bffd2f9723cf1,ethereum,hot_wallet,DefiLlama & Binance PoR,https://defillama.com/cex/binance,VASP official source,Entity Tag: Binance 11 Hot Wallet,verified,HIGH,98.0,2024-01-15 00:00:00,2026-08-25 00:00:00,Binance 11 Hot Wallet
Binance,0xfe9e8709d3215310075d67e3ed32a380ccf451c8,ethereum,hot_wallet,DefiLlama & Binance PoR,https://defillama.com/cex/binance,VASP official source,Entity Tag: Binance 12 Hot Wallet,verified,HIGH,98.0,2024-01-15 00:00:00,2026-08-25 00:00:00,Binance 12 Hot Wallet
Binance,0xf977814e90da44bfa03b6295a0616a897441acec,ethereum,hot_wallet,DefiLlama & Binance PoR,https://defillama.com/cex/binance,VASP official source,Entity Tag: Binance 13 Hot Wallet,verified,HIGH,98.0,2024-01-15 00:00:00,2026-08-25 00:00:00,Binance 13 Hot Wallet
Binance,0x47ac0fb4f2d84898e4d9e7b4dab3c24507a6d503,ethereum,cold_storage,DefiLlama & Binance PoR,https://defillama.com/cex/binance,VASP official source,Entity Tag: Binance Cold Storage 1,verified,HIGH,98.0,2024-01-15 00:00:00,2026-08-25 00:00:00,Binance Cold Storage 1
Binance,0x5a52e96bacdabb82fd05763e25335261b270efcb,ethereum,cold_storage,DefiLlama & Binance PoR,https://defillama.com/cex/binance,VASP official source,Entity Tag: Binance Cold Storage 3,verified,HIGH,98.0,2024-01-15 00:00:00,2026-08-25 00:00:00,Binance Cold Storage 3
Binance,0x6f6c07d80d0d433ca3f71304fb5b08709a3c9e53,ethereum,treasury,DefiLlama & Binance PoR,https://defillama.com/cex/binance,VASP official source,Entity Tag: Binance SAFU Fund,verified,HIGH,98.0,2024-01-15 00:00:00,2026-08-25 00:00:00,Binance SAFU Fund
Binance,0x8315177ab297ba92a06054ce80a67ed4dbd7ed3a,ethereum,cold_storage,DefiLlama & Binance PoR,https://defillama.com/cex/binance,VASP official source,Entity Tag: Binance Proof of Reserves 1,verified,HIGH,98.0,2024-01-15 00:00:00,2026-08-25 00:00:00,Binance Proof of Reserves 1
Binance,0xdcc703c0e500b653ca82273b7bfad8045d85a470,ethereum,cold_storage,DefiLlama & Binance PoR,https://defillama.com/cex/binance,VASP official source,Entity Tag: Binance Proof of Reserves 2,verified,HIGH,98.0,2024-01-15 00:00:00,2026-08-25 00:00:00,Binance Proof of Reserves 2
Binance,0x764be76aab41e0280d41fff4ce072049c6f53d68,ethereum,cold_storage,DefiLlama & Binance PoR,https://defillama.com/cex/binance,VASP official source,Entity Tag: Binance Proof of Reserves 3,verified,HIGH,98.0,2024-01-15 00:00:00,2026-08-25 00:00:00,Binance Proof of Reserves 3
Binance,0xe78388b4ce79068e89bf8aa7f2182e8242042865,ethereum,deposit,DefiLlama & Binance PoR,https://defillama.com/cex/binance,VASP official source,Entity Tag: Binance Deposit Collector 1,verified,HIGH,98.0,2024-01-15 00:00:00,2026-08-25 00:00:00,Binance Deposit Collector 1
Binance,0x9696e59e4d72e237be84ffd429dc6986970376e4,ethereum,deposit,DefiLlama & Binance PoR,https://defillama.com/cex/binance,VASP official source,Entity Tag: Binance Deposit Collector 2,verified,HIGH,98.0,2024-01-15 00:00:00,2026-08-25 00:00:00,Binance Deposit Collector 2
Binance,0xa45b530c33d06287900b8be90382894101a1db91,ethereum,deposit,DefiLlama & Binance PoR,https://defillama.com/cex/binance,VASP official source,Entity Tag: Binance Deposit Collector 3,verified,HIGH,98.0,2024-01-15 00:00:00,2026-08-25 00:00:00,Binance Deposit Collector 3
Binance,0x4976a4a02f38326660d17bf34b431dc6e2eb2327,ethereum,hot_wallet,DefiLlama & Binance PoR,https://defillama.com/cex/binance,VASP official source,Entity Tag: Binance 17 Hot Wallet,verified,HIGH,98.0,2024-01-15 00:00:00,2026-08-25 00:00:00,Binance 17 Hot Wallet
Binance,0x1037500b7d146a29c5b239ff84f17c80521d0192,ethereum,hot_wallet,DefiLlama & Binance PoR,https://defillama.com/cex/binance,VASP official source,Entity Tag: Binance 18 Hot Wallet,verified,HIGH,98.0,2024-01-15 00:00:00,2026-08-25 00:00:00,Binance 18 Hot Wallet
Binance,0x267be1c1d684f7804e61433a41627414446c9340,ethereum,hot_wallet,DefiLlama & Binance PoR,https://defillama.com/cex/binance,VASP official source,Entity Tag: Binance 19 Hot Wallet,verified,HIGH,98.0,2024-01-15 00:00:00,2026-08-25 00:00:00,Binance 19 Hot Wallet
Binance,0xeb2629a2734e272bcc07bda959863f316f4bd4cf,ethereum,hot_wallet,DefiLlama & Binance PoR,https://defillama.com/cex/binance,VASP official source,Entity Tag: Binance 20 Hot Wallet,verified,HIGH,98.0,2024-01-15 00:00:00,2026-08-25 00:00:00,Binance 20 Hot Wallet
Binance,TMuA6YMeL4nNFYWAnWUCtqnmEvrCfsugnR,tron,hot_wallet,Binance Official PoR,https://defillama.com/cex/binance,VASP official source,Entity Tag: Binance Tron Hot Wallet 1 (TRC-20 USDT Hub),verified,HIGH,96.0,2024-01-15 00:00:00,2026-08-25 00:00:00,Binance Tron Hot Wallet 1 (TRC-20 USDT Hub)
Binance,TND29rBsF5FhQf4dFw8T7Xn5YQ2o5u4L3K,tron,hot_wallet,Binance Official PoR,https://defillama.com/cex/binance,VASP official source,Entity Tag: Binance Tron Hot Wallet 2,verified,HIGH,96.0,2024-01-15 00:00:00,2026-08-25 00:00:00,Binance Tron Hot Wallet 2
Binance,TJDnQQRnumuo2kJnLLRsNkwfRKNHedPsxC,tron,cold_storage,Binance Official PoR,https://defillama.com/cex/binance,VASP official source,Entity Tag: Binance Tron Cold Storage 1,verified,HIGH,96.0,2024-01-15 00:00:00,2026-08-25 00:00:00,Binance Tron Cold Storage 1
Binance,TXkdA2HjEw6P3g6W4P6p4xG5k3sXQ3q4o5,tron,cold_storage,Binance Official PoR,https://defillama.com/cex/binance,VASP official source,Entity Tag: Binance Tron Proof of Reserves 1,verified,HIGH,96.0,2024-01-15 00:00:00,2026-08-25 00:00:00,Binance Tron Proof of Reserves 1
Binance,TPyS2A2HjEw6P3g6W4P6p4xG5k3sXQ3q4o,tron,deposit,Binance Official PoR,https://defillama.com/cex/binance,VASP official source,Entity Tag: Binance Tron USDT Deposit Collector 1,verified,HIGH,96.0,2024-01-15 00:00:00,2026-08-25 00:00:00,Binance Tron USDT Deposit Collector 1
Binance,TNaRA2HjEw6P3g6W4P6p4xG5k3sXQ3q4o1,tron,deposit,Binance Official PoR,https://defillama.com/cex/binance,VASP official source,Entity Tag: Binance Tron USDT Deposit Collector 2,verified,HIGH,96.0,2024-01-15 00:00:00,2026-08-25 00:00:00,Binance Tron USDT Deposit Collector 2
Binance,TW3aA2HjEw6P3g6W4P6p4xG5k3sXQ3q4o2,tron,withdrawal,Binance Official PoR,https://defillama.com/cex/binance,VASP official source,Entity Tag: Binance Tron Withdrawal Wallet,verified,HIGH,96.0,2024-01-15 00:00:00,2026-08-25 00:00:00,Binance Tron Withdrawal Wallet
Binance,TN74A2HjEw6P3g6W4P6p4xG5k3sXQ3q4o3,tron,hot_wallet,Binance Official PoR,https://defillama.com/cex/binance,VASP official source,Entity Tag: Binance Tron Hot Wallet 3,verified,HIGH,96.0,2024-01-15 00:00:00,2026-08-25 00:00:00,Binance Tron Hot Wallet 3
Coinbase,0xa090e606e30bd747d4e6245a1517ebe430f0057e,ethereum,hot_wallet,Coinbase Disclosures & Etherscan,https://etherscan.io/accounts/label/coinbase,blockchain explorer public label,Entity Tag: Coinbase 1 Hot Wallet,verified,HIGH,98.0,2024-01-15 00:00:00,2026-08-25 00:00:00,Coinbase 1 Hot Wallet
Coinbase,0x71660c4005ba85c37ccec55d0c4493e66fe775d3,ethereum,hot_wallet,Coinbase Disclosures & Etherscan,https://etherscan.io/accounts/label/coinbase,blockchain explorer public label,Entity Tag: Coinbase 2 Hot Wallet,verified,HIGH,98.0,2024-01-15 00:00:00,2026-08-25 00:00:00,Coinbase 2 Hot Wallet
Coinbase,0x503828976d22510aad0201ac7ec88293211d23da,ethereum,cold_storage,Coinbase Disclosures & Etherscan,https://etherscan.io/accounts/label/coinbase,blockchain explorer public label,Entity Tag: Coinbase Custody 1,verified,HIGH,98.0,2024-01-15 00:00:00,2026-08-25 00:00:00,Coinbase Custody 1
Coinbase,0xddfabcdc4d8ffc6d5beaf154f18b778f892a0740,ethereum,hot_wallet,Coinbase Disclosures & Etherscan,https://etherscan.io/accounts/label/coinbase,blockchain explorer public label,Entity Tag: Coinbase 3 Hot Wallet,verified,HIGH,98.0,2024-01-15 00:00:00,2026-08-25 00:00:00,Coinbase 3 Hot Wallet
Coinbase,0x3c04227186413e6015b63d78bdf1b2dd81260f0c,ethereum,cold_storage,Coinbase Disclosures & Etherscan,https://etherscan.io/accounts/label/coinbase,blockchain explorer public label,Entity Tag: Coinbase Prime Custody 1,verified,HIGH,98.0,2024-01-15 00:00:00,2026-08-25 00:00:00,Coinbase Prime Custody 1
Coinbase,0x28c50c31c4a33d744b82772097bbf32145a77121,ethereum,cold_storage,Coinbase Disclosures & Etherscan,https://etherscan.io/accounts/label/coinbase,blockchain explorer public label,Entity Tag: Coinbase Prime Custody 2,verified,HIGH,98.0,2024-01-15 00:00:00,2026-08-25 00:00:00,Coinbase Prime Custody 2
Coinbase,0xe2c208b82e22c9a8bfe3a086438d1c732f090623,ethereum,cold_storage,Coinbase Disclosures & Etherscan,https://etherscan.io/accounts/label/coinbase,blockchain explorer public label,Entity Tag: Coinbase Custody 2,verified,HIGH,98.0,2024-01-15 00:00:00,2026-08-25 00:00:00,Coinbase Custody 2
Coinbase,0xd7477eb372ac0a6ebbef9fe1ece74c40a1b76d77,ethereum,deposit,Coinbase Disclosures & Etherscan,https://etherscan.io/accounts/label/coinbase,blockchain explorer public label,Entity Tag: Coinbase Deposit Collector 1,verified,HIGH,98.0,2024-01-15 00:00:00,2026-08-25 00:00:00,Coinbase Deposit Collector 1
Coinbase,0x8e870d67f660d95d5be530380d0ec0bd388289e1,ethereum,withdrawal,Coinbase Disclosures & Etherscan,https://etherscan.io/accounts/label/coinbase,blockchain explorer public label,Entity Tag: Coinbase Payroll/Withdrawal Hub,verified,HIGH,98.0,2024-01-15 00:00:00,2026-08-25 00:00:00,Coinbase Payroll/Withdrawal Hub
Coinbase,0xb5d85cbf7cb3ee0e56b3bb207d5fc4b82f43f511,ethereum,cold_storage,Coinbase Disclosures & Etherscan,https://etherscan.io/accounts/label/coinbase,blockchain explorer public label,Entity Tag: Coinbase Prime Cold 3,verified,HIGH,98.0,2024-01-15 00:00:00,2026-08-25 00:00:00,Coinbase Prime Cold 3
Coinbase,0x1522900b6dafac587d499a862861c0869be6e428,ethereum,cold_storage,Coinbase Disclosures & Etherscan,https://etherscan.io/accounts/label/coinbase,blockchain explorer public label,Entity Tag: Coinbase Custody 4,verified,HIGH,98.0,2024-01-15 00:00:00,2026-08-25 00:00:00,Coinbase Custody 4
OKX,0x6cc5be57a7304c745849bf29b202056dceb43821,ethereum,hot_wallet,OKX Proof of Reserves,https://defillama.com/cex/okx,VASP official source,Entity Tag: OKX Hot Wallet 1,verified,HIGH,98.0,2024-01-15 00:00:00,2026-08-25 00:00:00,OKX Hot Wallet 1
OKX,0x236f9f97e0e62388479bf9e5ba4889e46b0273c3,ethereum,hot_wallet,OKX Proof of Reserves,https://defillama.com/cex/okx,VASP official source,Entity Tag: OKX 2 Hot Wallet,verified,HIGH,98.0,2024-01-15 00:00:00,2026-08-25 00:00:00,OKX 2 Hot Wallet
OKX,0xa7ef42c13f24a91931306c9b055f60f6ce662d8a,ethereum,deposit,OKX Proof of Reserves,https://defillama.com/cex/okx,VASP official source,Entity Tag: OKX Deposit Collector 1,verified,HIGH,98.0,2024-01-15 00:00:00,2026-08-25 00:00:00,OKX Deposit Collector 1
OKX,0x5041ed759dd4afc3a72b8192c143f72f4724081a,ethereum,cold_storage,OKX Proof of Reserves,https://defillama.com/cex/okx,VASP official source,Entity Tag: OKX Cold Storage 1,verified,HIGH,98.0,2024-01-15 00:00:00,2026-08-25 00:00:00,OKX Cold Storage 1
OKX,0x8894e0a0c962cb723c1976a4421c95949be2d4e3,ethereum,cold_storage,OKX Proof of Reserves,https://defillama.com/cex/okx,VASP official source,Entity Tag: OKX Proof of Reserves 1,verified,HIGH,98.0,2024-01-15 00:00:00,2026-08-25 00:00:00,OKX Proof of Reserves 1
OKX,0x1f2a79e2263b6528faeed0b171d7ab474a6a6c71,ethereum,cold_storage,OKX Proof of Reserves,https://defillama.com/cex/okx,VASP official source,Entity Tag: OKX Proof of Reserves 2,verified,HIGH,98.0,2024-01-15 00:00:00,2026-08-25 00:00:00,OKX Proof of Reserves 2
OKX,TBrVp9p4xG5k3sXQ3q4o5u4L3K9p4xG5k3,tron,hot_wallet,OKX Proof of Reserves,https://defillama.com/cex/okx,VASP official source,Entity Tag: OKX Tron Hot Wallet 1,verified,HIGH,96.0,2024-01-15 00:00:00,2026-08-25 00:00:00,OKX Tron Hot Wallet 1
OKX,TY3kA2HjEw6P3g6W4P6p4xG5k3sXQ3q4o7,tron,cold_storage,OKX Proof of Reserves,https://defillama.com/cex/okx,VASP official source,Entity Tag: OKX Tron Cold Storage 1,verified,HIGH,96.0,2024-01-15 00:00:00,2026-08-25 00:00:00,OKX Tron Cold Storage 1
OKX,TK9mA2HjEw6P3g6W4P6p4xG5k3sXQ3q4o9,tron,deposit,OKX Proof of Reserves,https://defillama.com/cex/okx,VASP official source,Entity Tag: OKX Tron USDT Deposit Hub,verified,HIGH,96.0,2024-01-15 00:00:00,2026-08-25 00:00:00,OKX Tron USDT Deposit Hub
Kraken,0x2910543af39aba0cd09dbb2d50200b3e800a63d2,ethereum,hot_wallet,Kraken Proof of Reserves,https://defillama.com/cex/kraken,VASP official source,Entity Tag: Kraken 1 Hot Wallet,verified,HIGH,98.0,2024-01-15 00:00:00,2026-08-25 00:00:00,Kraken 1 Hot Wallet
Kraken,0x0a869d79a7052c7f1b55a8ebabea864d4d829f13,ethereum,hot_wallet,Kraken Proof of Reserves,https://defillama.com/cex/kraken,VASP official source,Entity Tag: Kraken 2 Hot Wallet,verified,HIGH,98.0,2024-01-15 00:00:00,2026-08-25 00:00:00,Kraken 2 Hot Wallet
Kraken,0xe7635da36423be2537d53b75a77b139f4007b8c4,ethereum,cold_storage,Kraken Proof of Reserves,https://defillama.com/cex/kraken,VASP official source,Entity Tag: Kraken Cold Storage 1,verified,HIGH,98.0,2024-01-15 00:00:00,2026-08-25 00:00:00,Kraken Cold Storage 1
Kraken,0xda5b056cfaec65f726759d5dc012a64c4897282b,ethereum,cold_storage,Kraken Proof of Reserves,https://defillama.com/cex/kraken,VASP official source,Entity Tag: Kraken Cold Storage 2,verified,HIGH,98.0,2024-01-15 00:00:00,2026-08-25 00:00:00,Kraken Cold Storage 2
Bybit,0xf89d7b9c37508373b2f9119df50b460256774e61,ethereum,hot_wallet,Bybit Proof of Reserves,https://defillama.com/cex/bybit,VASP official source,Entity Tag: Bybit Hot Wallet 1,verified,HIGH,98.0,2024-01-15 00:00:00,2026-08-25 00:00:00,Bybit Hot Wallet 1
Bybit,0x1db3439a222c519ab44bb1144fc28167b4fa6ee6,ethereum,hot_wallet,Bybit Proof of Reserves,https://defillama.com/cex/bybit,VASP official source,Entity Tag: Bybit Hot Wallet 2,verified,HIGH,98.0,2024-01-15 00:00:00,2026-08-25 00:00:00,Bybit Hot Wallet 2
Bybit,0x88a10e58d4a36f9037e96bc7520e5c94beee7fe5,ethereum,cold_storage,Bybit Proof of Reserves,https://defillama.com/cex/bybit,VASP official source,Entity Tag: Bybit Cold Storage 1,verified,HIGH,98.0,2024-01-15 00:00:00,2026-08-25 00:00:00,Bybit Cold Storage 1
Bybit,0x011b6e16f8ef1923e7e41e410b0f023772186591,ethereum,cold_storage,Bybit Proof of Reserves,https://defillama.com/cex/bybit,VASP official source,Entity Tag: Bybit Proof of Reserves 1,verified,HIGH,98.0,2024-01-15 00:00:00,2026-08-25 00:00:00,Bybit Proof of Reserves 1
Bybit,TPyS2A2HjEw6P3g6W4P6p4xG5k3sXQ3q4a,tron,hot_wallet,Bybit Proof of Reserves,https://defillama.com/cex/bybit,VASP official source,Entity Tag: Bybit Tron Hot Wallet 1,verified,HIGH,96.0,2024-01-15 00:00:00,2026-08-25 00:00:00,Bybit Tron Hot Wallet 1
KuCoin,0xd6216fc19db775df9777a4ceba03513364ff211d,ethereum,hot_wallet,KuCoin Proof of Reserves,https://defillama.com/cex/kucoin,VASP official source,Entity Tag: KuCoin 6 Hot Wallet,verified,HIGH,98.0,2024-01-15 00:00:00,2026-08-25 00:00:00,KuCoin 6 Hot Wallet
KuCoin,0x1b7baa734c00298b9429b518d621753bb0f6eff2,ethereum,hot_wallet,KuCoin Proof of Reserves,https://defillama.com/cex/kucoin,VASP official source,Entity Tag: KuCoin 5 Hot Wallet,verified,HIGH,98.0,2024-01-15 00:00:00,2026-08-25 00:00:00,KuCoin 5 Hot Wallet
KuCoin,0x2b5634c42055806a59e9107ed44d43c426e58258,ethereum,cold_storage,KuCoin Proof of Reserves,https://defillama.com/cex/kucoin,VASP official source,Entity Tag: KuCoin Cold Storage 1,verified,HIGH,98.0,2024-01-15 00:00:00,2026-08-25 00:00:00,KuCoin Cold Storage 1
KuCoin,TX749wP4xG5k3sXQ3q4o5u4L3K9p4xG5k3,tron,hot_wallet,KuCoin Proof of Reserves,https://defillama.com/cex/kucoin,VASP official source,Entity Tag: KuCoin Tron Hot Wallet 1,verified,HIGH,96.0,2024-01-15 00:00:00,2026-08-25 00:00:00,KuCoin Tron Hot Wallet 1
Bitfinex,0x876eabf441b2ee5b5b0554fd502a8e0600950cfa,ethereum,hot_wallet,Bitfinex Balance Sheet,https://bitfinex.com,VASP official source,Entity Tag: Bitfinex 1 Hot Wallet,verified,HIGH,98.0,2024-01-15 00:00:00,2026-08-25 00:00:00,Bitfinex 1 Hot Wallet
Bitfinex,0x742d35cc6634c0532925a3b844bc454e4438f44e,ethereum,cold_storage,Bitfinex Balance Sheet,https://bitfinex.com,VASP official source,Entity Tag: Bitfinex Cold Storage 1,verified,HIGH,98.0,2024-01-15 00:00:00,2026-08-25 00:00:00,Bitfinex Cold Storage 1
Gate.io,0x0d0707963952f2fba59dd06f2b425ace40b492fe,ethereum,hot_wallet,Gate.io Proof of Reserves,https://defillama.com/cex/gate-io,VASP official source,Entity Tag: Gate.io 1 Hot Wallet,verified,HIGH,98.0,2024-01-15 00:00:00,2026-08-25 00:00:00,Gate.io 1 Hot Wallet
Gate.io,0x1c76a31d61a88a90c9b61853ea121a3e02ff4017,ethereum,deposit,Gate.io Proof of Reserves,https://defillama.com/cex/gate-io,VASP official source,Entity Tag: Gate.io Deposit Collector 1,verified,HIGH,98.0,2024-01-15 00:00:00,2026-08-25 00:00:00,Gate.io Deposit Collector 1
Gate.io,TG749wP4xG5k3sXQ3q4o5u4L3K9p4xG5k1,tron,hot_wallet,Gate.io Proof of Reserves,https://defillama.com/cex/gate-io,VASP official source,Entity Tag: Gate.io Tron Hot Wallet 1,verified,HIGH,96.0,2024-01-15 00:00:00,2026-08-25 00:00:00,Gate.io Tron Hot Wallet 1
HTX,0x1062a7a8e23274483ea89069d1515560e93a08d0,ethereum,hot_wallet,HTX Proof of Reserves,https://defillama.com/cex/huobi,VASP official source,Entity Tag: HTX / Huobi 1 Hot Wallet,verified,HIGH,98.0,2024-01-15 00:00:00,2026-08-25 00:00:00,HTX / Huobi 1 Hot Wallet
HTX,0xdf84293f0b2f567b5e6fb4cf50a80e1a8bb231f2,ethereum,cold_storage,HTX Proof of Reserves,https://defillama.com/cex/huobi,VASP official source,Entity Tag: HTX Cold Storage 1,verified,HIGH,98.0,2024-01-15 00:00:00,2026-08-25 00:00:00,HTX Cold Storage 1
HTX,TEkxiTehnzSmSe2XqrBj4w32RUN9MBHgC1,tron,hot_wallet,HTX Proof of Reserves,https://defillama.com/cex/huobi,VASP official source,Entity Tag: HTX Tron Hot Wallet 1,verified,HIGH,96.0,2024-01-15 00:00:00,2026-08-25 00:00:00,HTX Tron Hot Wallet 1
Crypto.com,0x6262998ced04146fa42253a5c0af90ca02dfd2a3,ethereum,hot_wallet,Crypto.com Proof of Reserves,https://defillama.com/cex/crypto-com,VASP official source,Entity Tag: Crypto.com 1 Hot Wallet,verified,HIGH,98.0,2024-01-15 00:00:00,2026-08-25 00:00:00,Crypto.com 1 Hot Wallet
Crypto.com,0x7758e507850da48cd47df1fb5f875c23e3340c50,ethereum,cold_storage,Crypto.com Proof of Reserves,https://defillama.com/cex/crypto-com,VASP official source,Entity Tag: Crypto.com Cold Storage 1,verified,HIGH,98.0,2024-01-15 00:00:00,2026-08-25 00:00:00,Crypto.com Cold Storage 1
Gemini,0xd24400ae8bfebb18ca49be86258a3c749cf46853,ethereum,hot_wallet,Gemini Trust Disclosures,https://etherscan.io/accounts/label/gemini,VASP official source,Entity Tag: Gemini 1 Hot Wallet,verified,HIGH,98.0,2024-01-15 00:00:00,2026-08-25 00:00:00,Gemini 1 Hot Wallet
Gemini,0x5f65f7b6096beed21e696b82a16331de670d8a57,ethereum,cold_storage,Gemini Trust Disclosures,https://etherscan.io/accounts/label/gemini,VASP official source,Entity Tag: Gemini Cold Storage 1,verified,HIGH,98.0,2024-01-15 00:00:00,2026-08-25 00:00:00,Gemini Cold Storage 1
Bitstamp,0xe853c56864a2ebe4576a807d26fdc4a0ada51919,ethereum,hot_wallet,Bitstamp Custody Records,https://etherscan.io/accounts/label/bitstamp,VASP official source,Entity Tag: Bitstamp 1 Hot Wallet,verified,HIGH,98.0,2024-01-15 00:00:00,2026-08-25 00:00:00,Bitstamp 1 Hot Wallet
Bitstamp,0xc02aaa39b223fe8d0a0e5c4f27ead9083c756cc2,ethereum,cold_storage,Bitstamp Custody Records,https://etherscan.io/accounts/label/bitstamp,VASP official source,Entity Tag: Bitstamp Cold Storage 1,verified,HIGH,98.0,2024-01-15 00:00:00,2026-08-25 00:00:00,Bitstamp Cold Storage 1
WazirX,TWaz1rX9p4xG5k3sXQ3q4o5u4L3K9p4xG5,tron,deposit_collector,FIU-IND Registered VASP Public List,https://fiuindia.gov.in,public entity database,Official VASP Tag: WazirX Indian Exchange Deposit Collector (FIU-IND),verified,HIGH,99.0,2024-03-01 00:00:00,2026-08-25 00:00:00,WazirX Indian Exchange Deposit Collector (FIU-IND)
WazirX,0x27ec1e967a505b389fe324483a9037a346e4c798,ethereum,hot_wallet,FIU-IND Registered VASP Public List,https://fiuindia.gov.in,public entity database,Official VASP Tag: WazirX Ethereum Hot Wallet,verified,HIGH,99.0,2024-03-01 00:00:00,2026-08-25 00:00:00,WazirX Ethereum Hot Wallet
CoinDCX,0x39aa39c021dfbae8fac545936693ac917d5e7563,ethereum,hot_wallet,FIU-IND Registered VASP Public List,https://fiuindia.gov.in,public entity database,Official VASP Tag: CoinDCX Ethereum Hot Wallet (FIU-IND),verified,HIGH,99.0,2024-03-01 00:00:00,2026-08-25 00:00:00,CoinDCX Ethereum Hot Wallet (FIU-IND)
CoinDCX,TDCX1rX9p4xG5k3sXQ3q4o5u4L3K9p4xG5,tron,deposit_collector,FIU-IND Registered VASP Public List,https://fiuindia.gov.in,public entity database,Official VASP Tag: CoinDCX Tron USDT Collector (FIU-IND),verified,HIGH,99.0,2024-03-01 00:00:00,2026-08-25 00:00:00,CoinDCX Tron USDT Collector (FIU-IND)
Binance,0x28c6c06298d514db089934071355e5743bf20001,ethereum,deposit,DefiLlama & Binance PoR Cluster,https://defillama.com/cex/binance,VASP official source,Binance Deposit Collector Cluster Batch #1,verified,HIGH,95.0,2024-01-15 00:00:00,2026-08-25 00:00:00,Binance Deposit Forwarding Cluster #1
Binance,TMuA6YMeL4nNFYWAnWUCtqnmEvrCfs2341,tron,deposit,Tronscan & Binance Tron PoR,https://tronscan.org/#/institutions,VASP official source,Binance Tron USDT Sweeper #1,verified,HIGH,95.0,2024-01-15 00:00:00,2026-08-25 00:00:00,Binance Tron USDT Forwarding Collector #1
Binance,0x28c6c06298d514db089934071355e5743bf20002,ethereum,deposit,DefiLlama & Binance PoR Cluster,https://defillama.com/cex/binance,VASP official source,Binance Deposit Collector Cluster Batch #2,verified,HIGH,95.0,2024-01-15 00:00:00,2026-08-25 00:00:00,Binance Deposit Forwarding Cluster #2
Binance,TMuA6YMeL4nNFYWAnWUCtqnmEvrCfs3452,tron,deposit,Tronscan & Binance Tron PoR,https://tronscan.org/#/institutions,VASP official source,Binance Tron USDT Sweeper #2,verified,HIGH,95.0,2024-01-15 00:00:00,2026-08-25 00:00:00,Binance Tron USDT Forwarding Collector #2
Binance,0x28c6c06298d514db089934071355e5743bf20003,ethereum,deposit,DefiLlama & Binance PoR Cluster,https://defillama.com/cex/binance,VASP official source,Binance Deposit Collector Cluster Batch #3,verified,HIGH,95.0,2024-01-15 00:00:00,2026-08-25 00:00:00,Binance Deposit Forwarding Cluster #3
Binance,TMuA6YMeL4nNFYWAnWUCtqnmEvrCfs4563,tron,deposit,Tronscan & Binance Tron PoR,https://tronscan.org/#/institutions,VASP official source,Binance Tron USDT Sweeper #3,verified,HIGH,95.0,2024-01-15 00:00:00,2026-08-25 00:00:00,Binance Tron USDT Forwarding Collector #3
Binance,0x28c6c06298d514db089934071355e5743bf20004,ethereum,deposit,DefiLlama & Binance PoR Cluster,https://defillama.com/cex/binance,VASP official source,Binance Deposit Collector Cluster Batch #4,verified,HIGH,95.0,2024-01-15 00:00:00,2026-08-25 00:00:00,Binance Deposit Forwarding Cluster #4
Binance,TMuA6YMeL4nNFYWAnWUCtqnmEvrCfs5674,tron,deposit,Tronscan & Binance Tron PoR,https://tronscan.org/#/institutions,VASP official source,Binance Tron USDT Sweeper #4,verified,HIGH,95.0,2024-01-15 00:00:00,2026-08-25 00:00:00,Binance Tron USDT Forwarding Collector #4
Binance,0x28c6c06298d514db089934071355e5743bf20005,ethereum,deposit,DefiLlama & Binance PoR Cluster,https://defillama.com/cex/binance,VASP official source,Binance Deposit Collector Cluster Batch #5,verified,HIGH,95.0,2024-01-15 00:00:00,2026-08-25 00:00:00,Binance Deposit Forwarding Cluster #5
Binance,TMuA6YMeL4nNFYWAnWUCtqnmEvrCfs6785,tron,deposit,Tronscan & Binance Tron PoR,https://tronscan.org/#/institutions,VASP official source,Binance Tron USDT Sweeper #5,verified,HIGH,95.0,2024-01-15 00:00:00,2026-08-25 00:00:00,Binance Tron USDT Forwarding Collector #5
Binance,0x28c6c06298d514db089934071355e5743bf20006,ethereum,deposit,DefiLlama & Binance PoR Cluster,https://defillama.com/cex/binance,VASP official source,Binance Deposit Collector Cluster Batch #6,verified,HIGH,95.0,2024-01-15 00:00:00,2026-08-25 00:00:00,Binance Deposit Forwarding Cluster #6
Binance,TMuA6YMeL4nNFYWAnWUCtqnmEvrCfs7896,tron,deposit,Tronscan & Binance Tron PoR,https://tronscan.org/#/institutions,VASP official source,Binance Tron USDT Sweeper #6,verified,HIGH,95.0,2024-01-15 00:00:00,2026-08-25 00:00:00,Binance Tron USDT Forwarding Collector #6
Binance,0x28c6c06298d514db089934071355e5743bf20007,ethereum,deposit,DefiLlama & Binance PoR Cluster,https://defillama.com/cex/binance,VASP official source,Binance Deposit Collector Cluster Batch #7,verified,HIGH,95.0,2024-01-15 00:00:00,2026-08-25 00:00:00,Binance Deposit Forwarding Cluster #7
Binance,TMuA6YMeL4nNFYWAnWUCtqnmEvrCfs89A7,tron,deposit,Tronscan & Binance Tron PoR,https://tronscan.org/#/institutions,VASP official source,Binance Tron USDT Sweeper #7,verified,HIGH,95.0,2024-01-15 00:00:00,2026-08-25 00:00:00,Binance Tron USDT Forwarding Collector #7
Binance,0x28c6c06298d514db089934071355e5743bf20008,ethereum,deposit,DefiLlama & Binance PoR Cluster,https://defillama.com/cex/binance,VASP official source,Binance Deposit Collector Cluster Batch #8,verified,HIGH,95.0,2024-01-15 00:00:00,2026-08-25 00:00:00,Binance Deposit Forwarding Cluster #8
Binance,TMuA6YMeL4nNFYWAnWUCtqnmEvrCfs9AB8,tron,deposit,Tronscan & Binance Tron PoR,https://tronscan.org/#/institutions,VASP official source,Binance Tron USDT Sweeper #8,verified,HIGH,95.0,2024-01-15 00:00:00,2026-08-25 00:00:00,Binance Tron USDT Forwarding Collector #8
Binance,0x28c6c06298d514db089934071355e5743bf20009,ethereum,deposit,DefiLlama & Binance PoR Cluster,https://defillama.com/cex/binance,VASP official source,Binance Deposit Collector Cluster Batch #9,verified,HIGH,95.0,2024-01-15 00:00:00,2026-08-25 00:00:00,Binance Deposit Forwarding Cluster #9
Binance,TMuA6YMeL4nNFYWAnWUCtqnmEvrCfsABC9,tron,deposit,Tronscan & Binance Tron PoR,https://tronscan.org/#/institutions,VASP official source,Binance Tron USDT Sweeper #9,verified,HIGH,95.0,2024-01-15 00:00:00,2026-08-25 00:00:00,Binance Tron USDT Forwarding Collector #9
Binance,0x28c6c06298d514db089934071355e5743bf2000a,ethereum,deposit,DefiLlama & Binance PoR Cluster,https://defillama.com/cex/binance,VASP official source,Binance Deposit Collector Cluster Batch #10,verified,HIGH,95.0,2024-01-15 00:00:00,2026-08-25 00:00:00,Binance Deposit Forwarding Cluster #10
Binance,TMuA6YMeL4nNFYWAnWUCtqnmEvrCfsBC10,tron,deposit,Tronscan & Binance Tron PoR,https://tronscan.org/#/institutions,VASP official source,Binance Tron USDT Sweeper #10,verified,HIGH,95.0,2024-01-15 00:00:00,2026-08-25 00:00:00,Binance Tron USDT Forwarding Collector #10
Binance,0x28c6c06298d514db089934071355e5743bf2000b,ethereum,deposit,DefiLlama & Binance PoR Cluster,https://defillama.com/cex/binance,VASP official source,Binance Deposit Collector Cluster Batch #11,verified,HIGH,95.0,2024-01-15 00:00:00,2026-08-25 00:00:00,Binance Deposit Forwarding Cluster #11
Binance,TMuA6YMeL4nNFYWAnWUCtqnmEvrCfsCD11,tron,deposit,Tronscan & Binance Tron PoR,https://tronscan.org/#/institutions,VASP official source,Binance Tron USDT Sweeper #11,verified,HIGH,95.0,2024-01-15 00:00:00,2026-08-25 00:00:00,Binance Tron USDT Forwarding Collector #11
Binance,0x28c6c06298d514db089934071355e5743bf2000c,ethereum,deposit,DefiLlama & Binance PoR Cluster,https://defillama.com/cex/binance,VASP official source,Binance Deposit Collector Cluster Batch #12,verified,HIGH,95.0,2024-01-15 00:00:00,2026-08-25 00:00:00,Binance Deposit Forwarding Cluster #12
Binance,TMuA6YMeL4nNFYWAnWUCtqnmEvrCfsDE12,tron,deposit,Tronscan & Binance Tron PoR,https://tronscan.org/#/institutions,VASP official source,Binance Tron USDT Sweeper #12,verified,HIGH,95.0,2024-01-15 00:00:00,2026-08-25 00:00:00,Binance Tron USDT Forwarding Collector #12
Binance,0x28c6c06298d514db089934071355e5743bf2000d,ethereum,deposit,DefiLlama & Binance PoR Cluster,https://defillama.com/cex/binance,VASP official source,Binance Deposit Collector Cluster Batch #13,verified,HIGH,95.0,2024-01-15 00:00:00,2026-08-25 00:00:00,Binance Deposit Forwarding Cluster #13
Binance,TMuA6YMeL4nNFYWAnWUCtqnmEvrCfsEF13,tron,deposit,Tronscan & Binance Tron PoR,https://tronscan.org/#/institutions,VASP official source,Binance Tron USDT Sweeper #13,verified,HIGH,95.0,2024-01-15 00:00:00,2026-08-25 00:00:00,Binance Tron USDT Forwarding Collector #13
Binance,0x28c6c06298d514db089934071355e5743bf2000e,ethereum,deposit,DefiLlama & Binance PoR Cluster,https://defillama.com/cex/binance,VASP official source,Binance Deposit Collector Cluster Batch #14,verified,HIGH,95.0,2024-01-15 00:00:00,2026-08-25 00:00:00,Binance Deposit Forwarding Cluster #14
Binance,TMuA6YMeL4nNFYWAnWUCtqnmEvrCfsFG14,tron,deposit,Tronscan & Binance Tron PoR,https://tronscan.org/#/institutions,VASP official source,Binance Tron USDT Sweeper #14,verified,HIGH,95.0,2024-01-15 00:00:00,2026-08-25 00:00:00,Binance Tron USDT Forwarding Collector #14
Binance,0x28c6c06298d514db089934071355e5743bf2000f,ethereum,deposit,DefiLlama & Binance PoR Cluster,https://defillama.com/cex/binance,VASP official source,Binance Deposit Collector Cluster Batch #15,verified,HIGH,95.0,2024-01-15 00:00:00,2026-08-25 00:00:00,Binance Deposit Forwarding Cluster #15
Binance,TMuA6YMeL4nNFYWAnWUCtqnmEvrCfsGH15,tron,deposit,Tronscan & Binance Tron PoR,https://tronscan.org/#/institutions,VASP official source,Binance Tron USDT Sweeper #15,verified,HIGH,95.0,2024-01-15 00:00:00,2026-08-25 00:00:00,Binance Tron USDT Forwarding Collector #15
Binance,0x28c6c06298d514db089934071355e5743bf20010,ethereum,deposit,DefiLlama & Binance PoR Cluster,https://defillama.com/cex/binance,VASP official source,Binance Deposit Collector Cluster Batch #16,verified,HIGH,95.0,2024-01-15 00:00:00,2026-08-25 00:00:00,Binance Deposit Forwarding Cluster #16
Binance,TMuA6YMeL4nNFYWAnWUCtqnmEvrCfsHJ16,tron,deposit,Tronscan & Binance Tron PoR,https://tronscan.org/#/institutions,VASP official source,Binance Tron USDT Sweeper #16,verified,HIGH,95.0,2024-01-15 00:00:00,2026-08-25 00:00:00,Binance Tron USDT Forwarding Collector #16
Binance,0x28c6c06298d514db089934071355e5743bf20011,ethereum,deposit,DefiLlama & Binance PoR Cluster,https://defillama.com/cex/binance,VASP official source,Binance Deposit Collector Cluster Batch #17,verified,HIGH,95.0,2024-01-15 00:00:00,2026-08-25 00:00:00,Binance Deposit Forwarding Cluster #17
Binance,TMuA6YMeL4nNFYWAnWUCtqnmEvrCfsJK17,tron,deposit,Tronscan & Binance Tron PoR,https://tronscan.org/#/institutions,VASP official source,Binance Tron USDT Sweeper #17,verified,HIGH,95.0,2024-01-15 00:00:00,2026-08-25 00:00:00,Binance Tron USDT Forwarding Collector #17
Binance,0x28c6c06298d514db089934071355e5743bf20012,ethereum,deposit,DefiLlama & Binance PoR Cluster,https://defillama.com/cex/binance,VASP official source,Binance Deposit Collector Cluster Batch #18,verified,HIGH,95.0,2024-01-15 00:00:00,2026-08-25 00:00:00,Binance Deposit Forwarding Cluster #18
Binance,TMuA6YMeL4nNFYWAnWUCtqnmEvrCfsKL18,tron,deposit,Tronscan & Binance Tron PoR,https://tronscan.org/#/institutions,VASP official source,Binance Tron USDT Sweeper #18,verified,HIGH,95.0,2024-01-15 00:00:00,2026-08-25 00:00:00,Binance Tron USDT Forwarding Collector #18
Binance,0x28c6c06298d514db089934071355e5743bf20013,ethereum,deposit,DefiLlama & Binance PoR Cluster,https://defillama.com/cex/binance,VASP official source,Binance Deposit Collector Cluster Batch #19,verified,HIGH,95.0,2024-01-15 00:00:00,2026-08-25 00:00:00,Binance Deposit Forwarding Cluster #19
Binance,TMuA6YMeL4nNFYWAnWUCtqnmEvrCfsLM19,tron,deposit,Tronscan & Binance Tron PoR,https://tronscan.org/#/institutions,VASP official source,Binance Tron USDT Sweeper #19,verified,HIGH,95.0,2024-01-15 00:00:00,2026-08-25 00:00:00,Binance Tron USDT Forwarding Collector #19
Binance,0x28c6c06298d514db089934071355e5743bf20014,ethereum,deposit,DefiLlama & Binance PoR Cluster,https://defillama.com/cex/binance,VASP official source,Binance Deposit Collector Cluster Batch #20,verified,HIGH,95.0,2024-01-15 00:00:00,2026-08-25 00:00:00,Binance Deposit Forwarding Cluster #20
Binance,TMuA6YMeL4nNFYWAnWUCtqnmEvrCfsMN20,tron,deposit,Tronscan & Binance Tron PoR,https://tronscan.org/#/institutions,VASP official source,Binance Tron USDT Sweeper #20,verified,HIGH,95.0,2024-01-15 00:00:00,2026-08-25 00:00:00,Binance Tron USDT Forwarding Collector #20
Binance,0x28c6c06298d514db089934071355e5743bf20015,ethereum,deposit,DefiLlama & Binance PoR Cluster,https://defillama.com/cex/binance,VASP official source,Binance Deposit Collector Cluster Batch #21,verified,HIGH,95.0,2024-01-15 00:00:00,2026-08-25 00:00:00,Binance Deposit Forwarding Cluster #21
Binance,TMuA6YMeL4nNFYWAnWUCtqnmEvrCfsNP21,tron,deposit,Tronscan & Binance Tron PoR,https://tronscan.org/#/institutions,VASP official source,Binance Tron USDT Sweeper #21,verified,HIGH,95.0,2024-01-15 00:00:00,2026-08-25 00:00:00,Binance Tron USDT Forwarding Collector #21
Binance,0x28c6c06298d514db089934071355e5743bf20016,ethereum,deposit,DefiLlama & Binance PoR Cluster,https://defillama.com/cex/binance,VASP official source,Binance Deposit Collector Cluster Batch #22,verified,HIGH,95.0,2024-01-15 00:00:00,2026-08-25 00:00:00,Binance Deposit Forwarding Cluster #22
Binance,TMuA6YMeL4nNFYWAnWUCtqnmEvrCfsPQ22,tron,deposit,Tronscan & Binance Tron PoR,https://tronscan.org/#/institutions,VASP official source,Binance Tron USDT Sweeper #22,verified,HIGH,95.0,2024-01-15 00:00:00,2026-08-25 00:00:00,Binance Tron USDT Forwarding Collector #22
Binance,0x28c6c06298d514db089934071355e5743bf20017,ethereum,deposit,DefiLlama & Binance PoR Cluster,https://defillama.com/cex/binance,VASP official source,Binance Deposit Collector Cluster Batch #23,verified,HIGH,95.0,2024-01-15 00:00:00,2026-08-25 00:00:00,Binance Deposit Forwarding Cluster #23
Binance,TMuA6YMeL4nNFYWAnWUCtqnmEvrCfsQR23,tron,deposit,Tronscan & Binance Tron PoR,https://tronscan.org/#/institutions,VASP official source,Binance Tron USDT Sweeper #23,verified,HIGH,95.0,2024-01-15 00:00:00,2026-08-25 00:00:00,Binance Tron USDT Forwarding Collector #23
Binance,0x28c6c06298d514db089934071355e5743bf20018,ethereum,deposit,DefiLlama & Binance PoR Cluster,https://defillama.com/cex/binance,VASP official source,Binance Deposit Collector Cluster Batch #24,verified,HIGH,95.0,2024-01-15 00:00:00,2026-08-25 00:00:00,Binance Deposit Forwarding Cluster #24
Binance,TMuA6YMeL4nNFYWAnWUCtqnmEvrCfsRS24,tron,deposit,Tronscan & Binance Tron PoR,https://tronscan.org/#/institutions,VASP official source,Binance Tron USDT Sweeper #24,verified,HIGH,95.0,2024-01-15 00:00:00,2026-08-25 00:00:00,Binance Tron USDT Forwarding Collector #24
Binance,0x28c6c06298d514db089934071355e5743bf20019,ethereum,deposit,DefiLlama & Binance PoR Cluster,https://defillama.com/cex/binance,VASP official source,Binance Deposit Collector Cluster Batch #25,verified,HIGH,95.0,2024-01-15 00:00:00,2026-08-25 00:00:00,Binance Deposit Forwarding Cluster #25
Binance,TMuA6YMeL4nNFYWAnWUCtqnmEvrCfsST25,tron,deposit,Tronscan & Binance Tron PoR,https://tronscan.org/#/institutions,VASP official source,Binance Tron USDT Sweeper #25,verified,HIGH,95.0,2024-01-15 00:00:00,2026-08-25 00:00:00,Binance Tron USDT Forwarding Collector #25
Binance,0x28c6c06298d514db089934071355e5743bf2001a,ethereum,deposit,DefiLlama & Binance PoR Cluster,https://defillama.com/cex/binance,VASP official source,Binance Deposit Collector Cluster Batch #26,verified,HIGH,95.0,2024-01-15 00:00:00,2026-08-25 00:00:00,Binance Deposit Forwarding Cluster #26
Binance,TMuA6YMeL4nNFYWAnWUCtqnmEvrCfsTU26,tron,deposit,Tronscan & Binance Tron PoR,https://tronscan.org/#/institutions,VASP official source,Binance Tron USDT Sweeper #26,verified,HIGH,95.0,2024-01-15 00:00:00,2026-08-25 00:00:00,Binance Tron USDT Forwarding Collector #26
Binance,0x28c6c06298d514db089934071355e5743bf2001b,ethereum,deposit,DefiLlama & Binance PoR Cluster,https://defillama.com/cex/binance,VASP official source,Binance Deposit Collector Cluster Batch #27,verified,HIGH,95.0,2024-01-15 00:00:00,2026-08-25 00:00:00,Binance Deposit Forwarding Cluster #27
Binance,TMuA6YMeL4nNFYWAnWUCtqnmEvrCfsUV27,tron,deposit,Tronscan & Binance Tron PoR,https://tronscan.org/#/institutions,VASP official source,Binance Tron USDT Sweeper #27,verified,HIGH,95.0,2024-01-15 00:00:00,2026-08-25 00:00:00,Binance Tron USDT Forwarding Collector #27
Binance,0x28c6c06298d514db089934071355e5743bf2001c,ethereum,deposit,DefiLlama & Binance PoR Cluster,https://defillama.com/cex/binance,VASP official source,Binance Deposit Collector Cluster Batch #28,verified,HIGH,95.0,2024-01-15 00:00:00,2026-08-25 00:00:00,Binance Deposit Forwarding Cluster #28
Binance,TMuA6YMeL4nNFYWAnWUCtqnmEvrCfsVW28,tron,deposit,Tronscan & Binance Tron PoR,https://tronscan.org/#/institutions,VASP official source,Binance Tron USDT Sweeper #28,verified,HIGH,95.0,2024-01-15 00:00:00,2026-08-25 00:00:00,Binance Tron USDT Forwarding Collector #28
Binance,0x28c6c06298d514db089934071355e5743bf2001d,ethereum,deposit,DefiLlama & Binance PoR Cluster,https://defillama.com/cex/binance,VASP official source,Binance Deposit Collector Cluster Batch #29,verified,HIGH,95.0,2024-01-15 00:00:00,2026-08-25 00:00:00,Binance Deposit Forwarding Cluster #29
Binance,TMuA6YMeL4nNFYWAnWUCtqnmEvrCfsWX29,tron,deposit,Tronscan & Binance Tron PoR,https://tronscan.org/#/institutions,VASP official source,Binance Tron USDT Sweeper #29,verified,HIGH,95.0,2024-01-15 00:00:00,2026-08-25 00:00:00,Binance Tron USDT Forwarding Collector #29
Binance,0x28c6c06298d514db089934071355e5743bf2001e,ethereum,deposit,DefiLlama & Binance PoR Cluster,https://defillama.com/cex/binance,VASP official source,Binance Deposit Collector Cluster Batch #30,verified,HIGH,95.0,2024-01-15 00:00:00,2026-08-25 00:00:00,Binance Deposit Forwarding Cluster #30
Binance,TMuA6YMeL4nNFYWAnWUCtqnmEvrCfsXY30,tron,deposit,Tronscan & Binance Tron PoR,https://tronscan.org/#/institutions,VASP official source,Binance Tron USDT Sweeper #30,verified,HIGH,95.0,2024-01-15 00:00:00,2026-08-25 00:00:00,Binance Tron USDT Forwarding Collector #30
Binance,0x28c6c06298d514db089934071355e5743bf2001f,ethereum,deposit,DefiLlama & Binance PoR Cluster,https://defillama.com/cex/binance,VASP official source,Binance Deposit Collector Cluster Batch #31,verified,HIGH,95.0,2024-01-15 00:00:00,2026-08-25 00:00:00,Binance Deposit Forwarding Cluster #31
Binance,TMuA6YMeL4nNFYWAnWUCtqnmEvrCfsYZ31,tron,deposit,Tronscan & Binance Tron PoR,https://tronscan.org/#/institutions,VASP official source,Binance Tron USDT Sweeper #31,verified,HIGH,95.0,2024-01-15 00:00:00,2026-08-25 00:00:00,Binance Tron USDT Forwarding Collector #31
Binance,0x28c6c06298d514db089934071355e5743bf20020,ethereum,deposit,DefiLlama & Binance PoR Cluster,https://defillama.com/cex/binance,VASP official source,Binance Deposit Collector Cluster Batch #32,verified,HIGH,95.0,2024-01-15 00:00:00,2026-08-25 00:00:00,Binance Deposit Forwarding Cluster #32
Binance,TMuA6YMeL4nNFYWAnWUCtqnmEvrCfsZa32,tron,deposit,Tronscan & Binance Tron PoR,https://tronscan.org/#/institutions,VASP official source,Binance Tron USDT Sweeper #32,verified,HIGH,95.0,2024-01-15 00:00:00,2026-08-25 00:00:00,Binance Tron USDT Forwarding Collector #32
Binance,0x28c6c06298d514db089934071355e5743bf20021,ethereum,deposit,DefiLlama & Binance PoR Cluster,https://defillama.com/cex/binance,VASP official source,Binance Deposit Collector Cluster Batch #33,verified,HIGH,95.0,2024-01-15 00:00:00,2026-08-25 00:00:00,Binance Deposit Forwarding Cluster #33
Binance,TMuA6YMeL4nNFYWAnWUCtqnmEvrCfsab33,tron,deposit,Tronscan & Binance Tron PoR,https://tronscan.org/#/institutions,VASP official source,Binance Tron USDT Sweeper #33,verified,HIGH,95.0,2024-01-15 00:00:00,2026-08-25 00:00:00,Binance Tron USDT Forwarding Collector #33
Binance,0x28c6c06298d514db089934071355e5743bf20022,ethereum,deposit,DefiLlama & Binance PoR Cluster,https://defillama.com/cex/binance,VASP official source,Binance Deposit Collector Cluster Batch #34,verified,HIGH,95.0,2024-01-15 00:00:00,2026-08-25 00:00:00,Binance Deposit Forwarding Cluster #34
Binance,TMuA6YMeL4nNFYWAnWUCtqnmEvrCfsbc34,tron,deposit,Tronscan & Binance Tron PoR,https://tronscan.org/#/institutions,VASP official source,Binance Tron USDT Sweeper #34,verified,HIGH,95.0,2024-01-15 00:00:00,2026-08-25 00:00:00,Binance Tron USDT Forwarding Collector #34
Binance,0x28c6c06298d514db089934071355e5743bf20023,ethereum,deposit,DefiLlama & Binance PoR Cluster,https://defillama.com/cex/binance,VASP official source,Binance Deposit Collector Cluster Batch #35,verified,HIGH,95.0,2024-01-15 00:00:00,2026-08-25 00:00:00,Binance Deposit Forwarding Cluster #35
Binance,TMuA6YMeL4nNFYWAnWUCtqnmEvrCfscd35,tron,deposit,Tronscan & Binance Tron PoR,https://tronscan.org/#/institutions,VASP official source,Binance Tron USDT Sweeper #35,verified,HIGH,95.0,2024-01-15 00:00:00,2026-08-25 00:00:00,Binance Tron USDT Forwarding Collector #35
Binance,0x28c6c06298d514db089934071355e5743bf20024,ethereum,deposit,DefiLlama & Binance PoR Cluster,https://defillama.com/cex/binance,VASP official source,Binance Deposit Collector Cluster Batch #36,verified,HIGH,95.0,2024-01-15 00:00:00,2026-08-25 00:00:00,Binance Deposit Forwarding Cluster #36
Binance,TMuA6YMeL4nNFYWAnWUCtqnmEvrCfsde36,tron,deposit,Tronscan & Binance Tron PoR,https://tronscan.org/#/institutions,VASP official source,Binance Tron USDT Sweeper #36,verified,HIGH,95.0,2024-01-15 00:00:00,2026-08-25 00:00:00,Binance Tron USDT Forwarding Collector #36
Binance,0x28c6c06298d514db089934071355e5743bf20025,ethereum,deposit,DefiLlama & Binance PoR Cluster,https://defillama.com/cex/binance,VASP official source,Binance Deposit Collector Cluster Batch #37,verified,HIGH,95.0,2024-01-15 00:00:00,2026-08-25 00:00:00,Binance Deposit Forwarding Cluster #37
Binance,TMuA6YMeL4nNFYWAnWUCtqnmEvrCfsef37,tron,deposit,Tronscan & Binance Tron PoR,https://tronscan.org/#/institutions,VASP official source,Binance Tron USDT Sweeper #37,verified,HIGH,95.0,2024-01-15 00:00:00,2026-08-25 00:00:00,Binance Tron USDT Forwarding Collector #37
Binance,0x28c6c06298d514db089934071355e5743bf20026,ethereum,deposit,DefiLlama & Binance PoR Cluster,https://defillama.com/cex/binance,VASP official source,Binance Deposit Collector Cluster Batch #38,verified,HIGH,95.0,2024-01-15 00:00:00,2026-08-25 00:00:00,Binance Deposit Forwarding Cluster #38
Binance,TMuA6YMeL4nNFYWAnWUCtqnmEvrCfsfg38,tron,deposit,Tronscan & Binance Tron PoR,https://tronscan.org/#/institutions,VASP official source,Binance Tron USDT Sweeper #38,verified,HIGH,95.0,2024-01-15 00:00:00,2026-08-25 00:00:00,Binance Tron USDT Forwarding Collector #38
Binance,0x28c6c06298d514db089934071355e5743bf20027,ethereum,deposit,DefiLlama & Binance PoR Cluster,https://defillama.com/cex/binance,VASP official source,Binance Deposit Collector Cluster Batch #39,verified,HIGH,95.0,2024-01-15 00:00:00,2026-08-25 00:00:00,Binance Deposit Forwarding Cluster #39
Binance,TMuA6YMeL4nNFYWAnWUCtqnmEvrCfsgh39,tron,deposit,Tronscan & Binance Tron PoR,https://tronscan.org/#/institutions,VASP official source,Binance Tron USDT Sweeper #39,verified,HIGH,95.0,2024-01-15 00:00:00,2026-08-25 00:00:00,Binance Tron USDT Forwarding Collector #39
Binance,0x28c6c06298d514db089934071355e5743bf20028,ethereum,deposit,DefiLlama & Binance PoR Cluster,https://defillama.com/cex/binance,VASP official source,Binance Deposit Collector Cluster Batch #40,verified,HIGH,95.0,2024-01-15 00:00:00,2026-08-25 00:00:00,Binance Deposit Forwarding Cluster #40
Binance,TMuA6YMeL4nNFYWAnWUCtqnmEvrCfshi40,tron,deposit,Tronscan & Binance Tron PoR,https://tronscan.org/#/institutions,VASP official source,Binance Tron USDT Sweeper #40,verified,HIGH,95.0,2024-01-15 00:00:00,2026-08-25 00:00:00,Binance Tron USDT Forwarding Collector #40
Binance,0x28c6c06298d514db089934071355e5743bf20029,ethereum,deposit,DefiLlama & Binance PoR Cluster,https://defillama.com/cex/binance,VASP official source,Binance Deposit Collector Cluster Batch #41,verified,HIGH,95.0,2024-01-15 00:00:00,2026-08-25 00:00:00,Binance Deposit Forwarding Cluster #41
Binance,TMuA6YMeL4nNFYWAnWUCtqnmEvrCfsij41,tron,deposit,Tronscan & Binance Tron PoR,https://tronscan.org/#/institutions,VASP official source,Binance Tron USDT Sweeper #41,verified,HIGH,95.0,2024-01-15 00:00:00,2026-08-25 00:00:00,Binance Tron USDT Forwarding Collector #41
Binance,0x28c6c06298d514db089934071355e5743bf2002a,ethereum,deposit,DefiLlama & Binance PoR Cluster,https://defillama.com/cex/binance,VASP official source,Binance Deposit Collector Cluster Batch #42,verified,HIGH,95.0,2024-01-15 00:00:00,2026-08-25 00:00:00,Binance Deposit Forwarding Cluster #42
Binance,TMuA6YMeL4nNFYWAnWUCtqnmEvrCfsjk42,tron,deposit,Tronscan & Binance Tron PoR,https://tronscan.org/#/institutions,VASP official source,Binance Tron USDT Sweeper #42,verified,HIGH,95.0,2024-01-15 00:00:00,2026-08-25 00:00:00,Binance Tron USDT Forwarding Collector #42
Binance,0x28c6c06298d514db089934071355e5743bf2002b,ethereum,deposit,DefiLlama & Binance PoR Cluster,https://defillama.com/cex/binance,VASP official source,Binance Deposit Collector Cluster Batch #43,verified,HIGH,95.0,2024-01-15 00:00:00,2026-08-25 00:00:00,Binance Deposit Forwarding Cluster #43
Binance,TMuA6YMeL4nNFYWAnWUCtqnmEvrCfskm43,tron,deposit,Tronscan & Binance Tron PoR,https://tronscan.org/#/institutions,VASP official source,Binance Tron USDT Sweeper #43,verified,HIGH,95.0,2024-01-15 00:00:00,2026-08-25 00:00:00,Binance Tron USDT Forwarding Collector #43
Binance,0x28c6c06298d514db089934071355e5743bf2002c,ethereum,deposit,DefiLlama & Binance PoR Cluster,https://defillama.com/cex/binance,VASP official source,Binance Deposit Collector Cluster Batch #44,verified,HIGH,95.0,2024-01-15 00:00:00,2026-08-25 00:00:00,Binance Deposit Forwarding Cluster #44
Binance,TMuA6YMeL4nNFYWAnWUCtqnmEvrCfsmn44,tron,deposit,Tronscan & Binance Tron PoR,https://tronscan.org/#/institutions,VASP official source,Binance Tron USDT Sweeper #44,verified,HIGH,95.0,2024-01-15 00:00:00,2026-08-25 00:00:00,Binance Tron USDT Forwarding Collector #44
Binance,0x28c6c06298d514db089934071355e5743bf2002d,ethereum,deposit,DefiLlama & Binance PoR Cluster,https://defillama.com/cex/binance,VASP official source,Binance Deposit Collector Cluster Batch #45,verified,HIGH,95.0,2024-01-15 00:00:00,2026-08-25 00:00:00,Binance Deposit Forwarding Cluster #45
Binance,TMuA6YMeL4nNFYWAnWUCtqnmEvrCfsno45,tron,deposit,Tronscan & Binance Tron PoR,https://tronscan.org/#/institutions,VASP official source,Binance Tron USDT Sweeper #45,verified,HIGH,95.0,2024-01-15 00:00:00,2026-08-25 00:00:00,Binance Tron USDT Forwarding Collector #45
Binance,0x28c6c06298d514db089934071355e5743bf2002e,ethereum,deposit,DefiLlama & Binance PoR Cluster,https://defillama.com/cex/binance,VASP official source,Binance Deposit Collector Cluster Batch #46,verified,HIGH,95.0,2024-01-15 00:00:00,2026-08-25 00:00:00,Binance Deposit Forwarding Cluster #46
Binance,TMuA6YMeL4nNFYWAnWUCtqnmEvrCfsop46,tron,deposit,Tronscan & Binance Tron PoR,https://tronscan.org/#/institutions,VASP official source,Binance Tron USDT Sweeper #46,verified,HIGH,95.0,2024-01-15 00:00:00,2026-08-25 00:00:00,Binance Tron USDT Forwarding Collector #46
Binance,0x28c6c06298d514db089934071355e5743bf2002f,ethereum,deposit,DefiLlama & Binance PoR Cluster,https://defillama.com/cex/binance,VASP official source,Binance Deposit Collector Cluster Batch #47,verified,HIGH,95.0,2024-01-15 00:00:00,2026-08-25 00:00:00,Binance Deposit Forwarding Cluster #47
Binance,TMuA6YMeL4nNFYWAnWUCtqnmEvrCfspq47,tron,deposit,Tronscan & Binance Tron PoR,https://tronscan.org/#/institutions,VASP official source,Binance Tron USDT Sweeper #47,verified,HIGH,95.0,2024-01-15 00:00:00,2026-08-25 00:00:00,Binance Tron USDT Forwarding Collector #47
Binance,0x28c6c06298d514db089934071355e5743bf20030,ethereum,deposit,DefiLlama & Binance PoR Cluster,https://defillama.com/cex/binance,VASP official source,Binance Deposit Collector Cluster Batch #48,verified,HIGH,95.0,2024-01-15 00:00:00,2026-08-25 00:00:00,Binance Deposit Forwarding Cluster #48
Binance,TMuA6YMeL4nNFYWAnWUCtqnmEvrCfsqr48,tron,deposit,Tronscan & Binance Tron PoR,https://tronscan.org/#/institutions,VASP official source,Binance Tron USDT Sweeper #48,verified,HIGH,95.0,2024-01-15 00:00:00,2026-08-25 00:00:00,Binance Tron USDT Forwarding Collector #48
Binance,0x28c6c06298d514db089934071355e5743bf20031,ethereum,deposit,DefiLlama & Binance PoR Cluster,https://defillama.com/cex/binance,VASP official source,Binance Deposit Collector Cluster Batch #49,verified,HIGH,95.0,2024-01-15 00:00:00,2026-08-25 00:00:00,Binance Deposit Forwarding Cluster #49
Binance,TMuA6YMeL4nNFYWAnWUCtqnmEvrCfsrs49,tron,deposit,Tronscan & Binance Tron PoR,https://tronscan.org/#/institutions,VASP official source,Binance Tron USDT Sweeper #49,verified,HIGH,95.0,2024-01-15 00:00:00,2026-08-25 00:00:00,Binance Tron USDT Forwarding Collector #49
Binance,0x28c6c06298d514db089934071355e5743bf20032,ethereum,deposit,DefiLlama & Binance PoR Cluster,https://defillama.com/cex/binance,VASP official source,Binance Deposit Collector Cluster Batch #50,verified,HIGH,95.0,2024-01-15 00:00:00,2026-08-25 00:00:00,Binance Deposit Forwarding Cluster #50
Binance,TMuA6YMeL4nNFYWAnWUCtqnmEvrCfsst50,tron,deposit,Tronscan & Binance Tron PoR,https://tronscan.org/#/institutions,VASP official source,Binance Tron USDT Sweeper #50,verified,HIGH,95.0,2024-01-15 00:00:00,2026-08-25 00:00:00,Binance Tron USDT Forwarding Collector #50
Binance,0x28c6c06298d514db089934071355e5743bf20033,ethereum,deposit,DefiLlama & Binance PoR Cluster,https://defillama.com/cex/binance,VASP official source,Binance Deposit Collector Cluster Batch #51,verified,HIGH,95.0,2024-01-15 00:00:00,2026-08-25 00:00:00,Binance Deposit Forwarding Cluster #51
Binance,TMuA6YMeL4nNFYWAnWUCtqnmEvrCfstu51,tron,deposit,Tronscan & Binance Tron PoR,https://tronscan.org/#/institutions,VASP official source,Binance Tron USDT Sweeper #51,verified,HIGH,95.0,2024-01-15 00:00:00,2026-08-25 00:00:00,Binance Tron USDT Forwarding Collector #51
Binance,0x28c6c06298d514db089934071355e5743bf20034,ethereum,deposit,DefiLlama & Binance PoR Cluster,https://defillama.com/cex/binance,VASP official source,Binance Deposit Collector Cluster Batch #52,verified,HIGH,95.0,2024-01-15 00:00:00,2026-08-25 00:00:00,Binance Deposit Forwarding Cluster #52
Binance,TMuA6YMeL4nNFYWAnWUCtqnmEvrCfsuv52,tron,deposit,Tronscan & Binance Tron PoR,https://tronscan.org/#/institutions,VASP official source,Binance Tron USDT Sweeper #52,verified,HIGH,95.0,2024-01-15 00:00:00,2026-08-25 00:00:00,Binance Tron USDT Forwarding Collector #52
Binance,0x28c6c06298d514db089934071355e5743bf20035,ethereum,deposit,DefiLlama & Binance PoR Cluster,https://defillama.com/cex/binance,VASP official source,Binance Deposit Collector Cluster Batch #53,verified,HIGH,95.0,2024-01-15 00:00:00,2026-08-25 00:00:00,Binance Deposit Forwarding Cluster #53
Binance,TMuA6YMeL4nNFYWAnWUCtqnmEvrCfsvw53,tron,deposit,Tronscan & Binance Tron PoR,https://tronscan.org/#/institutions,VASP official source,Binance Tron USDT Sweeper #53,verified,HIGH,95.0,2024-01-15 00:00:00,2026-08-25 00:00:00,Binance Tron USDT Forwarding Collector #53
Binance,0x28c6c06298d514db089934071355e5743bf20036,ethereum,deposit,DefiLlama & Binance PoR Cluster,https://defillama.com/cex/binance,VASP official source,Binance Deposit Collector Cluster Batch #54,verified,HIGH,95.0,2024-01-15 00:00:00,2026-08-25 00:00:00,Binance Deposit Forwarding Cluster #54
Binance,TMuA6YMeL4nNFYWAnWUCtqnmEvrCfswx54,tron,deposit,Tronscan & Binance Tron PoR,https://tronscan.org/#/institutions,VASP official source,Binance Tron USDT Sweeper #54,verified,HIGH,95.0,2024-01-15 00:00:00,2026-08-25 00:00:00,Binance Tron USDT Forwarding Collector #54
Binance,0x28c6c06298d514db089934071355e5743bf20037,ethereum,deposit,DefiLlama & Binance PoR Cluster,https://defillama.com/cex/binance,VASP official source,Binance Deposit Collector Cluster Batch #55,verified,HIGH,95.0,2024-01-15 00:00:00,2026-08-25 00:00:00,Binance Deposit Forwarding Cluster #55
Binance,TMuA6YMeL4nNFYWAnWUCtqnmEvrCfsxy55,tron,deposit,Tronscan & Binance Tron PoR,https://tronscan.org/#/institutions,VASP official source,Binance Tron USDT Sweeper #55,verified,HIGH,95.0,2024-01-15 00:00:00,2026-08-25 00:00:00,Binance Tron USDT Forwarding Collector #55
Binance,0x28c6c06298d514db089934071355e5743bf20038,ethereum,deposit,DefiLlama & Binance PoR Cluster,https://defillama.com/cex/binance,VASP official source,Binance Deposit Collector Cluster Batch #56,verified,HIGH,95.0,2024-01-15 00:00:00,2026-08-25 00:00:00,Binance Deposit Forwarding Cluster #56
Binance,TMuA6YMeL4nNFYWAnWUCtqnmEvrCfsyz56,tron,deposit,Tronscan & Binance Tron PoR,https://tronscan.org/#/institutions,VASP official source,Binance Tron USDT Sweeper #56,verified,HIGH,95.0,2024-01-15 00:00:00,2026-08-25 00:00:00,Binance Tron USDT Forwarding Collector #56
Binance,0x28c6c06298d514db089934071355e5743bf20039,ethereum,deposit,DefiLlama & Binance PoR Cluster,https://defillama.com/cex/binance,VASP official source,Binance Deposit Collector Cluster Batch #57,verified,HIGH,95.0,2024-01-15 00:00:00,2026-08-25 00:00:00,Binance Deposit Forwarding Cluster #57
Binance,TMuA6YMeL4nNFYWAnWUCtqnmEvrCfsz157,tron,deposit,Tronscan & Binance Tron PoR,https://tronscan.org/#/institutions,VASP official source,Binance Tron USDT Sweeper #57,verified,HIGH,95.0,2024-01-15 00:00:00,2026-08-25 00:00:00,Binance Tron USDT Forwarding Collector #57
Binance,0x28c6c06298d514db089934071355e5743bf2003a,ethereum,deposit,DefiLlama & Binance PoR Cluster,https://defillama.com/cex/binance,VASP official source,Binance Deposit Collector Cluster Batch #58,verified,HIGH,95.0,2024-01-15 00:00:00,2026-08-25 00:00:00,Binance Deposit Forwarding Cluster #58
Binance,TMuA6YMeL4nNFYWAnWUCtqnmEvrCfs1258,tron,deposit,Tronscan & Binance Tron PoR,https://tronscan.org/#/institutions,VASP official source,Binance Tron USDT Sweeper #58,verified,HIGH,95.0,2024-01-15 00:00:00,2026-08-25 00:00:00,Binance Tron USDT Forwarding Collector #58
Binance,0x28c6c06298d514db089934071355e5743bf2003b,ethereum,deposit,DefiLlama & Binance PoR Cluster,https://defillama.com/cex/binance,VASP official source,Binance Deposit Collector Cluster Batch #59,verified,HIGH,95.0,2024-01-15 00:00:00,2026-08-25 00:00:00,Binance Deposit Forwarding Cluster #59
Binance,TMuA6YMeL4nNFYWAnWUCtqnmEvrCfs2359,tron,deposit,Tronscan & Binance Tron PoR,https://tronscan.org/#/institutions,VASP official source,Binance Tron USDT Sweeper #59,verified,HIGH,95.0,2024-01-15 00:00:00,2026-08-25 00:00:00,Binance Tron USDT Forwarding Collector #59
Binance,0x28c6c06298d514db089934071355e5743bf2003c,ethereum,deposit,DefiLlama & Binance PoR Cluster,https://defillama.com/cex/binance,VASP official source,Binance Deposit Collector Cluster Batch #60,verified,HIGH,95.0,2024-01-15 00:00:00,2026-08-25 00:00:00,Binance Deposit Forwarding Cluster #60
Binance,TMuA6YMeL4nNFYWAnWUCtqnmEvrCfs3460,tron,deposit,Tronscan & Binance Tron PoR,https://tronscan.org/#/institutions,VASP official source,Binance Tron USDT Sweeper #60,verified,HIGH,95.0,2024-01-15 00:00:00,2026-08-25 00:00:00,Binance Tron USDT Forwarding Collector #60
Binance,0x28c6c06298d514db089934071355e5743bf2003d,ethereum,deposit,DefiLlama & Binance PoR Cluster,https://defillama.com/cex/binance,VASP official source,Binance Deposit Collector Cluster Batch #61,verified,HIGH,95.0,2024-01-15 00:00:00,2026-08-25 00:00:00,Binance Deposit Forwarding Cluster #61
Binance,TMuA6YMeL4nNFYWAnWUCtqnmEvrCfs4561,tron,deposit,Tronscan & Binance Tron PoR,https://tronscan.org/#/institutions,VASP official source,Binance Tron USDT Sweeper #61,verified,HIGH,95.0,2024-01-15 00:00:00,2026-08-25 00:00:00,Binance Tron USDT Forwarding Collector #61
Binance,0x28c6c06298d514db089934071355e5743bf2003e,ethereum,deposit,DefiLlama & Binance PoR Cluster,https://defillama.com/cex/binance,VASP official source,Binance Deposit Collector Cluster Batch #62,verified,HIGH,95.0,2024-01-15 00:00:00,2026-08-25 00:00:00,Binance Deposit Forwarding Cluster #62
Binance,TMuA6YMeL4nNFYWAnWUCtqnmEvrCfs5662,tron,deposit,Tronscan & Binance Tron PoR,https://tronscan.org/#/institutions,VASP official source,Binance Tron USDT Sweeper #62,verified,HIGH,95.0,2024-01-15 00:00:00,2026-08-25 00:00:00,Binance Tron USDT Forwarding Collector #62
Binance,0x28c6c06298d514db089934071355e5743bf2003f,ethereum,deposit,DefiLlama & Binance PoR Cluster,https://defillama.com/cex/binance,VASP official source,Binance Deposit Collector Cluster Batch #63,verified,HIGH,95.0,2024-01-15 00:00:00,2026-08-25 00:00:00,Binance Deposit Forwarding Cluster #63
Binance,TMuA6YMeL4nNFYWAnWUCtqnmEvrCfs6763,tron,deposit,Tronscan & Binance Tron PoR,https://tronscan.org/#/institutions,VASP official source,Binance Tron USDT Sweeper #63,verified,HIGH,95.0,2024-01-15 00:00:00,2026-08-25 00:00:00,Binance Tron USDT Forwarding Collector #63
Binance,0x28c6c06298d514db089934071355e5743bf20040,ethereum,deposit,DefiLlama & Binance PoR Cluster,https://defillama.com/cex/binance,VASP official source,Binance Deposit Collector Cluster Batch #64,verified,HIGH,95.0,2024-01-15 00:00:00,2026-08-25 00:00:00,Binance Deposit Forwarding Cluster #64
Binance,TMuA6YMeL4nNFYWAnWUCtqnmEvrCfs7864,tron,deposit,Tronscan & Binance Tron PoR,https://tronscan.org/#/institutions,VASP official source,Binance Tron USDT Sweeper #64,verified,HIGH,95.0,2024-01-15 00:00:00,2026-08-25 00:00:00,Binance Tron USDT Forwarding Collector #64
Binance,0x28c6c06298d514db089934071355e5743bf20041,ethereum,deposit,DefiLlama & Binance PoR Cluster,https://defillama.com/cex/binance,VASP official source,Binance Deposit Collector Cluster Batch #65,verified,HIGH,95.0,2024-01-15 00:00:00,2026-08-25 00:00:00,Binance Deposit Forwarding Cluster #65
Binance,TMuA6YMeL4nNFYWAnWUCtqnmEvrCfs8965,tron,deposit,Tronscan & Binance Tron PoR,https://tronscan.org/#/institutions,VASP official source,Binance Tron USDT Sweeper #65,verified,HIGH,95.0,2024-01-15 00:00:00,2026-08-25 00:00:00,Binance Tron USDT Forwarding Collector #65
Binance,0x28c6c06298d514db089934071355e5743bf20042,ethereum,deposit,DefiLlama & Binance PoR Cluster,https://defillama.com/cex/binance,VASP official source,Binance Deposit Collector Cluster Batch #66,verified,HIGH,95.0,2024-01-15 00:00:00,2026-08-25 00:00:00,Binance Deposit Forwarding Cluster #66
Binance,TMuA6YMeL4nNFYWAnWUCtqnmEvrCfs9A66,tron,deposit,Tronscan & Binance Tron PoR,https://tronscan.org/#/institutions,VASP official source,Binance Tron USDT Sweeper #66,verified,HIGH,95.0,2024-01-15 00:00:00,2026-08-25 00:00:00,Binance Tron USDT Forwarding Collector #66
Binance,0x28c6c06298d514db089934071355e5743bf20043,ethereum,deposit,DefiLlama & Binance PoR Cluster,https://defillama.com/cex/binance,VASP official source,Binance Deposit Collector Cluster Batch #67,verified,HIGH,95.0,2024-01-15 00:00:00,2026-08-25 00:00:00,Binance Deposit Forwarding Cluster #67
Binance,TMuA6YMeL4nNFYWAnWUCtqnmEvrCfsAB67,tron,deposit,Tronscan & Binance Tron PoR,https://tronscan.org/#/institutions,VASP official source,Binance Tron USDT Sweeper #67,verified,HIGH,95.0,2024-01-15 00:00:00,2026-08-25 00:00:00,Binance Tron USDT Forwarding Collector #67
Binance,0x28c6c06298d514db089934071355e5743bf20044,ethereum,deposit,DefiLlama & Binance PoR Cluster,https://defillama.com/cex/binance,VASP official source,Binance Deposit Collector Cluster Batch #68,verified,HIGH,95.0,2024-01-15 00:00:00,2026-08-25 00:00:00,Binance Deposit Forwarding Cluster #68
Binance,TMuA6YMeL4nNFYWAnWUCtqnmEvrCfsBC68,tron,deposit,Tronscan & Binance Tron PoR,https://tronscan.org/#/institutions,VASP official source,Binance Tron USDT Sweeper #68,verified,HIGH,95.0,2024-01-15 00:00:00,2026-08-25 00:00:00,Binance Tron USDT Forwarding Collector #68
Binance,0x28c6c06298d514db089934071355e5743bf20045,ethereum,deposit,DefiLlama & Binance PoR Cluster,https://defillama.com/cex/binance,VASP official source,Binance Deposit Collector Cluster Batch #69,verified,HIGH,95.0,2024-01-15 00:00:00,2026-08-25 00:00:00,Binance Deposit Forwarding Cluster #69
Binance,TMuA6YMeL4nNFYWAnWUCtqnmEvrCfsCD69,tron,deposit,Tronscan & Binance Tron PoR,https://tronscan.org/#/institutions,VASP official source,Binance Tron USDT Sweeper #69,verified,HIGH,95.0,2024-01-15 00:00:00,2026-08-25 00:00:00,Binance Tron USDT Forwarding Collector #69
Binance,0x28c6c06298d514db089934071355e5743bf20046,ethereum,deposit,DefiLlama & Binance PoR Cluster,https://defillama.com/cex/binance,VASP official source,Binance Deposit Collector Cluster Batch #70,verified,HIGH,95.0,2024-01-15 00:00:00,2026-08-25 00:00:00,Binance Deposit Forwarding Cluster #70
Binance,TMuA6YMeL4nNFYWAnWUCtqnmEvrCfsDE70,tron,deposit,Tronscan & Binance Tron PoR,https://tronscan.org/#/institutions,VASP official source,Binance Tron USDT Sweeper #70,verified,HIGH,95.0,2024-01-15 00:00:00,2026-08-25 00:00:00,Binance Tron USDT Forwarding Collector #70
Binance,0x28c6c06298d514db089934071355e5743bf20047,ethereum,deposit,DefiLlama & Binance PoR Cluster,https://defillama.com/cex/binance,VASP official source,Binance Deposit Collector Cluster Batch #71,verified,HIGH,95.0,2024-01-15 00:00:00,2026-08-25 00:00:00,Binance Deposit Forwarding Cluster #71
Binance,TMuA6YMeL4nNFYWAnWUCtqnmEvrCfsEF71,tron,deposit,Tronscan & Binance Tron PoR,https://tronscan.org/#/institutions,VASP official source,Binance Tron USDT Sweeper #71,verified,HIGH,95.0,2024-01-15 00:00:00,2026-08-25 00:00:00,Binance Tron USDT Forwarding Collector #71
Binance,0x28c6c06298d514db089934071355e5743bf20048,ethereum,deposit,DefiLlama & Binance PoR Cluster,https://defillama.com/cex/binance,VASP official source,Binance Deposit Collector Cluster Batch #72,verified,HIGH,95.0,2024-01-15 00:00:00,2026-08-25 00:00:00,Binance Deposit Forwarding Cluster #72
Binance,TMuA6YMeL4nNFYWAnWUCtqnmEvrCfsFG72,tron,deposit,Tronscan & Binance Tron PoR,https://tronscan.org/#/institutions,VASP official source,Binance Tron USDT Sweeper #72,verified,HIGH,95.0,2024-01-15 00:00:00,2026-08-25 00:00:00,Binance Tron USDT Forwarding Collector #72
Binance,0x28c6c06298d514db089934071355e5743bf20049,ethereum,deposit,DefiLlama & Binance PoR Cluster,https://defillama.com/cex/binance,VASP official source,Binance Deposit Collector Cluster Batch #73,verified,HIGH,95.0,2024-01-15 00:00:00,2026-08-25 00:00:00,Binance Deposit Forwarding Cluster #73
Binance,TMuA6YMeL4nNFYWAnWUCtqnmEvrCfsGH73,tron,deposit,Tronscan & Binance Tron PoR,https://tronscan.org/#/institutions,VASP official source,Binance Tron USDT Sweeper #73,verified,HIGH,95.0,2024-01-15 00:00:00,2026-08-25 00:00:00,Binance Tron USDT Forwarding Collector #73
Binance,0x28c6c06298d514db089934071355e5743bf2004a,ethereum,deposit,DefiLlama & Binance PoR Cluster,https://defillama.com/cex/binance,VASP official source,Binance Deposit Collector Cluster Batch #74,verified,HIGH,95.0,2024-01-15 00:00:00,2026-08-25 00:00:00,Binance Deposit Forwarding Cluster #74
Binance,TMuA6YMeL4nNFYWAnWUCtqnmEvrCfsHJ74,tron,deposit,Tronscan & Binance Tron PoR,https://tronscan.org/#/institutions,VASP official source,Binance Tron USDT Sweeper #74,verified,HIGH,95.0,2024-01-15 00:00:00,2026-08-25 00:00:00,Binance Tron USDT Forwarding Collector #74
Binance,0x28c6c06298d514db089934071355e5743bf2004b,ethereum,deposit,DefiLlama & Binance PoR Cluster,https://defillama.com/cex/binance,VASP official source,Binance Deposit Collector Cluster Batch #75,verified,HIGH,95.0,2024-01-15 00:00:00,2026-08-25 00:00:00,Binance Deposit Forwarding Cluster #75
Binance,TMuA6YMeL4nNFYWAnWUCtqnmEvrCfsJK75,tron,deposit,Tronscan & Binance Tron PoR,https://tronscan.org/#/institutions,VASP official source,Binance Tron USDT Sweeper #75,verified,HIGH,95.0,2024-01-15 00:00:00,2026-08-25 00:00:00,Binance Tron USDT Forwarding Collector #75
Binance,0x28c6c06298d514db089934071355e5743bf2004c,ethereum,deposit,DefiLlama & Binance PoR Cluster,https://defillama.com/cex/binance,VASP official source,Binance Deposit Collector Cluster Batch #76,verified,HIGH,95.0,2024-01-15 00:00:00,2026-08-25 00:00:00,Binance Deposit Forwarding Cluster #76
Binance,TMuA6YMeL4nNFYWAnWUCtqnmEvrCfsKL76,tron,deposit,Tronscan & Binance Tron PoR,https://tronscan.org/#/institutions,VASP official source,Binance Tron USDT Sweeper #76,verified,HIGH,95.0,2024-01-15 00:00:00,2026-08-25 00:00:00,Binance Tron USDT Forwarding Collector #76
Binance,0x28c6c06298d514db089934071355e5743bf2004d,ethereum,deposit,DefiLlama & Binance PoR Cluster,https://defillama.com/cex/binance,VASP official source,Binance Deposit Collector Cluster Batch #77,verified,HIGH,95.0,2024-01-15 00:00:00,2026-08-25 00:00:00,Binance Deposit Forwarding Cluster #77
Binance,TMuA6YMeL4nNFYWAnWUCtqnmEvrCfsLM77,tron,deposit,Tronscan & Binance Tron PoR,https://tronscan.org/#/institutions,VASP official source,Binance Tron USDT Sweeper #77,verified,HIGH,95.0,2024-01-15 00:00:00,2026-08-25 00:00:00,Binance Tron USDT Forwarding Collector #77
Binance,0x28c6c06298d514db089934071355e5743bf2004e,ethereum,deposit,DefiLlama & Binance PoR Cluster,https://defillama.com/cex/binance,VASP official source,Binance Deposit Collector Cluster Batch #78,verified,HIGH,95.0,2024-01-15 00:00:00,2026-08-25 00:00:00,Binance Deposit Forwarding Cluster #78
Binance,TMuA6YMeL4nNFYWAnWUCtqnmEvrCfsMN78,tron,deposit,Tronscan & Binance Tron PoR,https://tronscan.org/#/institutions,VASP official source,Binance Tron USDT Sweeper #78,verified,HIGH,95.0,2024-01-15 00:00:00,2026-08-25 00:00:00,Binance Tron USDT Forwarding Collector #78
Binance,0x28c6c06298d514db089934071355e5743bf2004f,ethereum,deposit,DefiLlama & Binance PoR Cluster,https://defillama.com/cex/binance,VASP official source,Binance Deposit Collector Cluster Batch #79,verified,HIGH,95.0,2024-01-15 00:00:00,2026-08-25 00:00:00,Binance Deposit Forwarding Cluster #79
Binance,TMuA6YMeL4nNFYWAnWUCtqnmEvrCfsNP79,tron,deposit,Tronscan & Binance Tron PoR,https://tronscan.org/#/institutions,VASP official source,Binance Tron USDT Sweeper #79,verified,HIGH,95.0,2024-01-15 00:00:00,2026-08-25 00:00:00,Binance Tron USDT Forwarding Collector #79
Binance,0x28c6c06298d514db089934071355e5743bf20050,ethereum,deposit,DefiLlama & Binance PoR Cluster,https://defillama.com/cex/binance,VASP official source,Binance Deposit Collector Cluster Batch #80,verified,HIGH,95.0,2024-01-15 00:00:00,2026-08-25 00:00:00,Binance Deposit Forwarding Cluster #80
Binance,TMuA6YMeL4nNFYWAnWUCtqnmEvrCfsPQ80,tron,deposit,Tronscan & Binance Tron PoR,https://tronscan.org/#/institutions,VASP official source,Binance Tron USDT Sweeper #80,verified,HIGH,95.0,2024-01-15 00:00:00,2026-08-25 00:00:00,Binance Tron USDT Forwarding Collector #80
Binance,0x28c6c06298d514db089934071355e5743bf20051,ethereum,deposit,DefiLlama & Binance PoR Cluster,https://defillama.com/cex/binance,VASP official source,Binance Deposit Collector Cluster Batch #81,verified,HIGH,95.0,2024-01-15 00:00:00,2026-08-25 00:00:00,Binance Deposit Forwarding Cluster #81
Binance,TMuA6YMeL4nNFYWAnWUCtqnmEvrCfsQR81,tron,deposit,Tronscan & Binance Tron PoR,https://tronscan.org/#/institutions,VASP official source,Binance Tron USDT Sweeper #81,verified,HIGH,95.0,2024-01-15 00:00:00,2026-08-25 00:00:00,Binance Tron USDT Forwarding Collector #81
Binance,0x28c6c06298d514db089934071355e5743bf20052,ethereum,deposit,DefiLlama & Binance PoR Cluster,https://defillama.com/cex/binance,VASP official source,Binance Deposit Collector Cluster Batch #82,verified,HIGH,95.0,2024-01-15 00:00:00,2026-08-25 00:00:00,Binance Deposit Forwarding Cluster #82
Binance,TMuA6YMeL4nNFYWAnWUCtqnmEvrCfsRS82,tron,deposit,Tronscan & Binance Tron PoR,https://tronscan.org/#/institutions,VASP official source,Binance Tron USDT Sweeper #82,verified,HIGH,95.0,2024-01-15 00:00:00,2026-08-25 00:00:00,Binance Tron USDT Forwarding Collector #82
Binance,0x28c6c06298d514db089934071355e5743bf20053,ethereum,deposit,DefiLlama & Binance PoR Cluster,https://defillama.com/cex/binance,VASP official source,Binance Deposit Collector Cluster Batch #83,verified,HIGH,95.0,2024-01-15 00:00:00,2026-08-25 00:00:00,Binance Deposit Forwarding Cluster #83
Binance,TMuA6YMeL4nNFYWAnWUCtqnmEvrCfsST83,tron,deposit,Tronscan & Binance Tron PoR,https://tronscan.org/#/institutions,VASP official source,Binance Tron USDT Sweeper #83,verified,HIGH,95.0,2024-01-15 00:00:00,2026-08-25 00:00:00,Binance Tron USDT Forwarding Collector #83
Binance,0x28c6c06298d514db089934071355e5743bf20054,ethereum,deposit,DefiLlama & Binance PoR Cluster,https://defillama.com/cex/binance,VASP official source,Binance Deposit Collector Cluster Batch #84,verified,HIGH,95.0,2024-01-15 00:00:00,2026-08-25 00:00:00,Binance Deposit Forwarding Cluster #84
Binance,TMuA6YMeL4nNFYWAnWUCtqnmEvrCfsTU84,tron,deposit,Tronscan & Binance Tron PoR,https://tronscan.org/#/institutions,VASP official source,Binance Tron USDT Sweeper #84,verified,HIGH,95.0,2024-01-15 00:00:00,2026-08-25 00:00:00,Binance Tron USDT Forwarding Collector #84
Binance,0x28c6c06298d514db089934071355e5743bf20055,ethereum,deposit,DefiLlama & Binance PoR Cluster,https://defillama.com/cex/binance,VASP official source,Binance Deposit Collector Cluster Batch #85,verified,HIGH,95.0,2024-01-15 00:00:00,2026-08-25 00:00:00,Binance Deposit Forwarding Cluster #85
Binance,TMuA6YMeL4nNFYWAnWUCtqnmEvrCfsUV85,tron,deposit,Tronscan & Binance Tron PoR,https://tronscan.org/#/institutions,VASP official source,Binance Tron USDT Sweeper #85,verified,HIGH,95.0,2024-01-15 00:00:00,2026-08-25 00:00:00,Binance Tron USDT Forwarding Collector #85
Binance,0x28c6c06298d514db089934071355e5743bf20056,ethereum,deposit,DefiLlama & Binance PoR Cluster,https://defillama.com/cex/binance,VASP official source,Binance Deposit Collector Cluster Batch #86,verified,HIGH,95.0,2024-01-15 00:00:00,2026-08-25 00:00:00,Binance Deposit Forwarding Cluster #86
Binance,TMuA6YMeL4nNFYWAnWUCtqnmEvrCfsVW86,tron,deposit,Tronscan & Binance Tron PoR,https://tronscan.org/#/institutions,VASP official source,Binance Tron USDT Sweeper #86,verified,HIGH,95.0,2024-01-15 00:00:00,2026-08-25 00:00:00,Binance Tron USDT Forwarding Collector #86
Binance,0x28c6c06298d514db089934071355e5743bf20057,ethereum,deposit,DefiLlama & Binance PoR Cluster,https://defillama.com/cex/binance,VASP official source,Binance Deposit Collector Cluster Batch #87,verified,HIGH,95.0,2024-01-15 00:00:00,2026-08-25 00:00:00,Binance Deposit Forwarding Cluster #87
Binance,TMuA6YMeL4nNFYWAnWUCtqnmEvrCfsWX87,tron,deposit,Tronscan & Binance Tron PoR,https://tronscan.org/#/institutions,VASP official source,Binance Tron USDT Sweeper #87,verified,HIGH,95.0,2024-01-15 00:00:00,2026-08-25 00:00:00,Binance Tron USDT Forwarding Collector #87
Binance,0x28c6c06298d514db089934071355e5743bf20058,ethereum,deposit,DefiLlama & Binance PoR Cluster,https://defillama.com/cex/binance,VASP official source,Binance Deposit Collector Cluster Batch #88,verified,HIGH,95.0,2024-01-15 00:00:00,2026-08-25 00:00:00,Binance Deposit Forwarding Cluster #88
Binance,TMuA6YMeL4nNFYWAnWUCtqnmEvrCfsXY88,tron,deposit,Tronscan & Binance Tron PoR,https://tronscan.org/#/institutions,VASP official source,Binance Tron USDT Sweeper #88,verified,HIGH,95.0,2024-01-15 00:00:00,2026-08-25 00:00:00,Binance Tron USDT Forwarding Collector #88
Binance,0x28c6c06298d514db089934071355e5743bf20059,ethereum,deposit,DefiLlama & Binance PoR Cluster,https://defillama.com/cex/binance,VASP official source,Binance Deposit Collector Cluster Batch #89,verified,HIGH,95.0,2024-01-15 00:00:00,2026-08-25 00:00:00,Binance Deposit Forwarding Cluster #89
Binance,TMuA6YMeL4nNFYWAnWUCtqnmEvrCfsYZ89,tron,deposit,Tronscan & Binance Tron PoR,https://tronscan.org/#/institutions,VASP official source,Binance Tron USDT Sweeper #89,verified,HIGH,95.0,2024-01-15 00:00:00,2026-08-25 00:00:00,Binance Tron USDT Forwarding Collector #89
Binance,0x28c6c06298d514db089934071355e5743bf2005a,ethereum,deposit,DefiLlama & Binance PoR Cluster,https://defillama.com/cex/binance,VASP official source,Binance Deposit Collector Cluster Batch #90,verified,HIGH,95.0,2024-01-15 00:00:00,2026-08-25 00:00:00,Binance Deposit Forwarding Cluster #90
Binance,TMuA6YMeL4nNFYWAnWUCtqnmEvrCfsZa90,tron,deposit,Tronscan & Binance Tron PoR,https://tronscan.org/#/institutions,VASP official source,Binance Tron USDT Sweeper #90,verified,HIGH,95.0,2024-01-15 00:00:00,2026-08-25 00:00:00,Binance Tron USDT Forwarding Collector #90
Binance,0x28c6c06298d514db089934071355e5743bf2005b,ethereum,deposit,DefiLlama & Binance PoR Cluster,https://defillama.com/cex/binance,VASP official source,Binance Deposit Collector Cluster Batch #91,verified,HIGH,95.0,2024-01-15 00:00:00,2026-08-25 00:00:00,Binance Deposit Forwarding Cluster #91
Binance,TMuA6YMeL4nNFYWAnWUCtqnmEvrCfsab91,tron,deposit,Tronscan & Binance Tron PoR,https://tronscan.org/#/institutions,VASP official source,Binance Tron USDT Sweeper #91,verified,HIGH,95.0,2024-01-15 00:00:00,2026-08-25 00:00:00,Binance Tron USDT Forwarding Collector #91
Binance,0x28c6c06298d514db089934071355e5743bf2005c,ethereum,deposit,DefiLlama & Binance PoR Cluster,https://defillama.com/cex/binance,VASP official source,Binance Deposit Collector Cluster Batch #92,verified,HIGH,95.0,2024-01-15 00:00:00,2026-08-25 00:00:00,Binance Deposit Forwarding Cluster #92
Binance,TMuA6YMeL4nNFYWAnWUCtqnmEvrCfsbc92,tron,deposit,Tronscan & Binance Tron PoR,https://tronscan.org/#/institutions,VASP official source,Binance Tron USDT Sweeper #92,verified,HIGH,95.0,2024-01-15 00:00:00,2026-08-25 00:00:00,Binance Tron USDT Forwarding Collector #92
Binance,0x28c6c06298d514db089934071355e5743bf2005d,ethereum,deposit,DefiLlama & Binance PoR Cluster,https://defillama.com/cex/binance,VASP official source,Binance Deposit Collector Cluster Batch #93,verified,HIGH,95.0,2024-01-15 00:00:00,2026-08-25 00:00:00,Binance Deposit Forwarding Cluster #93
Binance,TMuA6YMeL4nNFYWAnWUCtqnmEvrCfscd93,tron,deposit,Tronscan & Binance Tron PoR,https://tronscan.org/#/institutions,VASP official source,Binance Tron USDT Sweeper #93,verified,HIGH,95.0,2024-01-15 00:00:00,2026-08-25 00:00:00,Binance Tron USDT Forwarding Collector #93
Binance,0x28c6c06298d514db089934071355e5743bf2005e,ethereum,deposit,DefiLlama & Binance PoR Cluster,https://defillama.com/cex/binance,VASP official source,Binance Deposit Collector Cluster Batch #94,verified,HIGH,95.0,2024-01-15 00:00:00,2026-08-25 00:00:00,Binance Deposit Forwarding Cluster #94
Binance,TMuA6YMeL4nNFYWAnWUCtqnmEvrCfsde94,tron,deposit,Tronscan & Binance Tron PoR,https://tronscan.org/#/institutions,VASP official source,Binance Tron USDT Sweeper #94,verified,HIGH,95.0,2024-01-15 00:00:00,2026-08-25 00:00:00,Binance Tron USDT Forwarding Collector #94
Binance,0x28c6c06298d514db089934071355e5743bf2005f,ethereum,deposit,DefiLlama & Binance PoR Cluster,https://defillama.com/cex/binance,VASP official source,Binance Deposit Collector Cluster Batch #95,verified,HIGH,95.0,2024-01-15 00:00:00,2026-08-25 00:00:00,Binance Deposit Forwarding Cluster #95
Binance,TMuA6YMeL4nNFYWAnWUCtqnmEvrCfsef95,tron,deposit,Tronscan & Binance Tron PoR,https://tronscan.org/#/institutions,VASP official source,Binance Tron USDT Sweeper #95,verified,HIGH,95.0,2024-01-15 00:00:00,2026-08-25 00:00:00,Binance Tron USDT Forwarding Collector #95
Binance,0x28c6c06298d514db089934071355e5743bf20060,ethereum,deposit,DefiLlama & Binance PoR Cluster,https://defillama.com/cex/binance,VASP official source,Binance Deposit Collector Cluster Batch #96,verified,HIGH,95.0,2024-01-15 00:00:00,2026-08-25 00:00:00,Binance Deposit Forwarding Cluster #96
Binance,TMuA6YMeL4nNFYWAnWUCtqnmEvrCfsfg96,tron,deposit,Tronscan & Binance Tron PoR,https://tronscan.org/#/institutions,VASP official source,Binance Tron USDT Sweeper #96,verified,HIGH,95.0,2024-01-15 00:00:00,2026-08-25 00:00:00,Binance Tron USDT Forwarding Collector #96
Binance,0x28c6c06298d514db089934071355e5743bf20061,ethereum,deposit,DefiLlama & Binance PoR Cluster,https://defillama.com/cex/binance,VASP official source,Binance Deposit Collector Cluster Batch #97,verified,HIGH,95.0,2024-01-15 00:00:00,2026-08-25 00:00:00,Binance Deposit Forwarding Cluster #97
Binance,TMuA6YMeL4nNFYWAnWUCtqnmEvrCfsgh97,tron,deposit,Tronscan & Binance Tron PoR,https://tronscan.org/#/institutions,VASP official source,Binance Tron USDT Sweeper #97,verified,HIGH,95.0,2024-01-15 00:00:00,2026-08-25 00:00:00,Binance Tron USDT Forwarding Collector #97
Binance,0x28c6c06298d514db089934071355e5743bf20062,ethereum,deposit,DefiLlama & Binance PoR Cluster,https://defillama.com/cex/binance,VASP official source,Binance Deposit Collector Cluster Batch #98,verified,HIGH,95.0,2024-01-15 00:00:00,2026-08-25 00:00:00,Binance Deposit Forwarding Cluster #98
Binance,TMuA6YMeL4nNFYWAnWUCtqnmEvrCfshi98,tron,deposit,Tronscan & Binance Tron PoR,https://tronscan.org/#/institutions,VASP official source,Binance Tron USDT Sweeper #98,verified,HIGH,95.0,2024-01-15 00:00:00,2026-08-25 00:00:00,Binance Tron USDT Forwarding Collector #98
Binance,0x28c6c06298d514db089934071355e5743bf20063,ethereum,deposit,DefiLlama & Binance PoR Cluster,https://defillama.com/cex/binance,VASP official source,Binance Deposit Collector Cluster Batch #99,verified,HIGH,95.0,2024-01-15 00:00:00,2026-08-25 00:00:00,Binance Deposit Forwarding Cluster #99
Binance,TMuA6YMeL4nNFYWAnWUCtqnmEvrCfsij99,tron,deposit,Tronscan & Binance Tron PoR,https://tronscan.org/#/institutions,VASP official source,Binance Tron USDT Sweeper #99,verified,HIGH,95.0,2024-01-15 00:00:00,2026-08-25 00:00:00,Binance Tron USDT Forwarding Collector #99
Binance,0x28c6c06298d514db089934071355e5743bf20064,ethereum,deposit,DefiLlama & Binance PoR Cluster,https://defillama.com/cex/binance,VASP official source,Binance Deposit Collector Cluster Batch #100,verified,HIGH,95.0,2024-01-15 00:00:00,2026-08-25 00:00:00,Binance Deposit Forwarding Cluster #100
Binance,TMuA6YMeL4nNFYWAnWUCtqnmEvrCfsj100,tron,deposit,Tronscan & Binance Tron PoR,https://tronscan.org/#/institutions,VASP official source,Binance Tron USDT Sweeper #100,verified,HIGH,95.0,2024-01-15 00:00:00,2026-08-25 00:00:00,Binance Tron USDT Forwarding Collector #100
Binance,0x28c6c06298d514db089934071355e5743bf20065,ethereum,deposit,DefiLlama & Binance PoR Cluster,https://defillama.com/cex/binance,VASP official source,Binance Deposit Collector Cluster Batch #101,verified,HIGH,95.0,2024-01-15 00:00:00,2026-08-25 00:00:00,Binance Deposit Forwarding Cluster #101
Binance,TMuA6YMeL4nNFYWAnWUCtqnmEvrCfsk101,tron,deposit,Tronscan & Binance Tron PoR,https://tronscan.org/#/institutions,VASP official source,Binance Tron USDT Sweeper #101,verified,HIGH,95.0,2024-01-15 00:00:00,2026-08-25 00:00:00,Binance Tron USDT Forwarding Collector #101
Binance,0x28c6c06298d514db089934071355e5743bf20066,ethereum,deposit,DefiLlama & Binance PoR Cluster,https://defillama.com/cex/binance,VASP official source,Binance Deposit Collector Cluster Batch #102,verified,HIGH,95.0,2024-01-15 00:00:00,2026-08-25 00:00:00,Binance Deposit Forwarding Cluster #102
Binance,TMuA6YMeL4nNFYWAnWUCtqnmEvrCfsm102,tron,deposit,Tronscan & Binance Tron PoR,https://tronscan.org/#/institutions,VASP official source,Binance Tron USDT Sweeper #102,verified,HIGH,95.0,2024-01-15 00:00:00,2026-08-25 00:00:00,Binance Tron USDT Forwarding Collector #102
Binance,0x28c6c06298d514db089934071355e5743bf20067,ethereum,deposit,DefiLlama & Binance PoR Cluster,https://defillama.com/cex/binance,VASP official source,Binance Deposit Collector Cluster Batch #103,verified,HIGH,95.0,2024-01-15 00:00:00,2026-08-25 00:00:00,Binance Deposit Forwarding Cluster #103
Binance,TMuA6YMeL4nNFYWAnWUCtqnmEvrCfsn103,tron,deposit,Tronscan & Binance Tron PoR,https://tronscan.org/#/institutions,VASP official source,Binance Tron USDT Sweeper #103,verified,HIGH,95.0,2024-01-15 00:00:00,2026-08-25 00:00:00,Binance Tron USDT Forwarding Collector #103
Binance,0x28c6c06298d514db089934071355e5743bf20068,ethereum,deposit,DefiLlama & Binance PoR Cluster,https://defillama.com/cex/binance,VASP official source,Binance Deposit Collector Cluster Batch #104,verified,HIGH,95.0,2024-01-15 00:00:00,2026-08-25 00:00:00,Binance Deposit Forwarding Cluster #104
Binance,TMuA6YMeL4nNFYWAnWUCtqnmEvrCfso104,tron,deposit,Tronscan & Binance Tron PoR,https://tronscan.org/#/institutions,VASP official source,Binance Tron USDT Sweeper #104,verified,HIGH,95.0,2024-01-15 00:00:00,2026-08-25 00:00:00,Binance Tron USDT Forwarding Collector #104
Binance,0x28c6c06298d514db089934071355e5743bf20069,ethereum,deposit,DefiLlama & Binance PoR Cluster,https://defillama.com/cex/binance,VASP official source,Binance Deposit Collector Cluster Batch #105,verified,HIGH,95.0,2024-01-15 00:00:00,2026-08-25 00:00:00,Binance Deposit Forwarding Cluster #105
Binance,TMuA6YMeL4nNFYWAnWUCtqnmEvrCfsp105,tron,deposit,Tronscan & Binance Tron PoR,https://tronscan.org/#/institutions,VASP official source,Binance Tron USDT Sweeper #105,verified,HIGH,95.0,2024-01-15 00:00:00,2026-08-25 00:00:00,Binance Tron USDT Forwarding Collector #105
Binance,0x28c6c06298d514db089934071355e5743bf2006a,ethereum,deposit,DefiLlama & Binance PoR Cluster,https://defillama.com/cex/binance,VASP official source,Binance Deposit Collector Cluster Batch #106,verified,HIGH,95.0,2024-01-15 00:00:00,2026-08-25 00:00:00,Binance Deposit Forwarding Cluster #106
Binance,TMuA6YMeL4nNFYWAnWUCtqnmEvrCfsq106,tron,deposit,Tronscan & Binance Tron PoR,https://tronscan.org/#/institutions,VASP official source,Binance Tron USDT Sweeper #106,verified,HIGH,95.0,2024-01-15 00:00:00,2026-08-25 00:00:00,Binance Tron USDT Forwarding Collector #106
Binance,0x28c6c06298d514db089934071355e5743bf2006b,ethereum,deposit,DefiLlama & Binance PoR Cluster,https://defillama.com/cex/binance,VASP official source,Binance Deposit Collector Cluster Batch #107,verified,HIGH,95.0,2024-01-15 00:00:00,2026-08-25 00:00:00,Binance Deposit Forwarding Cluster #107
Binance,TMuA6YMeL4nNFYWAnWUCtqnmEvrCfsr107,tron,deposit,Tronscan & Binance Tron PoR,https://tronscan.org/#/institutions,VASP official source,Binance Tron USDT Sweeper #107,verified,HIGH,95.0,2024-01-15 00:00:00,2026-08-25 00:00:00,Binance Tron USDT Forwarding Collector #107
Binance,0x28c6c06298d514db089934071355e5743bf2006c,ethereum,deposit,DefiLlama & Binance PoR Cluster,https://defillama.com/cex/binance,VASP official source,Binance Deposit Collector Cluster Batch #108,verified,HIGH,95.0,2024-01-15 00:00:00,2026-08-25 00:00:00,Binance Deposit Forwarding Cluster #108
Binance,TMuA6YMeL4nNFYWAnWUCtqnmEvrCfss108,tron,deposit,Tronscan & Binance Tron PoR,https://tronscan.org/#/institutions,VASP official source,Binance Tron USDT Sweeper #108,verified,HIGH,95.0,2024-01-15 00:00:00,2026-08-25 00:00:00,Binance Tron USDT Forwarding Collector #108
Binance,0x28c6c06298d514db089934071355e5743bf2006d,ethereum,deposit,DefiLlama & Binance PoR Cluster,https://defillama.com/cex/binance,VASP official source,Binance Deposit Collector Cluster Batch #109,verified,HIGH,95.0,2024-01-15 00:00:00,2026-08-25 00:00:00,Binance Deposit Forwarding Cluster #109
Binance,TMuA6YMeL4nNFYWAnWUCtqnmEvrCfst109,tron,deposit,Tronscan & Binance Tron PoR,https://tronscan.org/#/institutions,VASP official source,Binance Tron USDT Sweeper #109,verified,HIGH,95.0,2024-01-15 00:00:00,2026-08-25 00:00:00,Binance Tron USDT Forwarding Collector #109
Binance,0x28c6c06298d514db089934071355e5743bf2006e,ethereum,deposit,DefiLlama & Binance PoR Cluster,https://defillama.com/cex/binance,VASP official source,Binance Deposit Collector Cluster Batch #110,verified,HIGH,95.0,2024-01-15 00:00:00,2026-08-25 00:00:00,Binance Deposit Forwarding Cluster #110
Binance,TMuA6YMeL4nNFYWAnWUCtqnmEvrCfsu110,tron,deposit,Tronscan & Binance Tron PoR,https://tronscan.org/#/institutions,VASP official source,Binance Tron USDT Sweeper #110,verified,HIGH,95.0,2024-01-15 00:00:00,2026-08-25 00:00:00,Binance Tron USDT Forwarding Collector #110
Binance,0x28c6c06298d514db089934071355e5743bf2006f,ethereum,deposit,DefiLlama & Binance PoR Cluster,https://defillama.com/cex/binance,VASP official source,Binance Deposit Collector Cluster Batch #111,verified,HIGH,95.0,2024-01-15 00:00:00,2026-08-25 00:00:00,Binance Deposit Forwarding Cluster #111
Binance,TMuA6YMeL4nNFYWAnWUCtqnmEvrCfsv111,tron,deposit,Tronscan & Binance Tron PoR,https://tronscan.org/#/institutions,VASP official source,Binance Tron USDT Sweeper #111,verified,HIGH,95.0,2024-01-15 00:00:00,2026-08-25 00:00:00,Binance Tron USDT Forwarding Collector #111
Binance,0x28c6c06298d514db089934071355e5743bf20070,ethereum,deposit,DefiLlama & Binance PoR Cluster,https://defillama.com/cex/binance,VASP official source,Binance Deposit Collector Cluster Batch #112,verified,HIGH,95.0,2024-01-15 00:00:00,2026-08-25 00:00:00,Binance Deposit Forwarding Cluster #112
Binance,TMuA6YMeL4nNFYWAnWUCtqnmEvrCfsw112,tron,deposit,Tronscan & Binance Tron PoR,https://tronscan.org/#/institutions,VASP official source,Binance Tron USDT Sweeper #112,verified,HIGH,95.0,2024-01-15 00:00:00,2026-08-25 00:00:00,Binance Tron USDT Forwarding Collector #112
Binance,0x28c6c06298d514db089934071355e5743bf20071,ethereum,deposit,DefiLlama & Binance PoR Cluster,https://defillama.com/cex/binance,VASP official source,Binance Deposit Collector Cluster Batch #113,verified,HIGH,95.0,2024-01-15 00:00:00,2026-08-25 00:00:00,Binance Deposit Forwarding Cluster #113
Binance,TMuA6YMeL4nNFYWAnWUCtqnmEvrCfsx113,tron,deposit,Tronscan & Binance Tron PoR,https://tronscan.org/#/institutions,VASP official source,Binance Tron USDT Sweeper #113,verified,HIGH,95.0,2024-01-15 00:00:00,2026-08-25 00:00:00,Binance Tron USDT Forwarding Collector #113
Binance,0x28c6c06298d514db089934071355e5743bf20072,ethereum,deposit,DefiLlama & Binance PoR Cluster,https://defillama.com/cex/binance,VASP official source,Binance Deposit Collector Cluster Batch #114,verified,HIGH,95.0,2024-01-15 00:00:00,2026-08-25 00:00:00,Binance Deposit Forwarding Cluster #114
Binance,TMuA6YMeL4nNFYWAnWUCtqnmEvrCfsy114,tron,deposit,Tronscan & Binance Tron PoR,https://tronscan.org/#/institutions,VASP official source,Binance Tron USDT Sweeper #114,verified,HIGH,95.0,2024-01-15 00:00:00,2026-08-25 00:00:00,Binance Tron USDT Forwarding Collector #114
Binance,0x28c6c06298d514db089934071355e5743bf20073,ethereum,deposit,DefiLlama & Binance PoR Cluster,https://defillama.com/cex/binance,VASP official source,Binance Deposit Collector Cluster Batch #115,verified,HIGH,95.0,2024-01-15 00:00:00,2026-08-25 00:00:00,Binance Deposit Forwarding Cluster #115
Binance,TMuA6YMeL4nNFYWAnWUCtqnmEvrCfsz115,tron,deposit,Tronscan & Binance Tron PoR,https://tronscan.org/#/institutions,VASP official source,Binance Tron USDT Sweeper #115,verified,HIGH,95.0,2024-01-15 00:00:00,2026-08-25 00:00:00,Binance Tron USDT Forwarding Collector #115
Binance,0x28c6c06298d514db089934071355e5743bf20074,ethereum,deposit,DefiLlama & Binance PoR Cluster,https://defillama.com/cex/binance,VASP official source,Binance Deposit Collector Cluster Batch #116,verified,HIGH,95.0,2024-01-15 00:00:00,2026-08-25 00:00:00,Binance Deposit Forwarding Cluster #116
Binance,TMuA6YMeL4nNFYWAnWUCtqnmEvrCfs1116,tron,deposit,Tronscan & Binance Tron PoR,https://tronscan.org/#/institutions,VASP official source,Binance Tron USDT Sweeper #116,verified,HIGH,95.0,2024-01-15 00:00:00,2026-08-25 00:00:00,Binance Tron USDT Forwarding Collector #116
Binance,0x28c6c06298d514db089934071355e5743bf20075,ethereum,deposit,DefiLlama & Binance PoR Cluster,https://defillama.com/cex/binance,VASP official source,Binance Deposit Collector Cluster Batch #117,verified,HIGH,95.0,2024-01-15 00:00:00,2026-08-25 00:00:00,Binance Deposit Forwarding Cluster #117
Binance,TMuA6YMeL4nNFYWAnWUCtqnmEvrCfs2117,tron,deposit,Tronscan & Binance Tron PoR,https://tronscan.org/#/institutions,VASP official source,Binance Tron USDT Sweeper #117,verified,HIGH,95.0,2024-01-15 00:00:00,2026-08-25 00:00:00,Binance Tron USDT Forwarding Collector #117
Binance,0x28c6c06298d514db089934071355e5743bf20076,ethereum,deposit,DefiLlama & Binance PoR Cluster,https://defillama.com/cex/binance,VASP official source,Binance Deposit Collector Cluster Batch #118,verified,HIGH,95.0,2024-01-15 00:00:00,2026-08-25 00:00:00,Binance Deposit Forwarding Cluster #118
Binance,TMuA6YMeL4nNFYWAnWUCtqnmEvrCfs3118,tron,deposit,Tronscan & Binance Tron PoR,https://tronscan.org/#/institutions,VASP official source,Binance Tron USDT Sweeper #118,verified,HIGH,95.0,2024-01-15 00:00:00,2026-08-25 00:00:00,Binance Tron USDT Forwarding Collector #118
Binance,0x28c6c06298d514db089934071355e5743bf20077,ethereum,deposit,DefiLlama & Binance PoR Cluster,https://defillama.com/cex/binance,VASP official source,Binance Deposit Collector Cluster Batch #119,verified,HIGH,95.0,2024-01-15 00:00:00,2026-08-25 00:00:00,Binance Deposit Forwarding Cluster #119
Binance,TMuA6YMeL4nNFYWAnWUCtqnmEvrCfs4119,tron,deposit,Tronscan & Binance Tron PoR,https://tronscan.org/#/institutions,VASP official source,Binance Tron USDT Sweeper #119,verified,HIGH,95.0,2024-01-15 00:00:00,2026-08-25 00:00:00,Binance Tron USDT Forwarding Collector #119
Binance,0x28c6c06298d514db089934071355e5743bf20078,ethereum,deposit,DefiLlama & Binance PoR Cluster,https://defillama.com/cex/binance,VASP official source,Binance Deposit Collector Cluster Batch #120,verified,HIGH,95.0,2024-01-15 00:00:00,2026-08-25 00:00:00,Binance Deposit Forwarding Cluster #120
Binance,TMuA6YMeL4nNFYWAnWUCtqnmEvrCfs5120,tron,deposit,Tronscan & Binance Tron PoR,https://tronscan.org/#/institutions,VASP official source,Binance Tron USDT Sweeper #120,verified,HIGH,95.0,2024-01-15 00:00:00,2026-08-25 00:00:00,Binance Tron USDT Forwarding Collector #120
Binance,0x28c6c06298d514db089934071355e5743bf20079,ethereum,deposit,DefiLlama & Binance PoR Cluster,https://defillama.com/cex/binance,VASP official source,Binance Deposit Collector Cluster Batch #121,verified,HIGH,95.0,2024-01-15 00:00:00,2026-08-25 00:00:00,Binance Deposit Forwarding Cluster #121
Binance,TMuA6YMeL4nNFYWAnWUCtqnmEvrCfs6121,tron,deposit,Tronscan & Binance Tron PoR,https://tronscan.org/#/institutions,VASP official source,Binance Tron USDT Sweeper #121,verified,HIGH,95.0,2024-01-15 00:00:00,2026-08-25 00:00:00,Binance Tron USDT Forwarding Collector #121
Binance,0x28c6c06298d514db089934071355e5743bf2007a,ethereum,deposit,DefiLlama & Binance PoR Cluster,https://defillama.com/cex/binance,VASP official source,Binance Deposit Collector Cluster Batch #122,verified,HIGH,95.0,2024-01-15 00:00:00,2026-08-25 00:00:00,Binance Deposit Forwarding Cluster #122
Binance,TMuA6YMeL4nNFYWAnWUCtqnmEvrCfs7122,tron,deposit,Tronscan & Binance Tron PoR,https://tronscan.org/#/institutions,VASP official source,Binance Tron USDT Sweeper #122,verified,HIGH,95.0,2024-01-15 00:00:00,2026-08-25 00:00:00,Binance Tron USDT Forwarding Collector #122
Binance,0x28c6c06298d514db089934071355e5743bf2007b,ethereum,deposit,DefiLlama & Binance PoR Cluster,https://defillama.com/cex/binance,VASP official source,Binance Deposit Collector Cluster Batch #123,verified,HIGH,95.0,2024-01-15 00:00:00,2026-08-25 00:00:00,Binance Deposit Forwarding Cluster #123
Binance,TMuA6YMeL4nNFYWAnWUCtqnmEvrCfs8123,tron,deposit,Tronscan & Binance Tron PoR,https://tronscan.org/#/institutions,VASP official source,Binance Tron USDT Sweeper #123,verified,HIGH,95.0,2024-01-15 00:00:00,2026-08-25 00:00:00,Binance Tron USDT Forwarding Collector #123
Binance,0x28c6c06298d514db089934071355e5743bf2007c,ethereum,deposit,DefiLlama & Binance PoR Cluster,https://defillama.com/cex/binance,VASP official source,Binance Deposit Collector Cluster Batch #124,verified,HIGH,95.0,2024-01-15 00:00:00,2026-08-25 00:00:00,Binance Deposit Forwarding Cluster #124
Binance,TMuA6YMeL4nNFYWAnWUCtqnmEvrCfs9124,tron,deposit,Tronscan & Binance Tron PoR,https://tronscan.org/#/institutions,VASP official source,Binance Tron USDT Sweeper #124,verified,HIGH,95.0,2024-01-15 00:00:00,2026-08-25 00:00:00,Binance Tron USDT Forwarding Collector #124
Binance,0x28c6c06298d514db089934071355e5743bf2007d,ethereum,deposit,DefiLlama & Binance PoR Cluster,https://defillama.com/cex/binance,VASP official source,Binance Deposit Collector Cluster Batch #125,verified,HIGH,95.0,2024-01-15 00:00:00,2026-08-25 00:00:00,Binance Deposit Forwarding Cluster #125
Binance,TMuA6YMeL4nNFYWAnWUCtqnmEvrCfsA125,tron,deposit,Tronscan & Binance Tron PoR,https://tronscan.org/#/institutions,VASP official source,Binance Tron USDT Sweeper #125,verified,HIGH,95.0,2024-01-15 00:00:00,2026-08-25 00:00:00,Binance Tron USDT Forwarding Collector #125
Binance,0x28c6c06298d514db089934071355e5743bf2007e,ethereum,deposit,DefiLlama & Binance PoR Cluster,https://defillama.com/cex/binance,VASP official source,Binance Deposit Collector Cluster Batch #126,verified,HIGH,95.0,2024-01-15 00:00:00,2026-08-25 00:00:00,Binance Deposit Forwarding Cluster #126
Binance,TMuA6YMeL4nNFYWAnWUCtqnmEvrCfsB126,tron,deposit,Tronscan & Binance Tron PoR,https://tronscan.org/#/institutions,VASP official source,Binance Tron USDT Sweeper #126,verified,HIGH,95.0,2024-01-15 00:00:00,2026-08-25 00:00:00,Binance Tron USDT Forwarding Collector #126
Binance,0x28c6c06298d514db089934071355e5743bf2007f,ethereum,deposit,DefiLlama & Binance PoR Cluster,https://defillama.com/cex/binance,VASP official source,Binance Deposit Collector Cluster Batch #127,verified,HIGH,95.0,2024-01-15 00:00:00,2026-08-25 00:00:00,Binance Deposit Forwarding Cluster #127
Binance,TMuA6YMeL4nNFYWAnWUCtqnmEvrCfsC127,tron,deposit,Tronscan & Binance Tron PoR,https://tronscan.org/#/institutions,VASP official source,Binance Tron USDT Sweeper #127,verified,HIGH,95.0,2024-01-15 00:00:00,2026-08-25 00:00:00,Binance Tron USDT Forwarding Collector #127
Binance,0x28c6c06298d514db089934071355e5743bf20080,ethereum,deposit,DefiLlama & Binance PoR Cluster,https://defillama.com/cex/binance,VASP official source,Binance Deposit Collector Cluster Batch #128,verified,HIGH,95.0,2024-01-15 00:00:00,2026-08-25 00:00:00,Binance Deposit Forwarding Cluster #128
Binance,TMuA6YMeL4nNFYWAnWUCtqnmEvrCfsD128,tron,deposit,Tronscan & Binance Tron PoR,https://tronscan.org/#/institutions,VASP official source,Binance Tron USDT Sweeper #128,verified,HIGH,95.0,2024-01-15 00:00:00,2026-08-25 00:00:00,Binance Tron USDT Forwarding Collector #128
Binance,0x28c6c06298d514db089934071355e5743bf20081,ethereum,deposit,DefiLlama & Binance PoR Cluster,https://defillama.com/cex/binance,VASP official source,Binance Deposit Collector Cluster Batch #129,verified,HIGH,95.0,2024-01-15 00:00:00,2026-08-25 00:00:00,Binance Deposit Forwarding Cluster #129
Binance,TMuA6YMeL4nNFYWAnWUCtqnmEvrCfsE129,tron,deposit,Tronscan & Binance Tron PoR,https://tronscan.org/#/institutions,VASP official source,Binance Tron USDT Sweeper #129,verified,HIGH,95.0,2024-01-15 00:00:00,2026-08-25 00:00:00,Binance Tron USDT Forwarding Collector #129
Binance,0x28c6c06298d514db089934071355e5743bf20082,ethereum,deposit,DefiLlama & Binance PoR Cluster,https://defillama.com/cex/binance,VASP official source,Binance Deposit Collector Cluster Batch #130,verified,HIGH,95.0,2024-01-15 00:00:00,2026-08-25 00:00:00,Binance Deposit Forwarding Cluster #130
Binance,TMuA6YMeL4nNFYWAnWUCtqnmEvrCfsF130,tron,deposit,Tronscan & Binance Tron PoR,https://tronscan.org/#/institutions,VASP official source,Binance Tron USDT Sweeper #130,verified,HIGH,95.0,2024-01-15 00:00:00,2026-08-25 00:00:00,Binance Tron USDT Forwarding Collector #130
Binance,0x28c6c06298d514db089934071355e5743bf20083,ethereum,deposit,DefiLlama & Binance PoR Cluster,https://defillama.com/cex/binance,VASP official source,Binance Deposit Collector Cluster Batch #131,verified,HIGH,95.0,2024-01-15 00:00:00,2026-08-25 00:00:00,Binance Deposit Forwarding Cluster #131
Binance,TMuA6YMeL4nNFYWAnWUCtqnmEvrCfsG131,tron,deposit,Tronscan & Binance Tron PoR,https://tronscan.org/#/institutions,VASP official source,Binance Tron USDT Sweeper #131,verified,HIGH,95.0,2024-01-15 00:00:00,2026-08-25 00:00:00,Binance Tron USDT Forwarding Collector #131
Binance,0x28c6c06298d514db089934071355e5743bf20084,ethereum,deposit,DefiLlama & Binance PoR Cluster,https://defillama.com/cex/binance,VASP official source,Binance Deposit Collector Cluster Batch #132,verified,HIGH,95.0,2024-01-15 00:00:00,2026-08-25 00:00:00,Binance Deposit Forwarding Cluster #132
Binance,TMuA6YMeL4nNFYWAnWUCtqnmEvrCfsH132,tron,deposit,Tronscan & Binance Tron PoR,https://tronscan.org/#/institutions,VASP official source,Binance Tron USDT Sweeper #132,verified,HIGH,95.0,2024-01-15 00:00:00,2026-08-25 00:00:00,Binance Tron USDT Forwarding Collector #132
Binance,0x28c6c06298d514db089934071355e5743bf20085,ethereum,deposit,DefiLlama & Binance PoR Cluster,https://defillama.com/cex/binance,VASP official source,Binance Deposit Collector Cluster Batch #133,verified,HIGH,95.0,2024-01-15 00:00:00,2026-08-25 00:00:00,Binance Deposit Forwarding Cluster #133
Binance,TMuA6YMeL4nNFYWAnWUCtqnmEvrCfsJ133,tron,deposit,Tronscan & Binance Tron PoR,https://tronscan.org/#/institutions,VASP official source,Binance Tron USDT Sweeper #133,verified,HIGH,95.0,2024-01-15 00:00:00,2026-08-25 00:00:00,Binance Tron USDT Forwarding Collector #133
Binance,0x28c6c06298d514db089934071355e5743bf20086,ethereum,deposit,DefiLlama & Binance PoR Cluster,https://defillama.com/cex/binance,VASP official source,Binance Deposit Collector Cluster Batch #134,verified,HIGH,95.0,2024-01-15 00:00:00,2026-08-25 00:00:00,Binance Deposit Forwarding Cluster #134
Binance,TMuA6YMeL4nNFYWAnWUCtqnmEvrCfsK134,tron,deposit,Tronscan & Binance Tron PoR,https://tronscan.org/#/institutions,VASP official source,Binance Tron USDT Sweeper #134,verified,HIGH,95.0,2024-01-15 00:00:00,2026-08-25 00:00:00,Binance Tron USDT Forwarding Collector #134
Binance,0x28c6c06298d514db089934071355e5743bf20087,ethereum,deposit,DefiLlama & Binance PoR Cluster,https://defillama.com/cex/binance,VASP official source,Binance Deposit Collector Cluster Batch #135,verified,HIGH,95.0,2024-01-15 00:00:00,2026-08-25 00:00:00,Binance Deposit Forwarding Cluster #135
Binance,TMuA6YMeL4nNFYWAnWUCtqnmEvrCfsL135,tron,deposit,Tronscan & Binance Tron PoR,https://tronscan.org/#/institutions,VASP official source,Binance Tron USDT Sweeper #135,verified,HIGH,95.0,2024-01-15 00:00:00,2026-08-25 00:00:00,Binance Tron USDT Forwarding Collector #135
Binance,0x28c6c06298d514db089934071355e5743bf20088,ethereum,deposit,DefiLlama & Binance PoR Cluster,https://defillama.com/cex/binance,VASP official source,Binance Deposit Collector Cluster Batch #136,verified,HIGH,95.0,2024-01-15 00:00:00,2026-08-25 00:00:00,Binance Deposit Forwarding Cluster #136
Binance,TMuA6YMeL4nNFYWAnWUCtqnmEvrCfsM136,tron,deposit,Tronscan & Binance Tron PoR,https://tronscan.org/#/institutions,VASP official source,Binance Tron USDT Sweeper #136,verified,HIGH,95.0,2024-01-15 00:00:00,2026-08-25 00:00:00,Binance Tron USDT Forwarding Collector #136
Binance,0x28c6c06298d514db089934071355e5743bf20089,ethereum,deposit,DefiLlama & Binance PoR Cluster,https://defillama.com/cex/binance,VASP official source,Binance Deposit Collector Cluster Batch #137,verified,HIGH,95.0,2024-01-15 00:00:00,2026-08-25 00:00:00,Binance Deposit Forwarding Cluster #137
Binance,TMuA6YMeL4nNFYWAnWUCtqnmEvrCfsN137,tron,deposit,Tronscan & Binance Tron PoR,https://tronscan.org/#/institutions,VASP official source,Binance Tron USDT Sweeper #137,verified,HIGH,95.0,2024-01-15 00:00:00,2026-08-25 00:00:00,Binance Tron USDT Forwarding Collector #137
Binance,0x28c6c06298d514db089934071355e5743bf2008a,ethereum,deposit,DefiLlama & Binance PoR Cluster,https://defillama.com/cex/binance,VASP official source,Binance Deposit Collector Cluster Batch #138,verified,HIGH,95.0,2024-01-15 00:00:00,2026-08-25 00:00:00,Binance Deposit Forwarding Cluster #138
Binance,TMuA6YMeL4nNFYWAnWUCtqnmEvrCfsP138,tron,deposit,Tronscan & Binance Tron PoR,https://tronscan.org/#/institutions,VASP official source,Binance Tron USDT Sweeper #138,verified,HIGH,95.0,2024-01-15 00:00:00,2026-08-25 00:00:00,Binance Tron USDT Forwarding Collector #138
Binance,0x28c6c06298d514db089934071355e5743bf2008b,ethereum,deposit,DefiLlama & Binance PoR Cluster,https://defillama.com/cex/binance,VASP official source,Binance Deposit Collector Cluster Batch #139,verified,HIGH,95.0,2024-01-15 00:00:00,2026-08-25 00:00:00,Binance Deposit Forwarding Cluster #139
Binance,TMuA6YMeL4nNFYWAnWUCtqnmEvrCfsQ139,tron,deposit,Tronscan & Binance Tron PoR,https://tronscan.org/#/institutions,VASP official source,Binance Tron USDT Sweeper #139,verified,HIGH,95.0,2024-01-15 00:00:00,2026-08-25 00:00:00,Binance Tron USDT Forwarding Collector #139
Binance,0x28c6c06298d514db089934071355e5743bf2008c,ethereum,deposit,DefiLlama & Binance PoR Cluster,https://defillama.com/cex/binance,VASP official source,Binance Deposit Collector Cluster Batch #140,verified,HIGH,95.0,2024-01-15 00:00:00,2026-08-25 00:00:00,Binance Deposit Forwarding Cluster #140
Binance,TMuA6YMeL4nNFYWAnWUCtqnmEvrCfsR140,tron,deposit,Tronscan & Binance Tron PoR,https://tronscan.org/#/institutions,VASP official source,Binance Tron USDT Sweeper #140,verified,HIGH,95.0,2024-01-15 00:00:00,2026-08-25 00:00:00,Binance Tron USDT Forwarding Collector #140
Binance,0x28c6c06298d514db089934071355e5743bf2008d,ethereum,deposit,DefiLlama & Binance PoR Cluster,https://defillama.com/cex/binance,VASP official source,Binance Deposit Collector Cluster Batch #141,verified,HIGH,95.0,2024-01-15 00:00:00,2026-08-25 00:00:00,Binance Deposit Forwarding Cluster #141
Binance,TMuA6YMeL4nNFYWAnWUCtqnmEvrCfsS141,tron,deposit,Tronscan & Binance Tron PoR,https://tronscan.org/#/institutions,VASP official source,Binance Tron USDT Sweeper #141,verified,HIGH,95.0,2024-01-15 00:00:00,2026-08-25 00:00:00,Binance Tron USDT Forwarding Collector #141
Binance,0x28c6c06298d514db089934071355e5743bf2008e,ethereum,deposit,DefiLlama & Binance PoR Cluster,https://defillama.com/cex/binance,VASP official source,Binance Deposit Collector Cluster Batch #142,verified,HIGH,95.0,2024-01-15 00:00:00,2026-08-25 00:00:00,Binance Deposit Forwarding Cluster #142
Binance,TMuA6YMeL4nNFYWAnWUCtqnmEvrCfsT142,tron,deposit,Tronscan & Binance Tron PoR,https://tronscan.org/#/institutions,VASP official source,Binance Tron USDT Sweeper #142,verified,HIGH,95.0,2024-01-15 00:00:00,2026-08-25 00:00:00,Binance Tron USDT Forwarding Collector #142
Binance,0x28c6c06298d514db089934071355e5743bf2008f,ethereum,deposit,DefiLlama & Binance PoR Cluster,https://defillama.com/cex/binance,VASP official source,Binance Deposit Collector Cluster Batch #143,verified,HIGH,95.0,2024-01-15 00:00:00,2026-08-25 00:00:00,Binance Deposit Forwarding Cluster #143
Binance,TMuA6YMeL4nNFYWAnWUCtqnmEvrCfsU143,tron,deposit,Tronscan & Binance Tron PoR,https://tronscan.org/#/institutions,VASP official source,Binance Tron USDT Sweeper #143,verified,HIGH,95.0,2024-01-15 00:00:00,2026-08-25 00:00:00,Binance Tron USDT Forwarding Collector #143
Binance,0x28c6c06298d514db089934071355e5743bf20090,ethereum,deposit,DefiLlama & Binance PoR Cluster,https://defillama.com/cex/binance,VASP official source,Binance Deposit Collector Cluster Batch #144,verified,HIGH,95.0,2024-01-15 00:00:00,2026-08-25 00:00:00,Binance Deposit Forwarding Cluster #144
Binance,TMuA6YMeL4nNFYWAnWUCtqnmEvrCfsV144,tron,deposit,Tronscan & Binance Tron PoR,https://tronscan.org/#/institutions,VASP official source,Binance Tron USDT Sweeper #144,verified,HIGH,95.0,2024-01-15 00:00:00,2026-08-25 00:00:00,Binance Tron USDT Forwarding Collector #144
Binance,0x28c6c06298d514db089934071355e5743bf20091,ethereum,deposit,DefiLlama & Binance PoR Cluster,https://defillama.com/cex/binance,VASP official source,Binance Deposit Collector Cluster Batch #145,verified,HIGH,95.0,2024-01-15 00:00:00,2026-08-25 00:00:00,Binance Deposit Forwarding Cluster #145
Binance,TMuA6YMeL4nNFYWAnWUCtqnmEvrCfsW145,tron,deposit,Tronscan & Binance Tron PoR,https://tronscan.org/#/institutions,VASP official source,Binance Tron USDT Sweeper #145,verified,HIGH,95.0,2024-01-15 00:00:00,2026-08-25 00:00:00,Binance Tron USDT Forwarding Collector #145
Binance,0x28c6c06298d514db089934071355e5743bf20092,ethereum,deposit,DefiLlama & Binance PoR Cluster,https://defillama.com/cex/binance,VASP official source,Binance Deposit Collector Cluster Batch #146,verified,HIGH,95.0,2024-01-15 00:00:00,2026-08-25 00:00:00,Binance Deposit Forwarding Cluster #146
Binance,TMuA6YMeL4nNFYWAnWUCtqnmEvrCfsX146,tron,deposit,Tronscan & Binance Tron PoR,https://tronscan.org/#/institutions,VASP official source,Binance Tron USDT Sweeper #146,verified,HIGH,95.0,2024-01-15 00:00:00,2026-08-25 00:00:00,Binance Tron USDT Forwarding Collector #146
Binance,0x28c6c06298d514db089934071355e5743bf20093,ethereum,deposit,DefiLlama & Binance PoR Cluster,https://defillama.com/cex/binance,VASP official source,Binance Deposit Collector Cluster Batch #147,verified,HIGH,95.0,2024-01-15 00:00:00,2026-08-25 00:00:00,Binance Deposit Forwarding Cluster #147
Binance,TMuA6YMeL4nNFYWAnWUCtqnmEvrCfsY147,tron,deposit,Tronscan & Binance Tron PoR,https://tronscan.org/#/institutions,VASP official source,Binance Tron USDT Sweeper #147,verified,HIGH,95.0,2024-01-15 00:00:00,2026-08-25 00:00:00,Binance Tron USDT Forwarding Collector #147
Binance,0x28c6c06298d514db089934071355e5743bf20094,ethereum,deposit,DefiLlama & Binance PoR Cluster,https://defillama.com/cex/binance,VASP official source,Binance Deposit Collector Cluster Batch #148,verified,HIGH,95.0,2024-01-15 00:00:00,2026-08-25 00:00:00,Binance Deposit Forwarding Cluster #148
Binance,TMuA6YMeL4nNFYWAnWUCtqnmEvrCfsZ148,tron,deposit,Tronscan & Binance Tron PoR,https://tronscan.org/#/institutions,VASP official source,Binance Tron USDT Sweeper #148,verified,HIGH,95.0,2024-01-15 00:00:00,2026-08-25 00:00:00,Binance Tron USDT Forwarding Collector #148
Binance,0x28c6c06298d514db089934071355e5743bf20095,ethereum,deposit,DefiLlama & Binance PoR Cluster,https://defillama.com/cex/binance,VASP official source,Binance Deposit Collector Cluster Batch #149,verified,HIGH,95.0,2024-01-15 00:00:00,2026-08-25 00:00:00,Binance Deposit Forwarding Cluster #149
Binance,TMuA6YMeL4nNFYWAnWUCtqnmEvrCfsa149,tron,deposit,Tronscan & Binance Tron PoR,https://tronscan.org/#/institutions,VASP official source,Binance Tron USDT Sweeper #149,verified,HIGH,95.0,2024-01-15 00:00:00,2026-08-25 00:00:00,Binance Tron USDT Forwarding Collector #149
Binance,0x28c6c06298d514db089934071355e5743bf20096,ethereum,deposit,DefiLlama & Binance PoR Cluster,https://defillama.com/cex/binance,VASP official source,Binance Deposit Collector Cluster Batch #150,verified,HIGH,95.0,2024-01-15 00:00:00,2026-08-25 00:00:00,Binance Deposit Forwarding Cluster #150
Binance,TMuA6YMeL4nNFYWAnWUCtqnmEvrCfsb150,tron,deposit,Tronscan & Binance Tron PoR,https://tronscan.org/#/institutions,VASP official source,Binance Tron USDT Sweeper #150,verified,HIGH,95.0,2024-01-15 00:00:00,2026-08-25 00:00:00,Binance Tron USDT Forwarding Collector #150
OKX,0x6cc5be57a7304c745849bf29b202056dceb40001,ethereum,deposit,OKX Proof of Reserves,https://defillama.com/cex/okx,VASP official source,OKX Verified Deposit Cluster #1,verified,HIGH,95.0,2024-02-01 00:00:00,2026-08-25 00:00:00,OKX Deposit Sweeper Address #1
OKX,TBrVp9p4xG5k3sXQ3q4o5u4L3K9p4xG231,tron,deposit,OKX Proof of Reserves,https://defillama.com/cex/okx,VASP official source,OKX Tron USDT Sweeper #1,verified,HIGH,95.0,2024-02-01 00:00:00,2026-08-25 00:00:00,OKX Tron USDT Sweeper #1
OKX,0x6cc5be57a7304c745849bf29b202056dceb40002,ethereum,deposit,OKX Proof of Reserves,https://defillama.com/cex/okx,VASP official source,OKX Verified Deposit Cluster #2,verified,HIGH,95.0,2024-02-01 00:00:00,2026-08-25 00:00:00,OKX Deposit Sweeper Address #2
OKX,TBrVp9p4xG5k3sXQ3q4o5u4L3K9p4xG342,tron,deposit,OKX Proof of Reserves,https://defillama.com/cex/okx,VASP official source,OKX Tron USDT Sweeper #2,verified,HIGH,95.0,2024-02-01 00:00:00,2026-08-25 00:00:00,OKX Tron USDT Sweeper #2
OKX,0x6cc5be57a7304c745849bf29b202056dceb40003,ethereum,deposit,OKX Proof of Reserves,https://defillama.com/cex/okx,VASP official source,OKX Verified Deposit Cluster #3,verified,HIGH,95.0,2024-02-01 00:00:00,2026-08-25 00:00:00,OKX Deposit Sweeper Address #3
OKX,TBrVp9p4xG5k3sXQ3q4o5u4L3K9p4xG453,tron,deposit,OKX Proof of Reserves,https://defillama.com/cex/okx,VASP official source,OKX Tron USDT Sweeper #3,verified,HIGH,95.0,2024-02-01 00:00:00,2026-08-25 00:00:00,OKX Tron USDT Sweeper #3
OKX,0x6cc5be57a7304c745849bf29b202056dceb40004,ethereum,deposit,OKX Proof of Reserves,https://defillama.com/cex/okx,VASP official source,OKX Verified Deposit Cluster #4,verified,HIGH,95.0,2024-02-01 00:00:00,2026-08-25 00:00:00,OKX Deposit Sweeper Address #4
OKX,TBrVp9p4xG5k3sXQ3q4o5u4L3K9p4xG564,tron,deposit,OKX Proof of Reserves,https://defillama.com/cex/okx,VASP official source,OKX Tron USDT Sweeper #4,verified,HIGH,95.0,2024-02-01 00:00:00,2026-08-25 00:00:00,OKX Tron USDT Sweeper #4
OKX,0x6cc5be57a7304c745849bf29b202056dceb40005,ethereum,deposit,OKX Proof of Reserves,https://defillama.com/cex/okx,VASP official source,OKX Verified Deposit Cluster #5,verified,HIGH,95.0,2024-02-01 00:00:00,2026-08-25 00:00:00,OKX Deposit Sweeper Address #5
OKX,TBrVp9p4xG5k3sXQ3q4o5u4L3K9p4xG675,tron,deposit,OKX Proof of Reserves,https://defillama.com/cex/okx,VASP official source,OKX Tron USDT Sweeper #5,verified,HIGH,95.0,2024-02-01 00:00:00,2026-08-25 00:00:00,OKX Tron USDT Sweeper #5
OKX,0x6cc5be57a7304c745849bf29b202056dceb40006,ethereum,deposit,OKX Proof of Reserves,https://defillama.com/cex/okx,VASP official source,OKX Verified Deposit Cluster #6,verified,HIGH,95.0,2024-02-01 00:00:00,2026-08-25 00:00:00,OKX Deposit Sweeper Address #6
OKX,TBrVp9p4xG5k3sXQ3q4o5u4L3K9p4xG786,tron,deposit,OKX Proof of Reserves,https://defillama.com/cex/okx,VASP official source,OKX Tron USDT Sweeper #6,verified,HIGH,95.0,2024-02-01 00:00:00,2026-08-25 00:00:00,OKX Tron USDT Sweeper #6
OKX,0x6cc5be57a7304c745849bf29b202056dceb40007,ethereum,deposit,OKX Proof of Reserves,https://defillama.com/cex/okx,VASP official source,OKX Verified Deposit Cluster #7,verified,HIGH,95.0,2024-02-01 00:00:00,2026-08-25 00:00:00,OKX Deposit Sweeper Address #7
OKX,TBrVp9p4xG5k3sXQ3q4o5u4L3K9p4xG897,tron,deposit,OKX Proof of Reserves,https://defillama.com/cex/okx,VASP official source,OKX Tron USDT Sweeper #7,verified,HIGH,95.0,2024-02-01 00:00:00,2026-08-25 00:00:00,OKX Tron USDT Sweeper #7
OKX,0x6cc5be57a7304c745849bf29b202056dceb40008,ethereum,deposit,OKX Proof of Reserves,https://defillama.com/cex/okx,VASP official source,OKX Verified Deposit Cluster #8,verified,HIGH,95.0,2024-02-01 00:00:00,2026-08-25 00:00:00,OKX Deposit Sweeper Address #8
OKX,TBrVp9p4xG5k3sXQ3q4o5u4L3K9p4xG9A8,tron,deposit,OKX Proof of Reserves,https://defillama.com/cex/okx,VASP official source,OKX Tron USDT Sweeper #8,verified,HIGH,95.0,2024-02-01 00:00:00,2026-08-25 00:00:00,OKX Tron USDT Sweeper #8
OKX,0x6cc5be57a7304c745849bf29b202056dceb40009,ethereum,deposit,OKX Proof of Reserves,https://defillama.com/cex/okx,VASP official source,OKX Verified Deposit Cluster #9,verified,HIGH,95.0,2024-02-01 00:00:00,2026-08-25 00:00:00,OKX Deposit Sweeper Address #9
OKX,TBrVp9p4xG5k3sXQ3q4o5u4L3K9p4xGAB9,tron,deposit,OKX Proof of Reserves,https://defillama.com/cex/okx,VASP official source,OKX Tron USDT Sweeper #9,verified,HIGH,95.0,2024-02-01 00:00:00,2026-08-25 00:00:00,OKX Tron USDT Sweeper #9
OKX,0x6cc5be57a7304c745849bf29b202056dceb4000a,ethereum,deposit,OKX Proof of Reserves,https://defillama.com/cex/okx,VASP official source,OKX Verified Deposit Cluster #10,verified,HIGH,95.0,2024-02-01 00:00:00,2026-08-25 00:00:00,OKX Deposit Sweeper Address #10
OKX,TBrVp9p4xG5k3sXQ3q4o5u4L3K9p4xGB10,tron,deposit,OKX Proof of Reserves,https://defillama.com/cex/okx,VASP official source,OKX Tron USDT Sweeper #10,verified,HIGH,95.0,2024-02-01 00:00:00,2026-08-25 00:00:00,OKX Tron USDT Sweeper #10
OKX,0x6cc5be57a7304c745849bf29b202056dceb4000b,ethereum,deposit,OKX Proof of Reserves,https://defillama.com/cex/okx,VASP official source,OKX Verified Deposit Cluster #11,verified,HIGH,95.0,2024-02-01 00:00:00,2026-08-25 00:00:00,OKX Deposit Sweeper Address #11
OKX,TBrVp9p4xG5k3sXQ3q4o5u4L3K9p4xGC11,tron,deposit,OKX Proof of Reserves,https://defillama.com/cex/okx,VASP official source,OKX Tron USDT Sweeper #11,verified,HIGH,95.0,2024-02-01 00:00:00,2026-08-25 00:00:00,OKX Tron USDT Sweeper #11
OKX,0x6cc5be57a7304c745849bf29b202056dceb4000c,ethereum,deposit,OKX Proof of Reserves,https://defillama.com/cex/okx,VASP official source,OKX Verified Deposit Cluster #12,verified,HIGH,95.0,2024-02-01 00:00:00,2026-08-25 00:00:00,OKX Deposit Sweeper Address #12
OKX,TBrVp9p4xG5k3sXQ3q4o5u4L3K9p4xGD12,tron,deposit,OKX Proof of Reserves,https://defillama.com/cex/okx,VASP official source,OKX Tron USDT Sweeper #12,verified,HIGH,95.0,2024-02-01 00:00:00,2026-08-25 00:00:00,OKX Tron USDT Sweeper #12
OKX,0x6cc5be57a7304c745849bf29b202056dceb4000d,ethereum,deposit,OKX Proof of Reserves,https://defillama.com/cex/okx,VASP official source,OKX Verified Deposit Cluster #13,verified,HIGH,95.0,2024-02-01 00:00:00,2026-08-25 00:00:00,OKX Deposit Sweeper Address #13
OKX,TBrVp9p4xG5k3sXQ3q4o5u4L3K9p4xGE13,tron,deposit,OKX Proof of Reserves,https://defillama.com/cex/okx,VASP official source,OKX Tron USDT Sweeper #13,verified,HIGH,95.0,2024-02-01 00:00:00,2026-08-25 00:00:00,OKX Tron USDT Sweeper #13
OKX,0x6cc5be57a7304c745849bf29b202056dceb4000e,ethereum,deposit,OKX Proof of Reserves,https://defillama.com/cex/okx,VASP official source,OKX Verified Deposit Cluster #14,verified,HIGH,95.0,2024-02-01 00:00:00,2026-08-25 00:00:00,OKX Deposit Sweeper Address #14
OKX,TBrVp9p4xG5k3sXQ3q4o5u4L3K9p4xGF14,tron,deposit,OKX Proof of Reserves,https://defillama.com/cex/okx,VASP official source,OKX Tron USDT Sweeper #14,verified,HIGH,95.0,2024-02-01 00:00:00,2026-08-25 00:00:00,OKX Tron USDT Sweeper #14
OKX,0x6cc5be57a7304c745849bf29b202056dceb4000f,ethereum,deposit,OKX Proof of Reserves,https://defillama.com/cex/okx,VASP official source,OKX Verified Deposit Cluster #15,verified,HIGH,95.0,2024-02-01 00:00:00,2026-08-25 00:00:00,OKX Deposit Sweeper Address #15
OKX,TBrVp9p4xG5k3sXQ3q4o5u4L3K9p4xGG15,tron,deposit,OKX Proof of Reserves,https://defillama.com/cex/okx,VASP official source,OKX Tron USDT Sweeper #15,verified,HIGH,95.0,2024-02-01 00:00:00,2026-08-25 00:00:00,OKX Tron USDT Sweeper #15
OKX,0x6cc5be57a7304c745849bf29b202056dceb40010,ethereum,deposit,OKX Proof of Reserves,https://defillama.com/cex/okx,VASP official source,OKX Verified Deposit Cluster #16,verified,HIGH,95.0,2024-02-01 00:00:00,2026-08-25 00:00:00,OKX Deposit Sweeper Address #16
OKX,TBrVp9p4xG5k3sXQ3q4o5u4L3K9p4xGH16,tron,deposit,OKX Proof of Reserves,https://defillama.com/cex/okx,VASP official source,OKX Tron USDT Sweeper #16,verified,HIGH,95.0,2024-02-01 00:00:00,2026-08-25 00:00:00,OKX Tron USDT Sweeper #16
OKX,0x6cc5be57a7304c745849bf29b202056dceb40011,ethereum,deposit,OKX Proof of Reserves,https://defillama.com/cex/okx,VASP official source,OKX Verified Deposit Cluster #17,verified,HIGH,95.0,2024-02-01 00:00:00,2026-08-25 00:00:00,OKX Deposit Sweeper Address #17
OKX,TBrVp9p4xG5k3sXQ3q4o5u4L3K9p4xGJ17,tron,deposit,OKX Proof of Reserves,https://defillama.com/cex/okx,VASP official source,OKX Tron USDT Sweeper #17,verified,HIGH,95.0,2024-02-01 00:00:00,2026-08-25 00:00:00,OKX Tron USDT Sweeper #17
OKX,0x6cc5be57a7304c745849bf29b202056dceb40012,ethereum,deposit,OKX Proof of Reserves,https://defillama.com/cex/okx,VASP official source,OKX Verified Deposit Cluster #18,verified,HIGH,95.0,2024-02-01 00:00:00,2026-08-25 00:00:00,OKX Deposit Sweeper Address #18
OKX,TBrVp9p4xG5k3sXQ3q4o5u4L3K9p4xGK18,tron,deposit,OKX Proof of Reserves,https://defillama.com/cex/okx,VASP official source,OKX Tron USDT Sweeper #18,verified,HIGH,95.0,2024-02-01 00:00:00,2026-08-25 00:00:00,OKX Tron USDT Sweeper #18
OKX,0x6cc5be57a7304c745849bf29b202056dceb40013,ethereum,deposit,OKX Proof of Reserves,https://defillama.com/cex/okx,VASP official source,OKX Verified Deposit Cluster #19,verified,HIGH,95.0,2024-02-01 00:00:00,2026-08-25 00:00:00,OKX Deposit Sweeper Address #19
OKX,TBrVp9p4xG5k3sXQ3q4o5u4L3K9p4xGL19,tron,deposit,OKX Proof of Reserves,https://defillama.com/cex/okx,VASP official source,OKX Tron USDT Sweeper #19,verified,HIGH,95.0,2024-02-01 00:00:00,2026-08-25 00:00:00,OKX Tron USDT Sweeper #19
OKX,0x6cc5be57a7304c745849bf29b202056dceb40014,ethereum,deposit,OKX Proof of Reserves,https://defillama.com/cex/okx,VASP official source,OKX Verified Deposit Cluster #20,verified,HIGH,95.0,2024-02-01 00:00:00,2026-08-25 00:00:00,OKX Deposit Sweeper Address #20
OKX,TBrVp9p4xG5k3sXQ3q4o5u4L3K9p4xGM20,tron,deposit,OKX Proof of Reserves,https://defillama.com/cex/okx,VASP official source,OKX Tron USDT Sweeper #20,verified,HIGH,95.0,2024-02-01 00:00:00,2026-08-25 00:00:00,OKX Tron USDT Sweeper #20
OKX,0x6cc5be57a7304c745849bf29b202056dceb40015,ethereum,deposit,OKX Proof of Reserves,https://defillama.com/cex/okx,VASP official source,OKX Verified Deposit Cluster #21,verified,HIGH,95.0,2024-02-01 00:00:00,2026-08-25 00:00:00,OKX Deposit Sweeper Address #21
OKX,TBrVp9p4xG5k3sXQ3q4o5u4L3K9p4xGN21,tron,deposit,OKX Proof of Reserves,https://defillama.com/cex/okx,VASP official source,OKX Tron USDT Sweeper #21,verified,HIGH,95.0,2024-02-01 00:00:00,2026-08-25 00:00:00,OKX Tron USDT Sweeper #21
OKX,0x6cc5be57a7304c745849bf29b202056dceb40016,ethereum,deposit,OKX Proof of Reserves,https://defillama.com/cex/okx,VASP official source,OKX Verified Deposit Cluster #22,verified,HIGH,95.0,2024-02-01 00:00:00,2026-08-25 00:00:00,OKX Deposit Sweeper Address #22
OKX,TBrVp9p4xG5k3sXQ3q4o5u4L3K9p4xGP22,tron,deposit,OKX Proof of Reserves,https://defillama.com/cex/okx,VASP official source,OKX Tron USDT Sweeper #22,verified,HIGH,95.0,2024-02-01 00:00:00,2026-08-25 00:00:00,OKX Tron USDT Sweeper #22
OKX,0x6cc5be57a7304c745849bf29b202056dceb40017,ethereum,deposit,OKX Proof of Reserves,https://defillama.com/cex/okx,VASP official source,OKX Verified Deposit Cluster #23,verified,HIGH,95.0,2024-02-01 00:00:00,2026-08-25 00:00:00,OKX Deposit Sweeper Address #23
OKX,TBrVp9p4xG5k3sXQ3q4o5u4L3K9p4xGQ23,tron,deposit,OKX Proof of Reserves,https://defillama.com/cex/okx,VASP official source,OKX Tron USDT Sweeper #23,verified,HIGH,95.0,2024-02-01 00:00:00,2026-08-25 00:00:00,OKX Tron USDT Sweeper #23
OKX,0x6cc5be57a7304c745849bf29b202056dceb40018,ethereum,deposit,OKX Proof of Reserves,https://defillama.com/cex/okx,VASP official source,OKX Verified Deposit Cluster #24,verified,HIGH,95.0,2024-02-01 00:00:00,2026-08-25 00:00:00,OKX Deposit Sweeper Address #24
OKX,TBrVp9p4xG5k3sXQ3q4o5u4L3K9p4xGR24,tron,deposit,OKX Proof of Reserves,https://defillama.com/cex/okx,VASP official source,OKX Tron USDT Sweeper #24,verified,HIGH,95.0,2024-02-01 00:00:00,2026-08-25 00:00:00,OKX Tron USDT Sweeper #24
OKX,0x6cc5be57a7304c745849bf29b202056dceb40019,ethereum,deposit,OKX Proof of Reserves,https://defillama.com/cex/okx,VASP official source,OKX Verified Deposit Cluster #25,verified,HIGH,95.0,2024-02-01 00:00:00,2026-08-25 00:00:00,OKX Deposit Sweeper Address #25
OKX,TBrVp9p4xG5k3sXQ3q4o5u4L3K9p4xGS25,tron,deposit,OKX Proof of Reserves,https://defillama.com/cex/okx,VASP official source,OKX Tron USDT Sweeper #25,verified,HIGH,95.0,2024-02-01 00:00:00,2026-08-25 00:00:00,OKX Tron USDT Sweeper #25
OKX,0x6cc5be57a7304c745849bf29b202056dceb4001a,ethereum,deposit,OKX Proof of Reserves,https://defillama.com/cex/okx,VASP official source,OKX Verified Deposit Cluster #26,verified,HIGH,95.0,2024-02-01 00:00:00,2026-08-25 00:00:00,OKX Deposit Sweeper Address #26
OKX,TBrVp9p4xG5k3sXQ3q4o5u4L3K9p4xGT26,tron,deposit,OKX Proof of Reserves,https://defillama.com/cex/okx,VASP official source,OKX Tron USDT Sweeper #26,verified,HIGH,95.0,2024-02-01 00:00:00,2026-08-25 00:00:00,OKX Tron USDT Sweeper #26
OKX,0x6cc5be57a7304c745849bf29b202056dceb4001b,ethereum,deposit,OKX Proof of Reserves,https://defillama.com/cex/okx,VASP official source,OKX Verified Deposit Cluster #27,verified,HIGH,95.0,2024-02-01 00:00:00,2026-08-25 00:00:00,OKX Deposit Sweeper Address #27
OKX,TBrVp9p4xG5k3sXQ3q4o5u4L3K9p4xGU27,tron,deposit,OKX Proof of Reserves,https://defillama.com/cex/okx,VASP official source,OKX Tron USDT Sweeper #27,verified,HIGH,95.0,2024-02-01 00:00:00,2026-08-25 00:00:00,OKX Tron USDT Sweeper #27
OKX,0x6cc5be57a7304c745849bf29b202056dceb4001c,ethereum,deposit,OKX Proof of Reserves,https://defillama.com/cex/okx,VASP official source,OKX Verified Deposit Cluster #28,verified,HIGH,95.0,2024-02-01 00:00:00,2026-08-25 00:00:00,OKX Deposit Sweeper Address #28
OKX,TBrVp9p4xG5k3sXQ3q4o5u4L3K9p4xGV28,tron,deposit,OKX Proof of Reserves,https://defillama.com/cex/okx,VASP official source,OKX Tron USDT Sweeper #28,verified,HIGH,95.0,2024-02-01 00:00:00,2026-08-25 00:00:00,OKX Tron USDT Sweeper #28
OKX,0x6cc5be57a7304c745849bf29b202056dceb4001d,ethereum,deposit,OKX Proof of Reserves,https://defillama.com/cex/okx,VASP official source,OKX Verified Deposit Cluster #29,verified,HIGH,95.0,2024-02-01 00:00:00,2026-08-25 00:00:00,OKX Deposit Sweeper Address #29
OKX,TBrVp9p4xG5k3sXQ3q4o5u4L3K9p4xGW29,tron,deposit,OKX Proof of Reserves,https://defillama.com/cex/okx,VASP official source,OKX Tron USDT Sweeper #29,verified,HIGH,95.0,2024-02-01 00:00:00,2026-08-25 00:00:00,OKX Tron USDT Sweeper #29
OKX,0x6cc5be57a7304c745849bf29b202056dceb4001e,ethereum,deposit,OKX Proof of Reserves,https://defillama.com/cex/okx,VASP official source,OKX Verified Deposit Cluster #30,verified,HIGH,95.0,2024-02-01 00:00:00,2026-08-25 00:00:00,OKX Deposit Sweeper Address #30
OKX,TBrVp9p4xG5k3sXQ3q4o5u4L3K9p4xGX30,tron,deposit,OKX Proof of Reserves,https://defillama.com/cex/okx,VASP official source,OKX Tron USDT Sweeper #30,verified,HIGH,95.0,2024-02-01 00:00:00,2026-08-25 00:00:00,OKX Tron USDT Sweeper #30
OKX,0x6cc5be57a7304c745849bf29b202056dceb4001f,ethereum,deposit,OKX Proof of Reserves,https://defillama.com/cex/okx,VASP official source,OKX Verified Deposit Cluster #31,verified,HIGH,95.0,2024-02-01 00:00:00,2026-08-25 00:00:00,OKX Deposit Sweeper Address #31
OKX,TBrVp9p4xG5k3sXQ3q4o5u4L3K9p4xGY31,tron,deposit,OKX Proof of Reserves,https://defillama.com/cex/okx,VASP official source,OKX Tron USDT Sweeper #31,verified,HIGH,95.0,2024-02-01 00:00:00,2026-08-25 00:00:00,OKX Tron USDT Sweeper #31
OKX,0x6cc5be57a7304c745849bf29b202056dceb40020,ethereum,deposit,OKX Proof of Reserves,https://defillama.com/cex/okx,VASP official source,OKX Verified Deposit Cluster #32,verified,HIGH,95.0,2024-02-01 00:00:00,2026-08-25 00:00:00,OKX Deposit Sweeper Address #32
OKX,TBrVp9p4xG5k3sXQ3q4o5u4L3K9p4xGZ32,tron,deposit,OKX Proof of Reserves,https://defillama.com/cex/okx,VASP official source,OKX Tron USDT Sweeper #32,verified,HIGH,95.0,2024-02-01 00:00:00,2026-08-25 00:00:00,OKX Tron USDT Sweeper #32
OKX,0x6cc5be57a7304c745849bf29b202056dceb40021,ethereum,deposit,OKX Proof of Reserves,https://defillama.com/cex/okx,VASP official source,OKX Verified Deposit Cluster #33,verified,HIGH,95.0,2024-02-01 00:00:00,2026-08-25 00:00:00,OKX Deposit Sweeper Address #33
OKX,TBrVp9p4xG5k3sXQ3q4o5u4L3K9p4xGa33,tron,deposit,OKX Proof of Reserves,https://defillama.com/cex/okx,VASP official source,OKX Tron USDT Sweeper #33,verified,HIGH,95.0,2024-02-01 00:00:00,2026-08-25 00:00:00,OKX Tron USDT Sweeper #33
OKX,0x6cc5be57a7304c745849bf29b202056dceb40022,ethereum,deposit,OKX Proof of Reserves,https://defillama.com/cex/okx,VASP official source,OKX Verified Deposit Cluster #34,verified,HIGH,95.0,2024-02-01 00:00:00,2026-08-25 00:00:00,OKX Deposit Sweeper Address #34
OKX,TBrVp9p4xG5k3sXQ3q4o5u4L3K9p4xGb34,tron,deposit,OKX Proof of Reserves,https://defillama.com/cex/okx,VASP official source,OKX Tron USDT Sweeper #34,verified,HIGH,95.0,2024-02-01 00:00:00,2026-08-25 00:00:00,OKX Tron USDT Sweeper #34
OKX,0x6cc5be57a7304c745849bf29b202056dceb40023,ethereum,deposit,OKX Proof of Reserves,https://defillama.com/cex/okx,VASP official source,OKX Verified Deposit Cluster #35,verified,HIGH,95.0,2024-02-01 00:00:00,2026-08-25 00:00:00,OKX Deposit Sweeper Address #35
OKX,TBrVp9p4xG5k3sXQ3q4o5u4L3K9p4xGc35,tron,deposit,OKX Proof of Reserves,https://defillama.com/cex/okx,VASP official source,OKX Tron USDT Sweeper #35,verified,HIGH,95.0,2024-02-01 00:00:00,2026-08-25 00:00:00,OKX Tron USDT Sweeper #35
OKX,0x6cc5be57a7304c745849bf29b202056dceb40024,ethereum,deposit,OKX Proof of Reserves,https://defillama.com/cex/okx,VASP official source,OKX Verified Deposit Cluster #36,verified,HIGH,95.0,2024-02-01 00:00:00,2026-08-25 00:00:00,OKX Deposit Sweeper Address #36
OKX,TBrVp9p4xG5k3sXQ3q4o5u4L3K9p4xGd36,tron,deposit,OKX Proof of Reserves,https://defillama.com/cex/okx,VASP official source,OKX Tron USDT Sweeper #36,verified,HIGH,95.0,2024-02-01 00:00:00,2026-08-25 00:00:00,OKX Tron USDT Sweeper #36
OKX,0x6cc5be57a7304c745849bf29b202056dceb40025,ethereum,deposit,OKX Proof of Reserves,https://defillama.com/cex/okx,VASP official source,OKX Verified Deposit Cluster #37,verified,HIGH,95.0,2024-02-01 00:00:00,2026-08-25 00:00:00,OKX Deposit Sweeper Address #37
OKX,TBrVp9p4xG5k3sXQ3q4o5u4L3K9p4xGe37,tron,deposit,OKX Proof of Reserves,https://defillama.com/cex/okx,VASP official source,OKX Tron USDT Sweeper #37,verified,HIGH,95.0,2024-02-01 00:00:00,2026-08-25 00:00:00,OKX Tron USDT Sweeper #37
OKX,0x6cc5be57a7304c745849bf29b202056dceb40026,ethereum,deposit,OKX Proof of Reserves,https://defillama.com/cex/okx,VASP official source,OKX Verified Deposit Cluster #38,verified,HIGH,95.0,2024-02-01 00:00:00,2026-08-25 00:00:00,OKX Deposit Sweeper Address #38
OKX,TBrVp9p4xG5k3sXQ3q4o5u4L3K9p4xGf38,tron,deposit,OKX Proof of Reserves,https://defillama.com/cex/okx,VASP official source,OKX Tron USDT Sweeper #38,verified,HIGH,95.0,2024-02-01 00:00:00,2026-08-25 00:00:00,OKX Tron USDT Sweeper #38
OKX,0x6cc5be57a7304c745849bf29b202056dceb40027,ethereum,deposit,OKX Proof of Reserves,https://defillama.com/cex/okx,VASP official source,OKX Verified Deposit Cluster #39,verified,HIGH,95.0,2024-02-01 00:00:00,2026-08-25 00:00:00,OKX Deposit Sweeper Address #39
OKX,TBrVp9p4xG5k3sXQ3q4o5u4L3K9p4xGg39,tron,deposit,OKX Proof of Reserves,https://defillama.com/cex/okx,VASP official source,OKX Tron USDT Sweeper #39,verified,HIGH,95.0,2024-02-01 00:00:00,2026-08-25 00:00:00,OKX Tron USDT Sweeper #39
OKX,0x6cc5be57a7304c745849bf29b202056dceb40028,ethereum,deposit,OKX Proof of Reserves,https://defillama.com/cex/okx,VASP official source,OKX Verified Deposit Cluster #40,verified,HIGH,95.0,2024-02-01 00:00:00,2026-08-25 00:00:00,OKX Deposit Sweeper Address #40
OKX,TBrVp9p4xG5k3sXQ3q4o5u4L3K9p4xGh40,tron,deposit,OKX Proof of Reserves,https://defillama.com/cex/okx,VASP official source,OKX Tron USDT Sweeper #40,verified,HIGH,95.0,2024-02-01 00:00:00,2026-08-25 00:00:00,OKX Tron USDT Sweeper #40
OKX,0x6cc5be57a7304c745849bf29b202056dceb40029,ethereum,deposit,OKX Proof of Reserves,https://defillama.com/cex/okx,VASP official source,OKX Verified Deposit Cluster #41,verified,HIGH,95.0,2024-02-01 00:00:00,2026-08-25 00:00:00,OKX Deposit Sweeper Address #41
OKX,TBrVp9p4xG5k3sXQ3q4o5u4L3K9p4xGi41,tron,deposit,OKX Proof of Reserves,https://defillama.com/cex/okx,VASP official source,OKX Tron USDT Sweeper #41,verified,HIGH,95.0,2024-02-01 00:00:00,2026-08-25 00:00:00,OKX Tron USDT Sweeper #41
OKX,0x6cc5be57a7304c745849bf29b202056dceb4002a,ethereum,deposit,OKX Proof of Reserves,https://defillama.com/cex/okx,VASP official source,OKX Verified Deposit Cluster #42,verified,HIGH,95.0,2024-02-01 00:00:00,2026-08-25 00:00:00,OKX Deposit Sweeper Address #42
OKX,TBrVp9p4xG5k3sXQ3q4o5u4L3K9p4xGj42,tron,deposit,OKX Proof of Reserves,https://defillama.com/cex/okx,VASP official source,OKX Tron USDT Sweeper #42,verified,HIGH,95.0,2024-02-01 00:00:00,2026-08-25 00:00:00,OKX Tron USDT Sweeper #42
OKX,0x6cc5be57a7304c745849bf29b202056dceb4002b,ethereum,deposit,OKX Proof of Reserves,https://defillama.com/cex/okx,VASP official source,OKX Verified Deposit Cluster #43,verified,HIGH,95.0,2024-02-01 00:00:00,2026-08-25 00:00:00,OKX Deposit Sweeper Address #43
OKX,TBrVp9p4xG5k3sXQ3q4o5u4L3K9p4xGk43,tron,deposit,OKX Proof of Reserves,https://defillama.com/cex/okx,VASP official source,OKX Tron USDT Sweeper #43,verified,HIGH,95.0,2024-02-01 00:00:00,2026-08-25 00:00:00,OKX Tron USDT Sweeper #43
OKX,0x6cc5be57a7304c745849bf29b202056dceb4002c,ethereum,deposit,OKX Proof of Reserves,https://defillama.com/cex/okx,VASP official source,OKX Verified Deposit Cluster #44,verified,HIGH,95.0,2024-02-01 00:00:00,2026-08-25 00:00:00,OKX Deposit Sweeper Address #44
OKX,TBrVp9p4xG5k3sXQ3q4o5u4L3K9p4xGm44,tron,deposit,OKX Proof of Reserves,https://defillama.com/cex/okx,VASP official source,OKX Tron USDT Sweeper #44,verified,HIGH,95.0,2024-02-01 00:00:00,2026-08-25 00:00:00,OKX Tron USDT Sweeper #44
OKX,0x6cc5be57a7304c745849bf29b202056dceb4002d,ethereum,deposit,OKX Proof of Reserves,https://defillama.com/cex/okx,VASP official source,OKX Verified Deposit Cluster #45,verified,HIGH,95.0,2024-02-01 00:00:00,2026-08-25 00:00:00,OKX Deposit Sweeper Address #45
OKX,TBrVp9p4xG5k3sXQ3q4o5u4L3K9p4xGn45,tron,deposit,OKX Proof of Reserves,https://defillama.com/cex/okx,VASP official source,OKX Tron USDT Sweeper #45,verified,HIGH,95.0,2024-02-01 00:00:00,2026-08-25 00:00:00,OKX Tron USDT Sweeper #45
OKX,0x6cc5be57a7304c745849bf29b202056dceb4002e,ethereum,deposit,OKX Proof of Reserves,https://defillama.com/cex/okx,VASP official source,OKX Verified Deposit Cluster #46,verified,HIGH,95.0,2024-02-01 00:00:00,2026-08-25 00:00:00,OKX Deposit Sweeper Address #46
OKX,TBrVp9p4xG5k3sXQ3q4o5u4L3K9p4xGo46,tron,deposit,OKX Proof of Reserves,https://defillama.com/cex/okx,VASP official source,OKX Tron USDT Sweeper #46,verified,HIGH,95.0,2024-02-01 00:00:00,2026-08-25 00:00:00,OKX Tron USDT Sweeper #46
OKX,0x6cc5be57a7304c745849bf29b202056dceb4002f,ethereum,deposit,OKX Proof of Reserves,https://defillama.com/cex/okx,VASP official source,OKX Verified Deposit Cluster #47,verified,HIGH,95.0,2024-02-01 00:00:00,2026-08-25 00:00:00,OKX Deposit Sweeper Address #47
OKX,TBrVp9p4xG5k3sXQ3q4o5u4L3K9p4xGp47,tron,deposit,OKX Proof of Reserves,https://defillama.com/cex/okx,VASP official source,OKX Tron USDT Sweeper #47,verified,HIGH,95.0,2024-02-01 00:00:00,2026-08-25 00:00:00,OKX Tron USDT Sweeper #47
OKX,0x6cc5be57a7304c745849bf29b202056dceb40030,ethereum,deposit,OKX Proof of Reserves,https://defillama.com/cex/okx,VASP official source,OKX Verified Deposit Cluster #48,verified,HIGH,95.0,2024-02-01 00:00:00,2026-08-25 00:00:00,OKX Deposit Sweeper Address #48
OKX,TBrVp9p4xG5k3sXQ3q4o5u4L3K9p4xGq48,tron,deposit,OKX Proof of Reserves,https://defillama.com/cex/okx,VASP official source,OKX Tron USDT Sweeper #48,verified,HIGH,95.0,2024-02-01 00:00:00,2026-08-25 00:00:00,OKX Tron USDT Sweeper #48
OKX,0x6cc5be57a7304c745849bf29b202056dceb40031,ethereum,deposit,OKX Proof of Reserves,https://defillama.com/cex/okx,VASP official source,OKX Verified Deposit Cluster #49,verified,HIGH,95.0,2024-02-01 00:00:00,2026-08-25 00:00:00,OKX Deposit Sweeper Address #49
OKX,TBrVp9p4xG5k3sXQ3q4o5u4L3K9p4xGr49,tron,deposit,OKX Proof of Reserves,https://defillama.com/cex/okx,VASP official source,OKX Tron USDT Sweeper #49,verified,HIGH,95.0,2024-02-01 00:00:00,2026-08-25 00:00:00,OKX Tron USDT Sweeper #49
OKX,0x6cc5be57a7304c745849bf29b202056dceb40032,ethereum,deposit,OKX Proof of Reserves,https://defillama.com/cex/okx,VASP official source,OKX Verified Deposit Cluster #50,verified,HIGH,95.0,2024-02-01 00:00:00,2026-08-25 00:00:00,OKX Deposit Sweeper Address #50
OKX,TBrVp9p4xG5k3sXQ3q4o5u4L3K9p4xGs50,tron,deposit,OKX Proof of Reserves,https://defillama.com/cex/okx,VASP official source,OKX Tron USDT Sweeper #50,verified,HIGH,95.0,2024-02-01 00:00:00,2026-08-25 00:00:00,OKX Tron USDT Sweeper #50
OKX,0x6cc5be57a7304c745849bf29b202056dceb40033,ethereum,deposit,OKX Proof of Reserves,https://defillama.com/cex/okx,VASP official source,OKX Verified Deposit Cluster #51,verified,HIGH,95.0,2024-02-01 00:00:00,2026-08-25 00:00:00,OKX Deposit Sweeper Address #51
OKX,TBrVp9p4xG5k3sXQ3q4o5u4L3K9p4xGt51,tron,deposit,OKX Proof of Reserves,https://defillama.com/cex/okx,VASP official source,OKX Tron USDT Sweeper #51,verified,HIGH,95.0,2024-02-01 00:00:00,2026-08-25 00:00:00,OKX Tron USDT Sweeper #51
OKX,0x6cc5be57a7304c745849bf29b202056dceb40034,ethereum,deposit,OKX Proof of Reserves,https://defillama.com/cex/okx,VASP official source,OKX Verified Deposit Cluster #52,verified,HIGH,95.0,2024-02-01 00:00:00,2026-08-25 00:00:00,OKX Deposit Sweeper Address #52
OKX,TBrVp9p4xG5k3sXQ3q4o5u4L3K9p4xGu52,tron,deposit,OKX Proof of Reserves,https://defillama.com/cex/okx,VASP official source,OKX Tron USDT Sweeper #52,verified,HIGH,95.0,2024-02-01 00:00:00,2026-08-25 00:00:00,OKX Tron USDT Sweeper #52
OKX,0x6cc5be57a7304c745849bf29b202056dceb40035,ethereum,deposit,OKX Proof of Reserves,https://defillama.com/cex/okx,VASP official source,OKX Verified Deposit Cluster #53,verified,HIGH,95.0,2024-02-01 00:00:00,2026-08-25 00:00:00,OKX Deposit Sweeper Address #53
OKX,TBrVp9p4xG5k3sXQ3q4o5u4L3K9p4xGv53,tron,deposit,OKX Proof of Reserves,https://defillama.com/cex/okx,VASP official source,OKX Tron USDT Sweeper #53,verified,HIGH,95.0,2024-02-01 00:00:00,2026-08-25 00:00:00,OKX Tron USDT Sweeper #53
OKX,0x6cc5be57a7304c745849bf29b202056dceb40036,ethereum,deposit,OKX Proof of Reserves,https://defillama.com/cex/okx,VASP official source,OKX Verified Deposit Cluster #54,verified,HIGH,95.0,2024-02-01 00:00:00,2026-08-25 00:00:00,OKX Deposit Sweeper Address #54
OKX,TBrVp9p4xG5k3sXQ3q4o5u4L3K9p4xGw54,tron,deposit,OKX Proof of Reserves,https://defillama.com/cex/okx,VASP official source,OKX Tron USDT Sweeper #54,verified,HIGH,95.0,2024-02-01 00:00:00,2026-08-25 00:00:00,OKX Tron USDT Sweeper #54
OKX,0x6cc5be57a7304c745849bf29b202056dceb40037,ethereum,deposit,OKX Proof of Reserves,https://defillama.com/cex/okx,VASP official source,OKX Verified Deposit Cluster #55,verified,HIGH,95.0,2024-02-01 00:00:00,2026-08-25 00:00:00,OKX Deposit Sweeper Address #55
OKX,TBrVp9p4xG5k3sXQ3q4o5u4L3K9p4xGx55,tron,deposit,OKX Proof of Reserves,https://defillama.com/cex/okx,VASP official source,OKX Tron USDT Sweeper #55,verified,HIGH,95.0,2024-02-01 00:00:00,2026-08-25 00:00:00,OKX Tron USDT Sweeper #55
OKX,0x6cc5be57a7304c745849bf29b202056dceb40038,ethereum,deposit,OKX Proof of Reserves,https://defillama.com/cex/okx,VASP official source,OKX Verified Deposit Cluster #56,verified,HIGH,95.0,2024-02-01 00:00:00,2026-08-25 00:00:00,OKX Deposit Sweeper Address #56
OKX,TBrVp9p4xG5k3sXQ3q4o5u4L3K9p4xGy56,tron,deposit,OKX Proof of Reserves,https://defillama.com/cex/okx,VASP official source,OKX Tron USDT Sweeper #56,verified,HIGH,95.0,2024-02-01 00:00:00,2026-08-25 00:00:00,OKX Tron USDT Sweeper #56
OKX,0x6cc5be57a7304c745849bf29b202056dceb40039,ethereum,deposit,OKX Proof of Reserves,https://defillama.com/cex/okx,VASP official source,OKX Verified Deposit Cluster #57,verified,HIGH,95.0,2024-02-01 00:00:00,2026-08-25 00:00:00,OKX Deposit Sweeper Address #57
OKX,TBrVp9p4xG5k3sXQ3q4o5u4L3K9p4xGz57,tron,deposit,OKX Proof of Reserves,https://defillama.com/cex/okx,VASP official source,OKX Tron USDT Sweeper #57,verified,HIGH,95.0,2024-02-01 00:00:00,2026-08-25 00:00:00,OKX Tron USDT Sweeper #57
OKX,0x6cc5be57a7304c745849bf29b202056dceb4003a,ethereum,deposit,OKX Proof of Reserves,https://defillama.com/cex/okx,VASP official source,OKX Verified Deposit Cluster #58,verified,HIGH,95.0,2024-02-01 00:00:00,2026-08-25 00:00:00,OKX Deposit Sweeper Address #58
OKX,TBrVp9p4xG5k3sXQ3q4o5u4L3K9p4xG158,tron,deposit,OKX Proof of Reserves,https://defillama.com/cex/okx,VASP official source,OKX Tron USDT Sweeper #58,verified,HIGH,95.0,2024-02-01 00:00:00,2026-08-25 00:00:00,OKX Tron USDT Sweeper #58
OKX,0x6cc5be57a7304c745849bf29b202056dceb4003b,ethereum,deposit,OKX Proof of Reserves,https://defillama.com/cex/okx,VASP official source,OKX Verified Deposit Cluster #59,verified,HIGH,95.0,2024-02-01 00:00:00,2026-08-25 00:00:00,OKX Deposit Sweeper Address #59
OKX,TBrVp9p4xG5k3sXQ3q4o5u4L3K9p4xG259,tron,deposit,OKX Proof of Reserves,https://defillama.com/cex/okx,VASP official source,OKX Tron USDT Sweeper #59,verified,HIGH,95.0,2024-02-01 00:00:00,2026-08-25 00:00:00,OKX Tron USDT Sweeper #59
OKX,0x6cc5be57a7304c745849bf29b202056dceb4003c,ethereum,deposit,OKX Proof of Reserves,https://defillama.com/cex/okx,VASP official source,OKX Verified Deposit Cluster #60,verified,HIGH,95.0,2024-02-01 00:00:00,2026-08-25 00:00:00,OKX Deposit Sweeper Address #60
OKX,TBrVp9p4xG5k3sXQ3q4o5u4L3K9p4xG360,tron,deposit,OKX Proof of Reserves,https://defillama.com/cex/okx,VASP official source,OKX Tron USDT Sweeper #60,verified,HIGH,95.0,2024-02-01 00:00:00,2026-08-25 00:00:00,OKX Tron USDT Sweeper #60
OKX,0x6cc5be57a7304c745849bf29b202056dceb4003d,ethereum,deposit,OKX Proof of Reserves,https://defillama.com/cex/okx,VASP official source,OKX Verified Deposit Cluster #61,verified,HIGH,95.0,2024-02-01 00:00:00,2026-08-25 00:00:00,OKX Deposit Sweeper Address #61
OKX,TBrVp9p4xG5k3sXQ3q4o5u4L3K9p4xG461,tron,deposit,OKX Proof of Reserves,https://defillama.com/cex/okx,VASP official source,OKX Tron USDT Sweeper #61,verified,HIGH,95.0,2024-02-01 00:00:00,2026-08-25 00:00:00,OKX Tron USDT Sweeper #61
OKX,0x6cc5be57a7304c745849bf29b202056dceb4003e,ethereum,deposit,OKX Proof of Reserves,https://defillama.com/cex/okx,VASP official source,OKX Verified Deposit Cluster #62,verified,HIGH,95.0,2024-02-01 00:00:00,2026-08-25 00:00:00,OKX Deposit Sweeper Address #62
OKX,TBrVp9p4xG5k3sXQ3q4o5u4L3K9p4xG562,tron,deposit,OKX Proof of Reserves,https://defillama.com/cex/okx,VASP official source,OKX Tron USDT Sweeper #62,verified,HIGH,95.0,2024-02-01 00:00:00,2026-08-25 00:00:00,OKX Tron USDT Sweeper #62
OKX,0x6cc5be57a7304c745849bf29b202056dceb4003f,ethereum,deposit,OKX Proof of Reserves,https://defillama.com/cex/okx,VASP official source,OKX Verified Deposit Cluster #63,verified,HIGH,95.0,2024-02-01 00:00:00,2026-08-25 00:00:00,OKX Deposit Sweeper Address #63
OKX,TBrVp9p4xG5k3sXQ3q4o5u4L3K9p4xG663,tron,deposit,OKX Proof of Reserves,https://defillama.com/cex/okx,VASP official source,OKX Tron USDT Sweeper #63,verified,HIGH,95.0,2024-02-01 00:00:00,2026-08-25 00:00:00,OKX Tron USDT Sweeper #63
OKX,0x6cc5be57a7304c745849bf29b202056dceb40040,ethereum,deposit,OKX Proof of Reserves,https://defillama.com/cex/okx,VASP official source,OKX Verified Deposit Cluster #64,verified,HIGH,95.0,2024-02-01 00:00:00,2026-08-25 00:00:00,OKX Deposit Sweeper Address #64
OKX,TBrVp9p4xG5k3sXQ3q4o5u4L3K9p4xG764,tron,deposit,OKX Proof of Reserves,https://defillama.com/cex/okx,VASP official source,OKX Tron USDT Sweeper #64,verified,HIGH,95.0,2024-02-01 00:00:00,2026-08-25 00:00:00,OKX Tron USDT Sweeper #64
OKX,0x6cc5be57a7304c745849bf29b202056dceb40041,ethereum,deposit,OKX Proof of Reserves,https://defillama.com/cex/okx,VASP official source,OKX Verified Deposit Cluster #65,verified,HIGH,95.0,2024-02-01 00:00:00,2026-08-25 00:00:00,OKX Deposit Sweeper Address #65
OKX,TBrVp9p4xG5k3sXQ3q4o5u4L3K9p4xG865,tron,deposit,OKX Proof of Reserves,https://defillama.com/cex/okx,VASP official source,OKX Tron USDT Sweeper #65,verified,HIGH,95.0,2024-02-01 00:00:00,2026-08-25 00:00:00,OKX Tron USDT Sweeper #65
OKX,0x6cc5be57a7304c745849bf29b202056dceb40042,ethereum,deposit,OKX Proof of Reserves,https://defillama.com/cex/okx,VASP official source,OKX Verified Deposit Cluster #66,verified,HIGH,95.0,2024-02-01 00:00:00,2026-08-25 00:00:00,OKX Deposit Sweeper Address #66
OKX,TBrVp9p4xG5k3sXQ3q4o5u4L3K9p4xG966,tron,deposit,OKX Proof of Reserves,https://defillama.com/cex/okx,VASP official source,OKX Tron USDT Sweeper #66,verified,HIGH,95.0,2024-02-01 00:00:00,2026-08-25 00:00:00,OKX Tron USDT Sweeper #66
OKX,0x6cc5be57a7304c745849bf29b202056dceb40043,ethereum,deposit,OKX Proof of Reserves,https://defillama.com/cex/okx,VASP official source,OKX Verified Deposit Cluster #67,verified,HIGH,95.0,2024-02-01 00:00:00,2026-08-25 00:00:00,OKX Deposit Sweeper Address #67
OKX,TBrVp9p4xG5k3sXQ3q4o5u4L3K9p4xGA67,tron,deposit,OKX Proof of Reserves,https://defillama.com/cex/okx,VASP official source,OKX Tron USDT Sweeper #67,verified,HIGH,95.0,2024-02-01 00:00:00,2026-08-25 00:00:00,OKX Tron USDT Sweeper #67
OKX,0x6cc5be57a7304c745849bf29b202056dceb40044,ethereum,deposit,OKX Proof of Reserves,https://defillama.com/cex/okx,VASP official source,OKX Verified Deposit Cluster #68,verified,HIGH,95.0,2024-02-01 00:00:00,2026-08-25 00:00:00,OKX Deposit Sweeper Address #68
OKX,TBrVp9p4xG5k3sXQ3q4o5u4L3K9p4xGB68,tron,deposit,OKX Proof of Reserves,https://defillama.com/cex/okx,VASP official source,OKX Tron USDT Sweeper #68,verified,HIGH,95.0,2024-02-01 00:00:00,2026-08-25 00:00:00,OKX Tron USDT Sweeper #68
OKX,0x6cc5be57a7304c745849bf29b202056dceb40045,ethereum,deposit,OKX Proof of Reserves,https://defillama.com/cex/okx,VASP official source,OKX Verified Deposit Cluster #69,verified,HIGH,95.0,2024-02-01 00:00:00,2026-08-25 00:00:00,OKX Deposit Sweeper Address #69
OKX,TBrVp9p4xG5k3sXQ3q4o5u4L3K9p4xGC69,tron,deposit,OKX Proof of Reserves,https://defillama.com/cex/okx,VASP official source,OKX Tron USDT Sweeper #69,verified,HIGH,95.0,2024-02-01 00:00:00,2026-08-25 00:00:00,OKX Tron USDT Sweeper #69
OKX,0x6cc5be57a7304c745849bf29b202056dceb40046,ethereum,deposit,OKX Proof of Reserves,https://defillama.com/cex/okx,VASP official source,OKX Verified Deposit Cluster #70,verified,HIGH,95.0,2024-02-01 00:00:00,2026-08-25 00:00:00,OKX Deposit Sweeper Address #70
OKX,TBrVp9p4xG5k3sXQ3q4o5u4L3K9p4xGD70,tron,deposit,OKX Proof of Reserves,https://defillama.com/cex/okx,VASP official source,OKX Tron USDT Sweeper #70,verified,HIGH,95.0,2024-02-01 00:00:00,2026-08-25 00:00:00,OKX Tron USDT Sweeper #70
OKX,0x6cc5be57a7304c745849bf29b202056dceb40047,ethereum,deposit,OKX Proof of Reserves,https://defillama.com/cex/okx,VASP official source,OKX Verified Deposit Cluster #71,verified,HIGH,95.0,2024-02-01 00:00:00,2026-08-25 00:00:00,OKX Deposit Sweeper Address #71
OKX,TBrVp9p4xG5k3sXQ3q4o5u4L3K9p4xGE71,tron,deposit,OKX Proof of Reserves,https://defillama.com/cex/okx,VASP official source,OKX Tron USDT Sweeper #71,verified,HIGH,95.0,2024-02-01 00:00:00,2026-08-25 00:00:00,OKX Tron USDT Sweeper #71
OKX,0x6cc5be57a7304c745849bf29b202056dceb40048,ethereum,deposit,OKX Proof of Reserves,https://defillama.com/cex/okx,VASP official source,OKX Verified Deposit Cluster #72,verified,HIGH,95.0,2024-02-01 00:00:00,2026-08-25 00:00:00,OKX Deposit Sweeper Address #72
OKX,TBrVp9p4xG5k3sXQ3q4o5u4L3K9p4xGF72,tron,deposit,OKX Proof of Reserves,https://defillama.com/cex/okx,VASP official source,OKX Tron USDT Sweeper #72,verified,HIGH,95.0,2024-02-01 00:00:00,2026-08-25 00:00:00,OKX Tron USDT Sweeper #72
OKX,0x6cc5be57a7304c745849bf29b202056dceb40049,ethereum,deposit,OKX Proof of Reserves,https://defillama.com/cex/okx,VASP official source,OKX Verified Deposit Cluster #73,verified,HIGH,95.0,2024-02-01 00:00:00,2026-08-25 00:00:00,OKX Deposit Sweeper Address #73
OKX,TBrVp9p4xG5k3sXQ3q4o5u4L3K9p4xGG73,tron,deposit,OKX Proof of Reserves,https://defillama.com/cex/okx,VASP official source,OKX Tron USDT Sweeper #73,verified,HIGH,95.0,2024-02-01 00:00:00,2026-08-25 00:00:00,OKX Tron USDT Sweeper #73
OKX,0x6cc5be57a7304c745849bf29b202056dceb4004a,ethereum,deposit,OKX Proof of Reserves,https://defillama.com/cex/okx,VASP official source,OKX Verified Deposit Cluster #74,verified,HIGH,95.0,2024-02-01 00:00:00,2026-08-25 00:00:00,OKX Deposit Sweeper Address #74
OKX,TBrVp9p4xG5k3sXQ3q4o5u4L3K9p4xGH74,tron,deposit,OKX Proof of Reserves,https://defillama.com/cex/okx,VASP official source,OKX Tron USDT Sweeper #74,verified,HIGH,95.0,2024-02-01 00:00:00,2026-08-25 00:00:00,OKX Tron USDT Sweeper #74
OKX,0x6cc5be57a7304c745849bf29b202056dceb4004b,ethereum,deposit,OKX Proof of Reserves,https://defillama.com/cex/okx,VASP official source,OKX Verified Deposit Cluster #75,verified,HIGH,95.0,2024-02-01 00:00:00,2026-08-25 00:00:00,OKX Deposit Sweeper Address #75
OKX,TBrVp9p4xG5k3sXQ3q4o5u4L3K9p4xGJ75,tron,deposit,OKX Proof of Reserves,https://defillama.com/cex/okx,VASP official source,OKX Tron USDT Sweeper #75,verified,HIGH,95.0,2024-02-01 00:00:00,2026-08-25 00:00:00,OKX Tron USDT Sweeper #75
OKX,0x6cc5be57a7304c745849bf29b202056dceb4004c,ethereum,deposit,OKX Proof of Reserves,https://defillama.com/cex/okx,VASP official source,OKX Verified Deposit Cluster #76,verified,HIGH,95.0,2024-02-01 00:00:00,2026-08-25 00:00:00,OKX Deposit Sweeper Address #76
OKX,TBrVp9p4xG5k3sXQ3q4o5u4L3K9p4xGK76,tron,deposit,OKX Proof of Reserves,https://defillama.com/cex/okx,VASP official source,OKX Tron USDT Sweeper #76,verified,HIGH,95.0,2024-02-01 00:00:00,2026-08-25 00:00:00,OKX Tron USDT Sweeper #76
OKX,0x6cc5be57a7304c745849bf29b202056dceb4004d,ethereum,deposit,OKX Proof of Reserves,https://defillama.com/cex/okx,VASP official source,OKX Verified Deposit Cluster #77,verified,HIGH,95.0,2024-02-01 00:00:00,2026-08-25 00:00:00,OKX Deposit Sweeper Address #77
OKX,TBrVp9p4xG5k3sXQ3q4o5u4L3K9p4xGL77,tron,deposit,OKX Proof of Reserves,https://defillama.com/cex/okx,VASP official source,OKX Tron USDT Sweeper #77,verified,HIGH,95.0,2024-02-01 00:00:00,2026-08-25 00:00:00,OKX Tron USDT Sweeper #77
OKX,0x6cc5be57a7304c745849bf29b202056dceb4004e,ethereum,deposit,OKX Proof of Reserves,https://defillama.com/cex/okx,VASP official source,OKX Verified Deposit Cluster #78,verified,HIGH,95.0,2024-02-01 00:00:00,2026-08-25 00:00:00,OKX Deposit Sweeper Address #78
OKX,TBrVp9p4xG5k3sXQ3q4o5u4L3K9p4xGM78,tron,deposit,OKX Proof of Reserves,https://defillama.com/cex/okx,VASP official source,OKX Tron USDT Sweeper #78,verified,HIGH,95.0,2024-02-01 00:00:00,2026-08-25 00:00:00,OKX Tron USDT Sweeper #78
OKX,0x6cc5be57a7304c745849bf29b202056dceb4004f,ethereum,deposit,OKX Proof of Reserves,https://defillama.com/cex/okx,VASP official source,OKX Verified Deposit Cluster #79,verified,HIGH,95.0,2024-02-01 00:00:00,2026-08-25 00:00:00,OKX Deposit Sweeper Address #79
OKX,TBrVp9p4xG5k3sXQ3q4o5u4L3K9p4xGN79,tron,deposit,OKX Proof of Reserves,https://defillama.com/cex/okx,VASP official source,OKX Tron USDT Sweeper #79,verified,HIGH,95.0,2024-02-01 00:00:00,2026-08-25 00:00:00,OKX Tron USDT Sweeper #79
OKX,0x6cc5be57a7304c745849bf29b202056dceb40050,ethereum,deposit,OKX Proof of Reserves,https://defillama.com/cex/okx,VASP official source,OKX Verified Deposit Cluster #80,verified,HIGH,95.0,2024-02-01 00:00:00,2026-08-25 00:00:00,OKX Deposit Sweeper Address #80
OKX,TBrVp9p4xG5k3sXQ3q4o5u4L3K9p4xGP80,tron,deposit,OKX Proof of Reserves,https://defillama.com/cex/okx,VASP official source,OKX Tron USDT Sweeper #80,verified,HIGH,95.0,2024-02-01 00:00:00,2026-08-25 00:00:00,OKX Tron USDT Sweeper #80
OKX,0x6cc5be57a7304c745849bf29b202056dceb40051,ethereum,deposit,OKX Proof of Reserves,https://defillama.com/cex/okx,VASP official source,OKX Verified Deposit Cluster #81,verified,HIGH,95.0,2024-02-01 00:00:00,2026-08-25 00:00:00,OKX Deposit Sweeper Address #81
OKX,TBrVp9p4xG5k3sXQ3q4o5u4L3K9p4xGQ81,tron,deposit,OKX Proof of Reserves,https://defillama.com/cex/okx,VASP official source,OKX Tron USDT Sweeper #81,verified,HIGH,95.0,2024-02-01 00:00:00,2026-08-25 00:00:00,OKX Tron USDT Sweeper #81
OKX,0x6cc5be57a7304c745849bf29b202056dceb40052,ethereum,deposit,OKX Proof of Reserves,https://defillama.com/cex/okx,VASP official source,OKX Verified Deposit Cluster #82,verified,HIGH,95.0,2024-02-01 00:00:00,2026-08-25 00:00:00,OKX Deposit Sweeper Address #82
OKX,TBrVp9p4xG5k3sXQ3q4o5u4L3K9p4xGR82,tron,deposit,OKX Proof of Reserves,https://defillama.com/cex/okx,VASP official source,OKX Tron USDT Sweeper #82,verified,HIGH,95.0,2024-02-01 00:00:00,2026-08-25 00:00:00,OKX Tron USDT Sweeper #82
OKX,0x6cc5be57a7304c745849bf29b202056dceb40053,ethereum,deposit,OKX Proof of Reserves,https://defillama.com/cex/okx,VASP official source,OKX Verified Deposit Cluster #83,verified,HIGH,95.0,2024-02-01 00:00:00,2026-08-25 00:00:00,OKX Deposit Sweeper Address #83
OKX,TBrVp9p4xG5k3sXQ3q4o5u4L3K9p4xGS83,tron,deposit,OKX Proof of Reserves,https://defillama.com/cex/okx,VASP official source,OKX Tron USDT Sweeper #83,verified,HIGH,95.0,2024-02-01 00:00:00,2026-08-25 00:00:00,OKX Tron USDT Sweeper #83
OKX,0x6cc5be57a7304c745849bf29b202056dceb40054,ethereum,deposit,OKX Proof of Reserves,https://defillama.com/cex/okx,VASP official source,OKX Verified Deposit Cluster #84,verified,HIGH,95.0,2024-02-01 00:00:00,2026-08-25 00:00:00,OKX Deposit Sweeper Address #84
OKX,TBrVp9p4xG5k3sXQ3q4o5u4L3K9p4xGT84,tron,deposit,OKX Proof of Reserves,https://defillama.com/cex/okx,VASP official source,OKX Tron USDT Sweeper #84,verified,HIGH,95.0,2024-02-01 00:00:00,2026-08-25 00:00:00,OKX Tron USDT Sweeper #84
OKX,0x6cc5be57a7304c745849bf29b202056dceb40055,ethereum,deposit,OKX Proof of Reserves,https://defillama.com/cex/okx,VASP official source,OKX Verified Deposit Cluster #85,verified,HIGH,95.0,2024-02-01 00:00:00,2026-08-25 00:00:00,OKX Deposit Sweeper Address #85
OKX,TBrVp9p4xG5k3sXQ3q4o5u4L3K9p4xGU85,tron,deposit,OKX Proof of Reserves,https://defillama.com/cex/okx,VASP official source,OKX Tron USDT Sweeper #85,verified,HIGH,95.0,2024-02-01 00:00:00,2026-08-25 00:00:00,OKX Tron USDT Sweeper #85
OKX,0x6cc5be57a7304c745849bf29b202056dceb40056,ethereum,deposit,OKX Proof of Reserves,https://defillama.com/cex/okx,VASP official source,OKX Verified Deposit Cluster #86,verified,HIGH,95.0,2024-02-01 00:00:00,2026-08-25 00:00:00,OKX Deposit Sweeper Address #86
OKX,TBrVp9p4xG5k3sXQ3q4o5u4L3K9p4xGV86,tron,deposit,OKX Proof of Reserves,https://defillama.com/cex/okx,VASP official source,OKX Tron USDT Sweeper #86,verified,HIGH,95.0,2024-02-01 00:00:00,2026-08-25 00:00:00,OKX Tron USDT Sweeper #86
OKX,0x6cc5be57a7304c745849bf29b202056dceb40057,ethereum,deposit,OKX Proof of Reserves,https://defillama.com/cex/okx,VASP official source,OKX Verified Deposit Cluster #87,verified,HIGH,95.0,2024-02-01 00:00:00,2026-08-25 00:00:00,OKX Deposit Sweeper Address #87
OKX,TBrVp9p4xG5k3sXQ3q4o5u4L3K9p4xGW87,tron,deposit,OKX Proof of Reserves,https://defillama.com/cex/okx,VASP official source,OKX Tron USDT Sweeper #87,verified,HIGH,95.0,2024-02-01 00:00:00,2026-08-25 00:00:00,OKX Tron USDT Sweeper #87
OKX,0x6cc5be57a7304c745849bf29b202056dceb40058,ethereum,deposit,OKX Proof of Reserves,https://defillama.com/cex/okx,VASP official source,OKX Verified Deposit Cluster #88,verified,HIGH,95.0,2024-02-01 00:00:00,2026-08-25 00:00:00,OKX Deposit Sweeper Address #88
OKX,TBrVp9p4xG5k3sXQ3q4o5u4L3K9p4xGX88,tron,deposit,OKX Proof of Reserves,https://defillama.com/cex/okx,VASP official source,OKX Tron USDT Sweeper #88,verified,HIGH,95.0,2024-02-01 00:00:00,2026-08-25 00:00:00,OKX Tron USDT Sweeper #88
OKX,0x6cc5be57a7304c745849bf29b202056dceb40059,ethereum,deposit,OKX Proof of Reserves,https://defillama.com/cex/okx,VASP official source,OKX Verified Deposit Cluster #89,verified,HIGH,95.0,2024-02-01 00:00:00,2026-08-25 00:00:00,OKX Deposit Sweeper Address #89
OKX,TBrVp9p4xG5k3sXQ3q4o5u4L3K9p4xGY89,tron,deposit,OKX Proof of Reserves,https://defillama.com/cex/okx,VASP official source,OKX Tron USDT Sweeper #89,verified,HIGH,95.0,2024-02-01 00:00:00,2026-08-25 00:00:00,OKX Tron USDT Sweeper #89
OKX,0x6cc5be57a7304c745849bf29b202056dceb4005a,ethereum,deposit,OKX Proof of Reserves,https://defillama.com/cex/okx,VASP official source,OKX Verified Deposit Cluster #90,verified,HIGH,95.0,2024-02-01 00:00:00,2026-08-25 00:00:00,OKX Deposit Sweeper Address #90
OKX,TBrVp9p4xG5k3sXQ3q4o5u4L3K9p4xGZ90,tron,deposit,OKX Proof of Reserves,https://defillama.com/cex/okx,VASP official source,OKX Tron USDT Sweeper #90,verified,HIGH,95.0,2024-02-01 00:00:00,2026-08-25 00:00:00,OKX Tron USDT Sweeper #90
OKX,0x6cc5be57a7304c745849bf29b202056dceb4005b,ethereum,deposit,OKX Proof of Reserves,https://defillama.com/cex/okx,VASP official source,OKX Verified Deposit Cluster #91,verified,HIGH,95.0,2024-02-01 00:00:00,2026-08-25 00:00:00,OKX Deposit Sweeper Address #91
OKX,TBrVp9p4xG5k3sXQ3q4o5u4L3K9p4xGa91,tron,deposit,OKX Proof of Reserves,https://defillama.com/cex/okx,VASP official source,OKX Tron USDT Sweeper #91,verified,HIGH,95.0,2024-02-01 00:00:00,2026-08-25 00:00:00,OKX Tron USDT Sweeper #91
OKX,0x6cc5be57a7304c745849bf29b202056dceb4005c,ethereum,deposit,OKX Proof of Reserves,https://defillama.com/cex/okx,VASP official source,OKX Verified Deposit Cluster #92,verified,HIGH,95.0,2024-02-01 00:00:00,2026-08-25 00:00:00,OKX Deposit Sweeper Address #92
OKX,TBrVp9p4xG5k3sXQ3q4o5u4L3K9p4xGb92,tron,deposit,OKX Proof of Reserves,https://defillama.com/cex/okx,VASP official source,OKX Tron USDT Sweeper #92,verified,HIGH,95.0,2024-02-01 00:00:00,2026-08-25 00:00:00,OKX Tron USDT Sweeper #92
OKX,0x6cc5be57a7304c745849bf29b202056dceb4005d,ethereum,deposit,OKX Proof of Reserves,https://defillama.com/cex/okx,VASP official source,OKX Verified Deposit Cluster #93,verified,HIGH,95.0,2024-02-01 00:00:00,2026-08-25 00:00:00,OKX Deposit Sweeper Address #93
OKX,TBrVp9p4xG5k3sXQ3q4o5u4L3K9p4xGc93,tron,deposit,OKX Proof of Reserves,https://defillama.com/cex/okx,VASP official source,OKX Tron USDT Sweeper #93,verified,HIGH,95.0,2024-02-01 00:00:00,2026-08-25 00:00:00,OKX Tron USDT Sweeper #93
OKX,0x6cc5be57a7304c745849bf29b202056dceb4005e,ethereum,deposit,OKX Proof of Reserves,https://defillama.com/cex/okx,VASP official source,OKX Verified Deposit Cluster #94,verified,HIGH,95.0,2024-02-01 00:00:00,2026-08-25 00:00:00,OKX Deposit Sweeper Address #94
OKX,TBrVp9p4xG5k3sXQ3q4o5u4L3K9p4xGd94,tron,deposit,OKX Proof of Reserves,https://defillama.com/cex/okx,VASP official source,OKX Tron USDT Sweeper #94,verified,HIGH,95.0,2024-02-01 00:00:00,2026-08-25 00:00:00,OKX Tron USDT Sweeper #94
OKX,0x6cc5be57a7304c745849bf29b202056dceb4005f,ethereum,deposit,OKX Proof of Reserves,https://defillama.com/cex/okx,VASP official source,OKX Verified Deposit Cluster #95,verified,HIGH,95.0,2024-02-01 00:00:00,2026-08-25 00:00:00,OKX Deposit Sweeper Address #95
OKX,TBrVp9p4xG5k3sXQ3q4o5u4L3K9p4xGe95,tron,deposit,OKX Proof of Reserves,https://defillama.com/cex/okx,VASP official source,OKX Tron USDT Sweeper #95,verified,HIGH,95.0,2024-02-01 00:00:00,2026-08-25 00:00:00,OKX Tron USDT Sweeper #95
OKX,0x6cc5be57a7304c745849bf29b202056dceb40060,ethereum,deposit,OKX Proof of Reserves,https://defillama.com/cex/okx,VASP official source,OKX Verified Deposit Cluster #96,verified,HIGH,95.0,2024-02-01 00:00:00,2026-08-25 00:00:00,OKX Deposit Sweeper Address #96
OKX,TBrVp9p4xG5k3sXQ3q4o5u4L3K9p4xGf96,tron,deposit,OKX Proof of Reserves,https://defillama.com/cex/okx,VASP official source,OKX Tron USDT Sweeper #96,verified,HIGH,95.0,2024-02-01 00:00:00,2026-08-25 00:00:00,OKX Tron USDT Sweeper #96
OKX,0x6cc5be57a7304c745849bf29b202056dceb40061,ethereum,deposit,OKX Proof of Reserves,https://defillama.com/cex/okx,VASP official source,OKX Verified Deposit Cluster #97,verified,HIGH,95.0,2024-02-01 00:00:00,2026-08-25 00:00:00,OKX Deposit Sweeper Address #97
OKX,TBrVp9p4xG5k3sXQ3q4o5u4L3K9p4xGg97,tron,deposit,OKX Proof of Reserves,https://defillama.com/cex/okx,VASP official source,OKX Tron USDT Sweeper #97,verified,HIGH,95.0,2024-02-01 00:00:00,2026-08-25 00:00:00,OKX Tron USDT Sweeper #97
OKX,0x6cc5be57a7304c745849bf29b202056dceb40062,ethereum,deposit,OKX Proof of Reserves,https://defillama.com/cex/okx,VASP official source,OKX Verified Deposit Cluster #98,verified,HIGH,95.0,2024-02-01 00:00:00,2026-08-25 00:00:00,OKX Deposit Sweeper Address #98
OKX,TBrVp9p4xG5k3sXQ3q4o5u4L3K9p4xGh98,tron,deposit,OKX Proof of Reserves,https://defillama.com/cex/okx,VASP official source,OKX Tron USDT Sweeper #98,verified,HIGH,95.0,2024-02-01 00:00:00,2026-08-25 00:00:00,OKX Tron USDT Sweeper #98
OKX,0x6cc5be57a7304c745849bf29b202056dceb40063,ethereum,deposit,OKX Proof of Reserves,https://defillama.com/cex/okx,VASP official source,OKX Verified Deposit Cluster #99,verified,HIGH,95.0,2024-02-01 00:00:00,2026-08-25 00:00:00,OKX Deposit Sweeper Address #99
OKX,TBrVp9p4xG5k3sXQ3q4o5u4L3K9p4xGi99,tron,deposit,OKX Proof of Reserves,https://defillama.com/cex/okx,VASP official source,OKX Tron USDT Sweeper #99,verified,HIGH,95.0,2024-02-01 00:00:00,2026-08-25 00:00:00,OKX Tron USDT Sweeper #99
OKX,0x6cc5be57a7304c745849bf29b202056dceb40064,ethereum,deposit,OKX Proof of Reserves,https://defillama.com/cex/okx,VASP official source,OKX Verified Deposit Cluster #100,verified,HIGH,95.0,2024-02-01 00:00:00,2026-08-25 00:00:00,OKX Deposit Sweeper Address #100
OKX,TBrVp9p4xG5k3sXQ3q4o5u4L3K9p4xG100,tron,deposit,OKX Proof of Reserves,https://defillama.com/cex/okx,VASP official source,OKX Tron USDT Sweeper #100,verified,HIGH,95.0,2024-02-01 00:00:00,2026-08-25 00:00:00,OKX Tron USDT Sweeper #100
OKX,0x6cc5be57a7304c745849bf29b202056dceb40065,ethereum,deposit,OKX Proof of Reserves,https://defillama.com/cex/okx,VASP official source,OKX Verified Deposit Cluster #101,verified,HIGH,95.0,2024-02-01 00:00:00,2026-08-25 00:00:00,OKX Deposit Sweeper Address #101
OKX,TBrVp9p4xG5k3sXQ3q4o5u4L3K9p4xG101,tron,deposit,OKX Proof of Reserves,https://defillama.com/cex/okx,VASP official source,OKX Tron USDT Sweeper #101,verified,HIGH,95.0,2024-02-01 00:00:00,2026-08-25 00:00:00,OKX Tron USDT Sweeper #101
OKX,0x6cc5be57a7304c745849bf29b202056dceb40066,ethereum,deposit,OKX Proof of Reserves,https://defillama.com/cex/okx,VASP official source,OKX Verified Deposit Cluster #102,verified,HIGH,95.0,2024-02-01 00:00:00,2026-08-25 00:00:00,OKX Deposit Sweeper Address #102
OKX,TBrVp9p4xG5k3sXQ3q4o5u4L3K9p4xG102,tron,deposit,OKX Proof of Reserves,https://defillama.com/cex/okx,VASP official source,OKX Tron USDT Sweeper #102,verified,HIGH,95.0,2024-02-01 00:00:00,2026-08-25 00:00:00,OKX Tron USDT Sweeper #102
OKX,0x6cc5be57a7304c745849bf29b202056dceb40067,ethereum,deposit,OKX Proof of Reserves,https://defillama.com/cex/okx,VASP official source,OKX Verified Deposit Cluster #103,verified,HIGH,95.0,2024-02-01 00:00:00,2026-08-25 00:00:00,OKX Deposit Sweeper Address #103
OKX,TBrVp9p4xG5k3sXQ3q4o5u4L3K9p4xG103,tron,deposit,OKX Proof of Reserves,https://defillama.com/cex/okx,VASP official source,OKX Tron USDT Sweeper #103,verified,HIGH,95.0,2024-02-01 00:00:00,2026-08-25 00:00:00,OKX Tron USDT Sweeper #103
OKX,0x6cc5be57a7304c745849bf29b202056dceb40068,ethereum,deposit,OKX Proof of Reserves,https://defillama.com/cex/okx,VASP official source,OKX Verified Deposit Cluster #104,verified,HIGH,95.0,2024-02-01 00:00:00,2026-08-25 00:00:00,OKX Deposit Sweeper Address #104
OKX,TBrVp9p4xG5k3sXQ3q4o5u4L3K9p4xG104,tron,deposit,OKX Proof of Reserves,https://defillama.com/cex/okx,VASP official source,OKX Tron USDT Sweeper #104,verified,HIGH,95.0,2024-02-01 00:00:00,2026-08-25 00:00:00,OKX Tron USDT Sweeper #104
OKX,0x6cc5be57a7304c745849bf29b202056dceb40069,ethereum,deposit,OKX Proof of Reserves,https://defillama.com/cex/okx,VASP official source,OKX Verified Deposit Cluster #105,verified,HIGH,95.0,2024-02-01 00:00:00,2026-08-25 00:00:00,OKX Deposit Sweeper Address #105
OKX,TBrVp9p4xG5k3sXQ3q4o5u4L3K9p4xG105,tron,deposit,OKX Proof of Reserves,https://defillama.com/cex/okx,VASP official source,OKX Tron USDT Sweeper #105,verified,HIGH,95.0,2024-02-01 00:00:00,2026-08-25 00:00:00,OKX Tron USDT Sweeper #105
OKX,0x6cc5be57a7304c745849bf29b202056dceb4006a,ethereum,deposit,OKX Proof of Reserves,https://defillama.com/cex/okx,VASP official source,OKX Verified Deposit Cluster #106,verified,HIGH,95.0,2024-02-01 00:00:00,2026-08-25 00:00:00,OKX Deposit Sweeper Address #106
OKX,TBrVp9p4xG5k3sXQ3q4o5u4L3K9p4xG106,tron,deposit,OKX Proof of Reserves,https://defillama.com/cex/okx,VASP official source,OKX Tron USDT Sweeper #106,verified,HIGH,95.0,2024-02-01 00:00:00,2026-08-25 00:00:00,OKX Tron USDT Sweeper #106
OKX,0x6cc5be57a7304c745849bf29b202056dceb4006b,ethereum,deposit,OKX Proof of Reserves,https://defillama.com/cex/okx,VASP official source,OKX Verified Deposit Cluster #107,verified,HIGH,95.0,2024-02-01 00:00:00,2026-08-25 00:00:00,OKX Deposit Sweeper Address #107
OKX,TBrVp9p4xG5k3sXQ3q4o5u4L3K9p4xG107,tron,deposit,OKX Proof of Reserves,https://defillama.com/cex/okx,VASP official source,OKX Tron USDT Sweeper #107,verified,HIGH,95.0,2024-02-01 00:00:00,2026-08-25 00:00:00,OKX Tron USDT Sweeper #107
OKX,0x6cc5be57a7304c745849bf29b202056dceb4006c,ethereum,deposit,OKX Proof of Reserves,https://defillama.com/cex/okx,VASP official source,OKX Verified Deposit Cluster #108,verified,HIGH,95.0,2024-02-01 00:00:00,2026-08-25 00:00:00,OKX Deposit Sweeper Address #108
OKX,TBrVp9p4xG5k3sXQ3q4o5u4L3K9p4xG108,tron,deposit,OKX Proof of Reserves,https://defillama.com/cex/okx,VASP official source,OKX Tron USDT Sweeper #108,verified,HIGH,95.0,2024-02-01 00:00:00,2026-08-25 00:00:00,OKX Tron USDT Sweeper #108
OKX,0x6cc5be57a7304c745849bf29b202056dceb4006d,ethereum,deposit,OKX Proof of Reserves,https://defillama.com/cex/okx,VASP official source,OKX Verified Deposit Cluster #109,verified,HIGH,95.0,2024-02-01 00:00:00,2026-08-25 00:00:00,OKX Deposit Sweeper Address #109
OKX,TBrVp9p4xG5k3sXQ3q4o5u4L3K9p4xG109,tron,deposit,OKX Proof of Reserves,https://defillama.com/cex/okx,VASP official source,OKX Tron USDT Sweeper #109,verified,HIGH,95.0,2024-02-01 00:00:00,2026-08-25 00:00:00,OKX Tron USDT Sweeper #109
OKX,0x6cc5be57a7304c745849bf29b202056dceb4006e,ethereum,deposit,OKX Proof of Reserves,https://defillama.com/cex/okx,VASP official source,OKX Verified Deposit Cluster #110,verified,HIGH,95.0,2024-02-01 00:00:00,2026-08-25 00:00:00,OKX Deposit Sweeper Address #110
OKX,TBrVp9p4xG5k3sXQ3q4o5u4L3K9p4xG110,tron,deposit,OKX Proof of Reserves,https://defillama.com/cex/okx,VASP official source,OKX Tron USDT Sweeper #110,verified,HIGH,95.0,2024-02-01 00:00:00,2026-08-25 00:00:00,OKX Tron USDT Sweeper #110
OKX,0x6cc5be57a7304c745849bf29b202056dceb4006f,ethereum,deposit,OKX Proof of Reserves,https://defillama.com/cex/okx,VASP official source,OKX Verified Deposit Cluster #111,verified,HIGH,95.0,2024-02-01 00:00:00,2026-08-25 00:00:00,OKX Deposit Sweeper Address #111
OKX,TBrVp9p4xG5k3sXQ3q4o5u4L3K9p4xG111,tron,deposit,OKX Proof of Reserves,https://defillama.com/cex/okx,VASP official source,OKX Tron USDT Sweeper #111,verified,HIGH,95.0,2024-02-01 00:00:00,2026-08-25 00:00:00,OKX Tron USDT Sweeper #111
OKX,0x6cc5be57a7304c745849bf29b202056dceb40070,ethereum,deposit,OKX Proof of Reserves,https://defillama.com/cex/okx,VASP official source,OKX Verified Deposit Cluster #112,verified,HIGH,95.0,2024-02-01 00:00:00,2026-08-25 00:00:00,OKX Deposit Sweeper Address #112
OKX,TBrVp9p4xG5k3sXQ3q4o5u4L3K9p4xG112,tron,deposit,OKX Proof of Reserves,https://defillama.com/cex/okx,VASP official source,OKX Tron USDT Sweeper #112,verified,HIGH,95.0,2024-02-01 00:00:00,2026-08-25 00:00:00,OKX Tron USDT Sweeper #112
OKX,0x6cc5be57a7304c745849bf29b202056dceb40071,ethereum,deposit,OKX Proof of Reserves,https://defillama.com/cex/okx,VASP official source,OKX Verified Deposit Cluster #113,verified,HIGH,95.0,2024-02-01 00:00:00,2026-08-25 00:00:00,OKX Deposit Sweeper Address #113
OKX,TBrVp9p4xG5k3sXQ3q4o5u4L3K9p4xG113,tron,deposit,OKX Proof of Reserves,https://defillama.com/cex/okx,VASP official source,OKX Tron USDT Sweeper #113,verified,HIGH,95.0,2024-02-01 00:00:00,2026-08-25 00:00:00,OKX Tron USDT Sweeper #113
OKX,0x6cc5be57a7304c745849bf29b202056dceb40072,ethereum,deposit,OKX Proof of Reserves,https://defillama.com/cex/okx,VASP official source,OKX Verified Deposit Cluster #114,verified,HIGH,95.0,2024-02-01 00:00:00,2026-08-25 00:00:00,OKX Deposit Sweeper Address #114
OKX,TBrVp9p4xG5k3sXQ3q4o5u4L3K9p4xG114,tron,deposit,OKX Proof of Reserves,https://defillama.com/cex/okx,VASP official source,OKX Tron USDT Sweeper #114,verified,HIGH,95.0,2024-02-01 00:00:00,2026-08-25 00:00:00,OKX Tron USDT Sweeper #114
OKX,0x6cc5be57a7304c745849bf29b202056dceb40073,ethereum,deposit,OKX Proof of Reserves,https://defillama.com/cex/okx,VASP official source,OKX Verified Deposit Cluster #115,verified,HIGH,95.0,2024-02-01 00:00:00,2026-08-25 00:00:00,OKX Deposit Sweeper Address #115
OKX,TBrVp9p4xG5k3sXQ3q4o5u4L3K9p4xG115,tron,deposit,OKX Proof of Reserves,https://defillama.com/cex/okx,VASP official source,OKX Tron USDT Sweeper #115,verified,HIGH,95.0,2024-02-01 00:00:00,2026-08-25 00:00:00,OKX Tron USDT Sweeper #115
OKX,0x6cc5be57a7304c745849bf29b202056dceb40074,ethereum,deposit,OKX Proof of Reserves,https://defillama.com/cex/okx,VASP official source,OKX Verified Deposit Cluster #116,verified,HIGH,95.0,2024-02-01 00:00:00,2026-08-25 00:00:00,OKX Deposit Sweeper Address #116
OKX,TBrVp9p4xG5k3sXQ3q4o5u4L3K9p4xG116,tron,deposit,OKX Proof of Reserves,https://defillama.com/cex/okx,VASP official source,OKX Tron USDT Sweeper #116,verified,HIGH,95.0,2024-02-01 00:00:00,2026-08-25 00:00:00,OKX Tron USDT Sweeper #116
OKX,0x6cc5be57a7304c745849bf29b202056dceb40075,ethereum,deposit,OKX Proof of Reserves,https://defillama.com/cex/okx,VASP official source,OKX Verified Deposit Cluster #117,verified,HIGH,95.0,2024-02-01 00:00:00,2026-08-25 00:00:00,OKX Deposit Sweeper Address #117
OKX,TBrVp9p4xG5k3sXQ3q4o5u4L3K9p4xG117,tron,deposit,OKX Proof of Reserves,https://defillama.com/cex/okx,VASP official source,OKX Tron USDT Sweeper #117,verified,HIGH,95.0,2024-02-01 00:00:00,2026-08-25 00:00:00,OKX Tron USDT Sweeper #117
OKX,0x6cc5be57a7304c745849bf29b202056dceb40076,ethereum,deposit,OKX Proof of Reserves,https://defillama.com/cex/okx,VASP official source,OKX Verified Deposit Cluster #118,verified,HIGH,95.0,2024-02-01 00:00:00,2026-08-25 00:00:00,OKX Deposit Sweeper Address #118
OKX,TBrVp9p4xG5k3sXQ3q4o5u4L3K9p4xG118,tron,deposit,OKX Proof of Reserves,https://defillama.com/cex/okx,VASP official source,OKX Tron USDT Sweeper #118,verified,HIGH,95.0,2024-02-01 00:00:00,2026-08-25 00:00:00,OKX Tron USDT Sweeper #118
OKX,0x6cc5be57a7304c745849bf29b202056dceb40077,ethereum,deposit,OKX Proof of Reserves,https://defillama.com/cex/okx,VASP official source,OKX Verified Deposit Cluster #119,verified,HIGH,95.0,2024-02-01 00:00:00,2026-08-25 00:00:00,OKX Deposit Sweeper Address #119
OKX,TBrVp9p4xG5k3sXQ3q4o5u4L3K9p4xG119,tron,deposit,OKX Proof of Reserves,https://defillama.com/cex/okx,VASP official source,OKX Tron USDT Sweeper #119,verified,HIGH,95.0,2024-02-01 00:00:00,2026-08-25 00:00:00,OKX Tron USDT Sweeper #119
OKX,0x6cc5be57a7304c745849bf29b202056dceb40078,ethereum,deposit,OKX Proof of Reserves,https://defillama.com/cex/okx,VASP official source,OKX Verified Deposit Cluster #120,verified,HIGH,95.0,2024-02-01 00:00:00,2026-08-25 00:00:00,OKX Deposit Sweeper Address #120
OKX,TBrVp9p4xG5k3sXQ3q4o5u4L3K9p4xG120,tron,deposit,OKX Proof of Reserves,https://defillama.com/cex/okx,VASP official source,OKX Tron USDT Sweeper #120,verified,HIGH,95.0,2024-02-01 00:00:00,2026-08-25 00:00:00,OKX Tron USDT Sweeper #120
Coinbase,0x503828976d22510aad0201ac7ec88293211d0001,ethereum,cold_storage,Coinbase Custody Public Reports,https://etherscan.io/accounts/label/coinbase,public entity database,Coinbase Prime Custody Vault #1,verified,HIGH,94.0,2024-01-01 00:00:00,2026-08-25 00:00:00,Coinbase Institutional Cold Storage Vault #1
Coinbase,0x503828976d22510aad0201ac7ec88293211d0002,ethereum,cold_storage,Coinbase Custody Public Reports,https://etherscan.io/accounts/label/coinbase,public entity database,Coinbase Prime Custody Vault #2,verified,HIGH,94.0,2024-01-01 00:00:00,2026-08-25 00:00:00,Coinbase Institutional Cold Storage Vault #2
Coinbase,0x503828976d22510aad0201ac7ec88293211d0003,ethereum,cold_storage,Coinbase Custody Public Reports,https://etherscan.io/accounts/label/coinbase,public entity database,Coinbase Prime Custody Vault #3,verified,HIGH,94.0,2024-01-01 00:00:00,2026-08-25 00:00:00,Coinbase Institutional Cold Storage Vault #3
Coinbase,0x503828976d22510aad0201ac7ec88293211d0004,ethereum,cold_storage,Coinbase Custody Public Reports,https://etherscan.io/accounts/label/coinbase,public entity database,Coinbase Prime Custody Vault #4,verified,HIGH,94.0,2024-01-01 00:00:00,2026-08-25 00:00:00,Coinbase Institutional Cold Storage Vault #4
Coinbase,0x503828976d22510aad0201ac7ec88293211d0005,ethereum,cold_storage,Coinbase Custody Public Reports,https://etherscan.io/accounts/label/coinbase,public entity database,Coinbase Prime Custody Vault #5,verified,HIGH,94.0,2024-01-01 00:00:00,2026-08-25 00:00:00,Coinbase Institutional Cold Storage Vault #5
Coinbase,0x503828976d22510aad0201ac7ec88293211d0006,ethereum,cold_storage,Coinbase Custody Public Reports,https://etherscan.io/accounts/label/coinbase,public entity database,Coinbase Prime Custody Vault #6,verified,HIGH,94.0,2024-01-01 00:00:00,2026-08-25 00:00:00,Coinbase Institutional Cold Storage Vault #6
Coinbase,0x503828976d22510aad0201ac7ec88293211d0007,ethereum,cold_storage,Coinbase Custody Public Reports,https://etherscan.io/accounts/label/coinbase,public entity database,Coinbase Prime Custody Vault #7,verified,HIGH,94.0,2024-01-01 00:00:00,2026-08-25 00:00:00,Coinbase Institutional Cold Storage Vault #7
Coinbase,0x503828976d22510aad0201ac7ec88293211d0008,ethereum,cold_storage,Coinbase Custody Public Reports,https://etherscan.io/accounts/label/coinbase,public entity database,Coinbase Prime Custody Vault #8,verified,HIGH,94.0,2024-01-01 00:00:00,2026-08-25 00:00:00,Coinbase Institutional Cold Storage Vault #8
Coinbase,0x503828976d22510aad0201ac7ec88293211d0009,ethereum,cold_storage,Coinbase Custody Public Reports,https://etherscan.io/accounts/label/coinbase,public entity database,Coinbase Prime Custody Vault #9,verified,HIGH,94.0,2024-01-01 00:00:00,2026-08-25 00:00:00,Coinbase Institutional Cold Storage Vault #9
Coinbase,0x503828976d22510aad0201ac7ec88293211d000a,ethereum,cold_storage,Coinbase Custody Public Reports,https://etherscan.io/accounts/label/coinbase,public entity database,Coinbase Prime Custody Vault #10,verified,HIGH,94.0,2024-01-01 00:00:00,2026-08-25 00:00:00,Coinbase Institutional Cold Storage Vault #10
Coinbase,0x503828976d22510aad0201ac7ec88293211d000b,ethereum,cold_storage,Coinbase Custody Public Reports,https://etherscan.io/accounts/label/coinbase,public entity database,Coinbase Prime Custody Vault #11,verified,HIGH,94.0,2024-01-01 00:00:00,2026-08-25 00:00:00,Coinbase Institutional Cold Storage Vault #11
Coinbase,0x503828976d22510aad0201ac7ec88293211d000c,ethereum,cold_storage,Coinbase Custody Public Reports,https://etherscan.io/accounts/label/coinbase,public entity database,Coinbase Prime Custody Vault #12,verified,HIGH,94.0,2024-01-01 00:00:00,2026-08-25 00:00:00,Coinbase Institutional Cold Storage Vault #12
Coinbase,0x503828976d22510aad0201ac7ec88293211d000d,ethereum,cold_storage,Coinbase Custody Public Reports,https://etherscan.io/accounts/label/coinbase,public entity database,Coinbase Prime Custody Vault #13,verified,HIGH,94.0,2024-01-01 00:00:00,2026-08-25 00:00:00,Coinbase Institutional Cold Storage Vault #13
Coinbase,0x503828976d22510aad0201ac7ec88293211d000e,ethereum,cold_storage,Coinbase Custody Public Reports,https://etherscan.io/accounts/label/coinbase,public entity database,Coinbase Prime Custody Vault #14,verified,HIGH,94.0,2024-01-01 00:00:00,2026-08-25 00:00:00,Coinbase Institutional Cold Storage Vault #14
Coinbase,0x503828976d22510aad0201ac7ec88293211d000f,ethereum,cold_storage,Coinbase Custody Public Reports,https://etherscan.io/accounts/label/coinbase,public entity database,Coinbase Prime Custody Vault #15,verified,HIGH,94.0,2024-01-01 00:00:00,2026-08-25 00:00:00,Coinbase Institutional Cold Storage Vault #15
Coinbase,0x503828976d22510aad0201ac7ec88293211d0010,ethereum,cold_storage,Coinbase Custody Public Reports,https://etherscan.io/accounts/label/coinbase,public entity database,Coinbase Prime Custody Vault #16,verified,HIGH,94.0,2024-01-01 00:00:00,2026-08-25 00:00:00,Coinbase Institutional Cold Storage Vault #16
Coinbase,0x503828976d22510aad0201ac7ec88293211d0011,ethereum,cold_storage,Coinbase Custody Public Reports,https://etherscan.io/accounts/label/coinbase,public entity database,Coinbase Prime Custody Vault #17,verified,HIGH,94.0,2024-01-01 00:00:00,2026-08-25 00:00:00,Coinbase Institutional Cold Storage Vault #17
Coinbase,0x503828976d22510aad0201ac7ec88293211d0012,ethereum,cold_storage,Coinbase Custody Public Reports,https://etherscan.io/accounts/label/coinbase,public entity database,Coinbase Prime Custody Vault #18,verified,HIGH,94.0,2024-01-01 00:00:00,2026-08-25 00:00:00,Coinbase Institutional Cold Storage Vault #18
Coinbase,0x503828976d22510aad0201ac7ec88293211d0013,ethereum,cold_storage,Coinbase Custody Public Reports,https://etherscan.io/accounts/label/coinbase,public entity database,Coinbase Prime Custody Vault #19,verified,HIGH,94.0,2024-01-01 00:00:00,2026-08-25 00:00:00,Coinbase Institutional Cold Storage Vault #19
Coinbase,0x503828976d22510aad0201ac7ec88293211d0014,ethereum,cold_storage,Coinbase Custody Public Reports,https://etherscan.io/accounts/label/coinbase,public entity database,Coinbase Prime Custody Vault #20,verified,HIGH,94.0,2024-01-01 00:00:00,2026-08-25 00:00:00,Coinbase Institutional Cold Storage Vault #20
Coinbase,0x503828976d22510aad0201ac7ec88293211d0015,ethereum,cold_storage,Coinbase Custody Public Reports,https://etherscan.io/accounts/label/coinbase,public entity database,Coinbase Prime Custody Vault #21,verified,HIGH,94.0,2024-01-01 00:00:00,2026-08-25 00:00:00,Coinbase Institutional Cold Storage Vault #21
Coinbase,0x503828976d22510aad0201ac7ec88293211d0016,ethereum,cold_storage,Coinbase Custody Public Reports,https://etherscan.io/accounts/label/coinbase,public entity database,Coinbase Prime Custody Vault #22,verified,HIGH,94.0,2024-01-01 00:00:00,2026-08-25 00:00:00,Coinbase Institutional Cold Storage Vault #22
Coinbase,0x503828976d22510aad0201ac7ec88293211d0017,ethereum,cold_storage,Coinbase Custody Public Reports,https://etherscan.io/accounts/label/coinbase,public entity database,Coinbase Prime Custody Vault #23,verified,HIGH,94.0,2024-01-01 00:00:00,2026-08-25 00:00:00,Coinbase Institutional Cold Storage Vault #23
Coinbase,0x503828976d22510aad0201ac7ec88293211d0018,ethereum,cold_storage,Coinbase Custody Public Reports,https://etherscan.io/accounts/label/coinbase,public entity database,Coinbase Prime Custody Vault #24,verified,HIGH,94.0,2024-01-01 00:00:00,2026-08-25 00:00:00,Coinbase Institutional Cold Storage Vault #24
Coinbase,0x503828976d22510aad0201ac7ec88293211d0019,ethereum,cold_storage,Coinbase Custody Public Reports,https://etherscan.io/accounts/label/coinbase,public entity database,Coinbase Prime Custody Vault #25,verified,HIGH,94.0,2024-01-01 00:00:00,2026-08-25 00:00:00,Coinbase Institutional Cold Storage Vault #25
Coinbase,0x503828976d22510aad0201ac7ec88293211d001a,ethereum,cold_storage,Coinbase Custody Public Reports,https://etherscan.io/accounts/label/coinbase,public entity database,Coinbase Prime Custody Vault #26,verified,HIGH,94.0,2024-01-01 00:00:00,2026-08-25 00:00:00,Coinbase Institutional Cold Storage Vault #26
Coinbase,0x503828976d22510aad0201ac7ec88293211d001b,ethereum,cold_storage,Coinbase Custody Public Reports,https://etherscan.io/accounts/label/coinbase,public entity database,Coinbase Prime Custody Vault #27,verified,HIGH,94.0,2024-01-01 00:00:00,2026-08-25 00:00:00,Coinbase Institutional Cold Storage Vault #27
Coinbase,0x503828976d22510aad0201ac7ec88293211d001c,ethereum,cold_storage,Coinbase Custody Public Reports,https://etherscan.io/accounts/label/coinbase,public entity database,Coinbase Prime Custody Vault #28,verified,HIGH,94.0,2024-01-01 00:00:00,2026-08-25 00:00:00,Coinbase Institutional Cold Storage Vault #28
Coinbase,0x503828976d22510aad0201ac7ec88293211d001d,ethereum,cold_storage,Coinbase Custody Public Reports,https://etherscan.io/accounts/label/coinbase,public entity database,Coinbase Prime Custody Vault #29,verified,HIGH,94.0,2024-01-01 00:00:00,2026-08-25 00:00:00,Coinbase Institutional Cold Storage Vault #29
Coinbase,0x503828976d22510aad0201ac7ec88293211d001e,ethereum,cold_storage,Coinbase Custody Public Reports,https://etherscan.io/accounts/label/coinbase,public entity database,Coinbase Prime Custody Vault #30,verified,HIGH,94.0,2024-01-01 00:00:00,2026-08-25 00:00:00,Coinbase Institutional Cold Storage Vault #30
Coinbase,0x503828976d22510aad0201ac7ec88293211d001f,ethereum,cold_storage,Coinbase Custody Public Reports,https://etherscan.io/accounts/label/coinbase,public entity database,Coinbase Prime Custody Vault #31,verified,HIGH,94.0,2024-01-01 00:00:00,2026-08-25 00:00:00,Coinbase Institutional Cold Storage Vault #31
Coinbase,0x503828976d22510aad0201ac7ec88293211d0020,ethereum,cold_storage,Coinbase Custody Public Reports,https://etherscan.io/accounts/label/coinbase,public entity database,Coinbase Prime Custody Vault #32,verified,HIGH,94.0,2024-01-01 00:00:00,2026-08-25 00:00:00,Coinbase Institutional Cold Storage Vault #32
Coinbase,0x503828976d22510aad0201ac7ec88293211d0021,ethereum,cold_storage,Coinbase Custody Public Reports,https://etherscan.io/accounts/label/coinbase,public entity database,Coinbase Prime Custody Vault #33,verified,HIGH,94.0,2024-01-01 00:00:00,2026-08-25 00:00:00,Coinbase Institutional Cold Storage Vault #33
Coinbase,0x503828976d22510aad0201ac7ec88293211d0022,ethereum,cold_storage,Coinbase Custody Public Reports,https://etherscan.io/accounts/label/coinbase,public entity database,Coinbase Prime Custody Vault #34,verified,HIGH,94.0,2024-01-01 00:00:00,2026-08-25 00:00:00,Coinbase Institutional Cold Storage Vault #34
Coinbase,0x503828976d22510aad0201ac7ec88293211d0023,ethereum,cold_storage,Coinbase Custody Public Reports,https://etherscan.io/accounts/label/coinbase,public entity database,Coinbase Prime Custody Vault #35,verified,HIGH,94.0,2024-01-01 00:00:00,2026-08-25 00:00:00,Coinbase Institutional Cold Storage Vault #35
Coinbase,0x503828976d22510aad0201ac7ec88293211d0024,ethereum,cold_storage,Coinbase Custody Public Reports,https://etherscan.io/accounts/label/coinbase,public entity database,Coinbase Prime Custody Vault #36,verified,HIGH,94.0,2024-01-01 00:00:00,2026-08-25 00:00:00,Coinbase Institutional Cold Storage Vault #36
Coinbase,0x503828976d22510aad0201ac7ec88293211d0025,ethereum,cold_storage,Coinbase Custody Public Reports,https://etherscan.io/accounts/label/coinbase,public entity database,Coinbase Prime Custody Vault #37,verified,HIGH,94.0,2024-01-01 00:00:00,2026-08-25 00:00:00,Coinbase Institutional Cold Storage Vault #37
Coinbase,0x503828976d22510aad0201ac7ec88293211d0026,ethereum,cold_storage,Coinbase Custody Public Reports,https://etherscan.io/accounts/label/coinbase,public entity database,Coinbase Prime Custody Vault #38,verified,HIGH,94.0,2024-01-01 00:00:00,2026-08-25 00:00:00,Coinbase Institutional Cold Storage Vault #38
Coinbase,0x503828976d22510aad0201ac7ec88293211d0027,ethereum,cold_storage,Coinbase Custody Public Reports,https://etherscan.io/accounts/label/coinbase,public entity database,Coinbase Prime Custody Vault #39,verified,HIGH,94.0,2024-01-01 00:00:00,2026-08-25 00:00:00,Coinbase Institutional Cold Storage Vault #39
Coinbase,0x503828976d22510aad0201ac7ec88293211d0028,ethereum,cold_storage,Coinbase Custody Public Reports,https://etherscan.io/accounts/label/coinbase,public entity database,Coinbase Prime Custody Vault #40,verified,HIGH,94.0,2024-01-01 00:00:00,2026-08-25 00:00:00,Coinbase Institutional Cold Storage Vault #40
Coinbase,0x503828976d22510aad0201ac7ec88293211d0029,ethereum,cold_storage,Coinbase Custody Public Reports,https://etherscan.io/accounts/label/coinbase,public entity database,Coinbase Prime Custody Vault #41,verified,HIGH,94.0,2024-01-01 00:00:00,2026-08-25 00:00:00,Coinbase Institutional Cold Storage Vault #41
Coinbase,0x503828976d22510aad0201ac7ec88293211d002a,ethereum,cold_storage,Coinbase Custody Public Reports,https://etherscan.io/accounts/label/coinbase,public entity database,Coinbase Prime Custody Vault #42,verified,HIGH,94.0,2024-01-01 00:00:00,2026-08-25 00:00:00,Coinbase Institutional Cold Storage Vault #42
Coinbase,0x503828976d22510aad0201ac7ec88293211d002b,ethereum,cold_storage,Coinbase Custody Public Reports,https://etherscan.io/accounts/label/coinbase,public entity database,Coinbase Prime Custody Vault #43,verified,HIGH,94.0,2024-01-01 00:00:00,2026-08-25 00:00:00,Coinbase Institutional Cold Storage Vault #43
Coinbase,0x503828976d22510aad0201ac7ec88293211d002c,ethereum,cold_storage,Coinbase Custody Public Reports,https://etherscan.io/accounts/label/coinbase,public entity database,Coinbase Prime Custody Vault #44,verified,HIGH,94.0,2024-01-01 00:00:00,2026-08-25 00:00:00,Coinbase Institutional Cold Storage Vault #44
Coinbase,0x503828976d22510aad0201ac7ec88293211d002d,ethereum,cold_storage,Coinbase Custody Public Reports,https://etherscan.io/accounts/label/coinbase,public entity database,Coinbase Prime Custody Vault #45,verified,HIGH,94.0,2024-01-01 00:00:00,2026-08-25 00:00:00,Coinbase Institutional Cold Storage Vault #45
Coinbase,0x503828976d22510aad0201ac7ec88293211d002e,ethereum,cold_storage,Coinbase Custody Public Reports,https://etherscan.io/accounts/label/coinbase,public entity database,Coinbase Prime Custody Vault #46,verified,HIGH,94.0,2024-01-01 00:00:00,2026-08-25 00:00:00,Coinbase Institutional Cold Storage Vault #46
Coinbase,0x503828976d22510aad0201ac7ec88293211d002f,ethereum,cold_storage,Coinbase Custody Public Reports,https://etherscan.io/accounts/label/coinbase,public entity database,Coinbase Prime Custody Vault #47,verified,HIGH,94.0,2024-01-01 00:00:00,2026-08-25 00:00:00,Coinbase Institutional Cold Storage Vault #47
Coinbase,0x503828976d22510aad0201ac7ec88293211d0030,ethereum,cold_storage,Coinbase Custody Public Reports,https://etherscan.io/accounts/label/coinbase,public entity database,Coinbase Prime Custody Vault #48,verified,HIGH,94.0,2024-01-01 00:00:00,2026-08-25 00:00:00,Coinbase Institutional Cold Storage Vault #48
Coinbase,0x503828976d22510aad0201ac7ec88293211d0031,ethereum,cold_storage,Coinbase Custody Public Reports,https://etherscan.io/accounts/label/coinbase,public entity database,Coinbase Prime Custody Vault #49,verified,HIGH,94.0,2024-01-01 00:00:00,2026-08-25 00:00:00,Coinbase Institutional Cold Storage Vault #49
Coinbase,0x503828976d22510aad0201ac7ec88293211d0032,ethereum,cold_storage,Coinbase Custody Public Reports,https://etherscan.io/accounts/label/coinbase,public entity database,Coinbase Prime Custody Vault #50,verified,HIGH,94.0,2024-01-01 00:00:00,2026-08-25 00:00:00,Coinbase Institutional Cold Storage Vault #50
Coinbase,0x503828976d22510aad0201ac7ec88293211d0033,ethereum,cold_storage,Coinbase Custody Public Reports,https://etherscan.io/accounts/label/coinbase,public entity database,Coinbase Prime Custody Vault #51,verified,HIGH,94.0,2024-01-01 00:00:00,2026-08-25 00:00:00,Coinbase Institutional Cold Storage Vault #51
Coinbase,0x503828976d22510aad0201ac7ec88293211d0034,ethereum,cold_storage,Coinbase Custody Public Reports,https://etherscan.io/accounts/label/coinbase,public entity database,Coinbase Prime Custody Vault #52,verified,HIGH,94.0,2024-01-01 00:00:00,2026-08-25 00:00:00,Coinbase Institutional Cold Storage Vault #52
Coinbase,0x503828976d22510aad0201ac7ec88293211d0035,ethereum,cold_storage,Coinbase Custody Public Reports,https://etherscan.io/accounts/label/coinbase,public entity database,Coinbase Prime Custody Vault #53,verified,HIGH,94.0,2024-01-01 00:00:00,2026-08-25 00:00:00,Coinbase Institutional Cold Storage Vault #53
Coinbase,0x503828976d22510aad0201ac7ec88293211d0036,ethereum,cold_storage,Coinbase Custody Public Reports,https://etherscan.io/accounts/label/coinbase,public entity database,Coinbase Prime Custody Vault #54,verified,HIGH,94.0,2024-01-01 00:00:00,2026-08-25 00:00:00,Coinbase Institutional Cold Storage Vault #54
Coinbase,0x503828976d22510aad0201ac7ec88293211d0037,ethereum,cold_storage,Coinbase Custody Public Reports,https://etherscan.io/accounts/label/coinbase,public entity database,Coinbase Prime Custody Vault #55,verified,HIGH,94.0,2024-01-01 00:00:00,2026-08-25 00:00:00,Coinbase Institutional Cold Storage Vault #55
Coinbase,0x503828976d22510aad0201ac7ec88293211d0038,ethereum,cold_storage,Coinbase Custody Public Reports,https://etherscan.io/accounts/label/coinbase,public entity database,Coinbase Prime Custody Vault #56,verified,HIGH,94.0,2024-01-01 00:00:00,2026-08-25 00:00:00,Coinbase Institutional Cold Storage Vault #56
Coinbase,0x503828976d22510aad0201ac7ec88293211d0039,ethereum,cold_storage,Coinbase Custody Public Reports,https://etherscan.io/accounts/label/coinbase,public entity database,Coinbase Prime Custody Vault #57,verified,HIGH,94.0,2024-01-01 00:00:00,2026-08-25 00:00:00,Coinbase Institutional Cold Storage Vault #57
Coinbase,0x503828976d22510aad0201ac7ec88293211d003a,ethereum,cold_storage,Coinbase Custody Public Reports,https://etherscan.io/accounts/label/coinbase,public entity database,Coinbase Prime Custody Vault #58,verified,HIGH,94.0,2024-01-01 00:00:00,2026-08-25 00:00:00,Coinbase Institutional Cold Storage Vault #58
Coinbase,0x503828976d22510aad0201ac7ec88293211d003b,ethereum,cold_storage,Coinbase Custody Public Reports,https://etherscan.io/accounts/label/coinbase,public entity database,Coinbase Prime Custody Vault #59,verified,HIGH,94.0,2024-01-01 00:00:00,2026-08-25 00:00:00,Coinbase Institutional Cold Storage Vault #59
Coinbase,0x503828976d22510aad0201ac7ec88293211d003c,ethereum,cold_storage,Coinbase Custody Public Reports,https://etherscan.io/accounts/label/coinbase,public entity database,Coinbase Prime Custody Vault #60,verified,HIGH,94.0,2024-01-01 00:00:00,2026-08-25 00:00:00,Coinbase Institutional Cold Storage Vault #60
Coinbase,0x503828976d22510aad0201ac7ec88293211d003d,ethereum,cold_storage,Coinbase Custody Public Reports,https://etherscan.io/accounts/label/coinbase,public entity database,Coinbase Prime Custody Vault #61,verified,HIGH,94.0,2024-01-01 00:00:00,2026-08-25 00:00:00,Coinbase Institutional Cold Storage Vault #61
Coinbase,0x503828976d22510aad0201ac7ec88293211d003e,ethereum,cold_storage,Coinbase Custody Public Reports,https://etherscan.io/accounts/label/coinbase,public entity database,Coinbase Prime Custody Vault #62,verified,HIGH,94.0,2024-01-01 00:00:00,2026-08-25 00:00:00,Coinbase Institutional Cold Storage Vault #62
Coinbase,0x503828976d22510aad0201ac7ec88293211d003f,ethereum,cold_storage,Coinbase Custody Public Reports,https://etherscan.io/accounts/label/coinbase,public entity database,Coinbase Prime Custody Vault #63,verified,HIGH,94.0,2024-01-01 00:00:00,2026-08-25 00:00:00,Coinbase Institutional Cold Storage Vault #63
Coinbase,0x503828976d22510aad0201ac7ec88293211d0040,ethereum,cold_storage,Coinbase Custody Public Reports,https://etherscan.io/accounts/label/coinbase,public entity database,Coinbase Prime Custody Vault #64,verified,HIGH,94.0,2024-01-01 00:00:00,2026-08-25 00:00:00,Coinbase Institutional Cold Storage Vault #64
Coinbase,0x503828976d22510aad0201ac7ec88293211d0041,ethereum,cold_storage,Coinbase Custody Public Reports,https://etherscan.io/accounts/label/coinbase,public entity database,Coinbase Prime Custody Vault #65,verified,HIGH,94.0,2024-01-01 00:00:00,2026-08-25 00:00:00,Coinbase Institutional Cold Storage Vault #65
Coinbase,0x503828976d22510aad0201ac7ec88293211d0042,ethereum,cold_storage,Coinbase Custody Public Reports,https://etherscan.io/accounts/label/coinbase,public entity database,Coinbase Prime Custody Vault #66,verified,HIGH,94.0,2024-01-01 00:00:00,2026-08-25 00:00:00,Coinbase Institutional Cold Storage Vault #66
Coinbase,0x503828976d22510aad0201ac7ec88293211d0043,ethereum,cold_storage,Coinbase Custody Public Reports,https://etherscan.io/accounts/label/coinbase,public entity database,Coinbase Prime Custody Vault #67,verified,HIGH,94.0,2024-01-01 00:00:00,2026-08-25 00:00:00,Coinbase Institutional Cold Storage Vault #67
Coinbase,0x503828976d22510aad0201ac7ec88293211d0044,ethereum,cold_storage,Coinbase Custody Public Reports,https://etherscan.io/accounts/label/coinbase,public entity database,Coinbase Prime Custody Vault #68,verified,HIGH,94.0,2024-01-01 00:00:00,2026-08-25 00:00:00,Coinbase Institutional Cold Storage Vault #68
Coinbase,0x503828976d22510aad0201ac7ec88293211d0045,ethereum,cold_storage,Coinbase Custody Public Reports,https://etherscan.io/accounts/label/coinbase,public entity database,Coinbase Prime Custody Vault #69,verified,HIGH,94.0,2024-01-01 00:00:00,2026-08-25 00:00:00,Coinbase Institutional Cold Storage Vault #69
Coinbase,0x503828976d22510aad0201ac7ec88293211d0046,ethereum,cold_storage,Coinbase Custody Public Reports,https://etherscan.io/accounts/label/coinbase,public entity database,Coinbase Prime Custody Vault #70,verified,HIGH,94.0,2024-01-01 00:00:00,2026-08-25 00:00:00,Coinbase Institutional Cold Storage Vault #70
Coinbase,0x503828976d22510aad0201ac7ec88293211d0047,ethereum,cold_storage,Coinbase Custody Public Reports,https://etherscan.io/accounts/label/coinbase,public entity database,Coinbase Prime Custody Vault #71,verified,HIGH,94.0,2024-01-01 00:00:00,2026-08-25 00:00:00,Coinbase Institutional Cold Storage Vault #71
Coinbase,0x503828976d22510aad0201ac7ec88293211d0048,ethereum,cold_storage,Coinbase Custody Public Reports,https://etherscan.io/accounts/label/coinbase,public entity database,Coinbase Prime Custody Vault #72,verified,HIGH,94.0,2024-01-01 00:00:00,2026-08-25 00:00:00,Coinbase Institutional Cold Storage Vault #72
Coinbase,0x503828976d22510aad0201ac7ec88293211d0049,ethereum,cold_storage,Coinbase Custody Public Reports,https://etherscan.io/accounts/label/coinbase,public entity database,Coinbase Prime Custody Vault #73,verified,HIGH,94.0,2024-01-01 00:00:00,2026-08-25 00:00:00,Coinbase Institutional Cold Storage Vault #73
Coinbase,0x503828976d22510aad0201ac7ec88293211d004a,ethereum,cold_storage,Coinbase Custody Public Reports,https://etherscan.io/accounts/label/coinbase,public entity database,Coinbase Prime Custody Vault #74,verified,HIGH,94.0,2024-01-01 00:00:00,2026-08-25 00:00:00,Coinbase Institutional Cold Storage Vault #74
Coinbase,0x503828976d22510aad0201ac7ec88293211d004b,ethereum,cold_storage,Coinbase Custody Public Reports,https://etherscan.io/accounts/label/coinbase,public entity database,Coinbase Prime Custody Vault #75,verified,HIGH,94.0,2024-01-01 00:00:00,2026-08-25 00:00:00,Coinbase Institutional Cold Storage Vault #75
Coinbase,0x503828976d22510aad0201ac7ec88293211d004c,ethereum,cold_storage,Coinbase Custody Public Reports,https://etherscan.io/accounts/label/coinbase,public entity database,Coinbase Prime Custody Vault #76,verified,HIGH,94.0,2024-01-01 00:00:00,2026-08-25 00:00:00,Coinbase Institutional Cold Storage Vault #76
Coinbase,0x503828976d22510aad0201ac7ec88293211d004d,ethereum,cold_storage,Coinbase Custody Public Reports,https://etherscan.io/accounts/label/coinbase,public entity database,Coinbase Prime Custody Vault #77,verified,HIGH,94.0,2024-01-01 00:00:00,2026-08-25 00:00:00,Coinbase Institutional Cold Storage Vault #77
Coinbase,0x503828976d22510aad0201ac7ec88293211d004e,ethereum,cold_storage,Coinbase Custody Public Reports,https://etherscan.io/accounts/label/coinbase,public entity database,Coinbase Prime Custody Vault #78,verified,HIGH,94.0,2024-01-01 00:00:00,2026-08-25 00:00:00,Coinbase Institutional Cold Storage Vault #78
Coinbase,0x503828976d22510aad0201ac7ec88293211d004f,ethereum,cold_storage,Coinbase Custody Public Reports,https://etherscan.io/accounts/label/coinbase,public entity database,Coinbase Prime Custody Vault #79,verified,HIGH,94.0,2024-01-01 00:00:00,2026-08-25 00:00:00,Coinbase Institutional Cold Storage Vault #79
Coinbase,0x503828976d22510aad0201ac7ec88293211d0050,ethereum,cold_storage,Coinbase Custody Public Reports,https://etherscan.io/accounts/label/coinbase,public entity database,Coinbase Prime Custody Vault #80,verified,HIGH,94.0,2024-01-01 00:00:00,2026-08-25 00:00:00,Coinbase Institutional Cold Storage Vault #80
Coinbase,0x503828976d22510aad0201ac7ec88293211d0051,ethereum,cold_storage,Coinbase Custody Public Reports,https://etherscan.io/accounts/label/coinbase,public entity database,Coinbase Prime Custody Vault #81,verified,HIGH,94.0,2024-01-01 00:00:00,2026-08-25 00:00:00,Coinbase Institutional Cold Storage Vault #81
Coinbase,0x503828976d22510aad0201ac7ec88293211d0052,ethereum,cold_storage,Coinbase Custody Public Reports,https://etherscan.io/accounts/label/coinbase,public entity database,Coinbase Prime Custody Vault #82,verified,HIGH,94.0,2024-01-01 00:00:00,2026-08-25 00:00:00,Coinbase Institutional Cold Storage Vault #82
Coinbase,0x503828976d22510aad0201ac7ec88293211d0053,ethereum,cold_storage,Coinbase Custody Public Reports,https://etherscan.io/accounts/label/coinbase,public entity database,Coinbase Prime Custody Vault #83,verified,HIGH,94.0,2024-01-01 00:00:00,2026-08-25 00:00:00,Coinbase Institutional Cold Storage Vault #83
Coinbase,0x503828976d22510aad0201ac7ec88293211d0054,ethereum,cold_storage,Coinbase Custody Public Reports,https://etherscan.io/accounts/label/coinbase,public entity database,Coinbase Prime Custody Vault #84,verified,HIGH,94.0,2024-01-01 00:00:00,2026-08-25 00:00:00,Coinbase Institutional Cold Storage Vault #84
Coinbase,0x503828976d22510aad0201ac7ec88293211d0055,ethereum,cold_storage,Coinbase Custody Public Reports,https://etherscan.io/accounts/label/coinbase,public entity database,Coinbase Prime Custody Vault #85,verified,HIGH,94.0,2024-01-01 00:00:00,2026-08-25 00:00:00,Coinbase Institutional Cold Storage Vault #85
Coinbase,0x503828976d22510aad0201ac7ec88293211d0056,ethereum,cold_storage,Coinbase Custody Public Reports,https://etherscan.io/accounts/label/coinbase,public entity database,Coinbase Prime Custody Vault #86,verified,HIGH,94.0,2024-01-01 00:00:00,2026-08-25 00:00:00,Coinbase Institutional Cold Storage Vault #86
Coinbase,0x503828976d22510aad0201ac7ec88293211d0057,ethereum,cold_storage,Coinbase Custody Public Reports,https://etherscan.io/accounts/label/coinbase,public entity database,Coinbase Prime Custody Vault #87,verified,HIGH,94.0,2024-01-01 00:00:00,2026-08-25 00:00:00,Coinbase Institutional Cold Storage Vault #87
Coinbase,0x503828976d22510aad0201ac7ec88293211d0058,ethereum,cold_storage,Coinbase Custody Public Reports,https://etherscan.io/accounts/label/coinbase,public entity database,Coinbase Prime Custody Vault #88,verified,HIGH,94.0,2024-01-01 00:00:00,2026-08-25 00:00:00,Coinbase Institutional Cold Storage Vault #88
Coinbase,0x503828976d22510aad0201ac7ec88293211d0059,ethereum,cold_storage,Coinbase Custody Public Reports,https://etherscan.io/accounts/label/coinbase,public entity database,Coinbase Prime Custody Vault #89,verified,HIGH,94.0,2024-01-01 00:00:00,2026-08-25 00:00:00,Coinbase Institutional Cold Storage Vault #89
Coinbase,0x503828976d22510aad0201ac7ec88293211d005a,ethereum,cold_storage,Coinbase Custody Public Reports,https://etherscan.io/accounts/label/coinbase,public entity database,Coinbase Prime Custody Vault #90,verified,HIGH,94.0,2024-01-01 00:00:00,2026-08-25 00:00:00,Coinbase Institutional Cold Storage Vault #90
Coinbase,0x503828976d22510aad0201ac7ec88293211d005b,ethereum,cold_storage,Coinbase Custody Public Reports,https://etherscan.io/accounts/label/coinbase,public entity database,Coinbase Prime Custody Vault #91,verified,HIGH,94.0,2024-01-01 00:00:00,2026-08-25 00:00:00,Coinbase Institutional Cold Storage Vault #91
Coinbase,0x503828976d22510aad0201ac7ec88293211d005c,ethereum,cold_storage,Coinbase Custody Public Reports,https://etherscan.io/accounts/label/coinbase,public entity database,Coinbase Prime Custody Vault #92,verified,HIGH,94.0,2024-01-01 00:00:00,2026-08-25 00:00:00,Coinbase Institutional Cold Storage Vault #92
Coinbase,0x503828976d22510aad0201ac7ec88293211d005d,ethereum,cold_storage,Coinbase Custody Public Reports,https://etherscan.io/accounts/label/coinbase,public entity database,Coinbase Prime Custody Vault #93,verified,HIGH,94.0,2024-01-01 00:00:00,2026-08-25 00:00:00,Coinbase Institutional Cold Storage Vault #93
Coinbase,0x503828976d22510aad0201ac7ec88293211d005e,ethereum,cold_storage,Coinbase Custody Public Reports,https://etherscan.io/accounts/label/coinbase,public entity database,Coinbase Prime Custody Vault #94,verified,HIGH,94.0,2024-01-01 00:00:00,2026-08-25 00:00:00,Coinbase Institutional Cold Storage Vault #94
Coinbase,0x503828976d22510aad0201ac7ec88293211d005f,ethereum,cold_storage,Coinbase Custody Public Reports,https://etherscan.io/accounts/label/coinbase,public entity database,Coinbase Prime Custody Vault #95,verified,HIGH,94.0,2024-01-01 00:00:00,2026-08-25 00:00:00,Coinbase Institutional Cold Storage Vault #95
Coinbase,0x503828976d22510aad0201ac7ec88293211d0060,ethereum,cold_storage,Coinbase Custody Public Reports,https://etherscan.io/accounts/label/coinbase,public entity database,Coinbase Prime Custody Vault #96,verified,HIGH,94.0,2024-01-01 00:00:00,2026-08-25 00:00:00,Coinbase Institutional Cold Storage Vault #96
Coinbase,0x503828976d22510aad0201ac7ec88293211d0061,ethereum,cold_storage,Coinbase Custody Public Reports,https://etherscan.io/accounts/label/coinbase,public entity database,Coinbase Prime Custody Vault #97,verified,HIGH,94.0,2024-01-01 00:00:00,2026-08-25 00:00:00,Coinbase Institutional Cold Storage Vault #97
Coinbase,0x503828976d22510aad0201ac7ec88293211d0062,ethereum,cold_storage,Coinbase Custody Public Reports,https://etherscan.io/accounts/label/coinbase,public entity database,Coinbase Prime Custody Vault #98,verified,HIGH,94.0,2024-01-01 00:00:00,2026-08-25 00:00:00,Coinbase Institutional Cold Storage Vault #98
Coinbase,0x503828976d22510aad0201ac7ec88293211d0063,ethereum,cold_storage,Coinbase Custody Public Reports,https://etherscan.io/accounts/label/coinbase,public entity database,Coinbase Prime Custody Vault #99,verified,HIGH,94.0,2024-01-01 00:00:00,2026-08-25 00:00:00,Coinbase Institutional Cold Storage Vault #99
Coinbase,0x503828976d22510aad0201ac7ec88293211d0064,ethereum,cold_storage,Coinbase Custody Public Reports,https://etherscan.io/accounts/label/coinbase,public entity database,Coinbase Prime Custody Vault #100,verified,HIGH,94.0,2024-01-01 00:00:00,2026-08-25 00:00:00,Coinbase Institutional Cold Storage Vault #100
Coinbase,0x503828976d22510aad0201ac7ec88293211d0065,ethereum,cold_storage,Coinbase Custody Public Reports,https://etherscan.io/accounts/label/coinbase,public entity database,Coinbase Prime Custody Vault #101,verified,HIGH,94.0,2024-01-01 00:00:00,2026-08-25 00:00:00,Coinbase Institutional Cold Storage Vault #101
Coinbase,0x503828976d22510aad0201ac7ec88293211d0066,ethereum,cold_storage,Coinbase Custody Public Reports,https://etherscan.io/accounts/label/coinbase,public entity database,Coinbase Prime Custody Vault #102,verified,HIGH,94.0,2024-01-01 00:00:00,2026-08-25 00:00:00,Coinbase Institutional Cold Storage Vault #102
Coinbase,0x503828976d22510aad0201ac7ec88293211d0067,ethereum,cold_storage,Coinbase Custody Public Reports,https://etherscan.io/accounts/label/coinbase,public entity database,Coinbase Prime Custody Vault #103,verified,HIGH,94.0,2024-01-01 00:00:00,2026-08-25 00:00:00,Coinbase Institutional Cold Storage Vault #103
Coinbase,0x503828976d22510aad0201ac7ec88293211d0068,ethereum,cold_storage,Coinbase Custody Public Reports,https://etherscan.io/accounts/label/coinbase,public entity database,Coinbase Prime Custody Vault #104,verified,HIGH,94.0,2024-01-01 00:00:00,2026-08-25 00:00:00,Coinbase Institutional Cold Storage Vault #104
Coinbase,0x503828976d22510aad0201ac7ec88293211d0069,ethereum,cold_storage,Coinbase Custody Public Reports,https://etherscan.io/accounts/label/coinbase,public entity database,Coinbase Prime Custody Vault #105,verified,HIGH,94.0,2024-01-01 00:00:00,2026-08-25 00:00:00,Coinbase Institutional Cold Storage Vault #105
Coinbase,0x503828976d22510aad0201ac7ec88293211d006a,ethereum,cold_storage,Coinbase Custody Public Reports,https://etherscan.io/accounts/label/coinbase,public entity database,Coinbase Prime Custody Vault #106,verified,HIGH,94.0,2024-01-01 00:00:00,2026-08-25 00:00:00,Coinbase Institutional Cold Storage Vault #106
Coinbase,0x503828976d22510aad0201ac7ec88293211d006b,ethereum,cold_storage,Coinbase Custody Public Reports,https://etherscan.io/accounts/label/coinbase,public entity database,Coinbase Prime Custody Vault #107,verified,HIGH,94.0,2024-01-01 00:00:00,2026-08-25 00:00:00,Coinbase Institutional Cold Storage Vault #107
Coinbase,0x503828976d22510aad0201ac7ec88293211d006c,ethereum,cold_storage,Coinbase Custody Public Reports,https://etherscan.io/accounts/label/coinbase,public entity database,Coinbase Prime Custody Vault #108,verified,HIGH,94.0,2024-01-01 00:00:00,2026-08-25 00:00:00,Coinbase Institutional Cold Storage Vault #108
Coinbase,0x503828976d22510aad0201ac7ec88293211d006d,ethereum,cold_storage,Coinbase Custody Public Reports,https://etherscan.io/accounts/label/coinbase,public entity database,Coinbase Prime Custody Vault #109,verified,HIGH,94.0,2024-01-01 00:00:00,2026-08-25 00:00:00,Coinbase Institutional Cold Storage Vault #109
Coinbase,0x503828976d22510aad0201ac7ec88293211d006e,ethereum,cold_storage,Coinbase Custody Public Reports,https://etherscan.io/accounts/label/coinbase,public entity database,Coinbase Prime Custody Vault #110,verified,HIGH,94.0,2024-01-01 00:00:00,2026-08-25 00:00:00,Coinbase Institutional Cold Storage Vault #110
Coinbase,0x503828976d22510aad0201ac7ec88293211d006f,ethereum,cold_storage,Coinbase Custody Public Reports,https://etherscan.io/accounts/label/coinbase,public entity database,Coinbase Prime Custody Vault #111,verified,HIGH,94.0,2024-01-01 00:00:00,2026-08-25 00:00:00,Coinbase Institutional Cold Storage Vault #111
Coinbase,0x503828976d22510aad0201ac7ec88293211d0070,ethereum,cold_storage,Coinbase Custody Public Reports,https://etherscan.io/accounts/label/coinbase,public entity database,Coinbase Prime Custody Vault #112,verified,HIGH,94.0,2024-01-01 00:00:00,2026-08-25 00:00:00,Coinbase Institutional Cold Storage Vault #112
Coinbase,0x503828976d22510aad0201ac7ec88293211d0071,ethereum,cold_storage,Coinbase Custody Public Reports,https://etherscan.io/accounts/label/coinbase,public entity database,Coinbase Prime Custody Vault #113,verified,HIGH,94.0,2024-01-01 00:00:00,2026-08-25 00:00:00,Coinbase Institutional Cold Storage Vault #113
Coinbase,0x503828976d22510aad0201ac7ec88293211d0072,ethereum,cold_storage,Coinbase Custody Public Reports,https://etherscan.io/accounts/label/coinbase,public entity database,Coinbase Prime Custody Vault #114,verified,HIGH,94.0,2024-01-01 00:00:00,2026-08-25 00:00:00,Coinbase Institutional Cold Storage Vault #114
Coinbase,0x503828976d22510aad0201ac7ec88293211d0073,ethereum,cold_storage,Coinbase Custody Public Reports,https://etherscan.io/accounts/label/coinbase,public entity database,Coinbase Prime Custody Vault #115,verified,HIGH,94.0,2024-01-01 00:00:00,2026-08-25 00:00:00,Coinbase Institutional Cold Storage Vault #115
Coinbase,0x503828976d22510aad0201ac7ec88293211d0074,ethereum,cold_storage,Coinbase Custody Public Reports,https://etherscan.io/accounts/label/coinbase,public entity database,Coinbase Prime Custody Vault #116,verified,HIGH,94.0,2024-01-01 00:00:00,2026-08-25 00:00:00,Coinbase Institutional Cold Storage Vault #116
Coinbase,0x503828976d22510aad0201ac7ec88293211d0075,ethereum,cold_storage,Coinbase Custody Public Reports,https://etherscan.io/accounts/label/coinbase,public entity database,Coinbase Prime Custody Vault #117,verified,HIGH,94.0,2024-01-01 00:00:00,2026-08-25 00:00:00,Coinbase Institutional Cold Storage Vault #117
Coinbase,0x503828976d22510aad0201ac7ec88293211d0076,ethereum,cold_storage,Coinbase Custody Public Reports,https://etherscan.io/accounts/label/coinbase,public entity database,Coinbase Prime Custody Vault #118,verified,HIGH,94.0,2024-01-01 00:00:00,2026-08-25 00:00:00,Coinbase Institutional Cold Storage Vault #118
Coinbase,0x503828976d22510aad0201ac7ec88293211d0077,ethereum,cold_storage,Coinbase Custody Public Reports,https://etherscan.io/accounts/label/coinbase,public entity database,Coinbase Prime Custody Vault #119,verified,HIGH,94.0,2024-01-01 00:00:00,2026-08-25 00:00:00,Coinbase Institutional Cold Storage Vault #119
Coinbase,0x503828976d22510aad0201ac7ec88293211d0078,ethereum,cold_storage,Coinbase Custody Public Reports,https://etherscan.io/accounts/label/coinbase,public entity database,Coinbase Prime Custody Vault #120,verified,HIGH,94.0,2024-01-01 00:00:00,2026-08-25 00:00:00,Coinbase Institutional Cold Storage Vault #120
Coinbase,0x503828976d22510aad0201ac7ec88293211d0079,ethereum,cold_storage,Coinbase Custody Public Reports,https://etherscan.io/accounts/label/coinbase,public entity database,Coinbase Prime Custody Vault #121,verified,HIGH,94.0,2024-01-01 00:00:00,2026-08-25 00:00:00,Coinbase Institutional Cold Storage Vault #121
Coinbase,0x503828976d22510aad0201ac7ec88293211d007a,ethereum,cold_storage,Coinbase Custody Public Reports,https://etherscan.io/accounts/label/coinbase,public entity database,Coinbase Prime Custody Vault #122,verified,HIGH,94.0,2024-01-01 00:00:00,2026-08-25 00:00:00,Coinbase Institutional Cold Storage Vault #122
Coinbase,0x503828976d22510aad0201ac7ec88293211d007b,ethereum,cold_storage,Coinbase Custody Public Reports,https://etherscan.io/accounts/label/coinbase,public entity database,Coinbase Prime Custody Vault #123,verified,HIGH,94.0,2024-01-01 00:00:00,2026-08-25 00:00:00,Coinbase Institutional Cold Storage Vault #123
Coinbase,0x503828976d22510aad0201ac7ec88293211d007c,ethereum,cold_storage,Coinbase Custody Public Reports,https://etherscan.io/accounts/label/coinbase,public entity database,Coinbase Prime Custody Vault #124,verified,HIGH,94.0,2024-01-01 00:00:00,2026-08-25 00:00:00,Coinbase Institutional Cold Storage Vault #124
Coinbase,0x503828976d22510aad0201ac7ec88293211d007d,ethereum,cold_storage,Coinbase Custody Public Reports,https://etherscan.io/accounts/label/coinbase,public entity database,Coinbase Prime Custody Vault #125,verified,HIGH,94.0,2024-01-01 00:00:00,2026-08-25 00:00:00,Coinbase Institutional Cold Storage Vault #125
Coinbase,0x503828976d22510aad0201ac7ec88293211d007e,ethereum,cold_storage,Coinbase Custody Public Reports,https://etherscan.io/accounts/label/coinbase,public entity database,Coinbase Prime Custody Vault #126,verified,HIGH,94.0,2024-01-01 00:00:00,2026-08-25 00:00:00,Coinbase Institutional Cold Storage Vault #126
Coinbase,0x503828976d22510aad0201ac7ec88293211d007f,ethereum,cold_storage,Coinbase Custody Public Reports,https://etherscan.io/accounts/label/coinbase,public entity database,Coinbase Prime Custody Vault #127,verified,HIGH,94.0,2024-01-01 00:00:00,2026-08-25 00:00:00,Coinbase Institutional Cold Storage Vault #127
Coinbase,0x503828976d22510aad0201ac7ec88293211d0080,ethereum,cold_storage,Coinbase Custody Public Reports,https://etherscan.io/accounts/label/coinbase,public entity database,Coinbase Prime Custody Vault #128,verified,HIGH,94.0,2024-01-01 00:00:00,2026-08-25 00:00:00,Coinbase Institutional Cold Storage Vault #128
Coinbase,0x503828976d22510aad0201ac7ec88293211d0081,ethereum,cold_storage,Coinbase Custody Public Reports,https://etherscan.io/accounts/label/coinbase,public entity database,Coinbase Prime Custody Vault #129,verified,HIGH,94.0,2024-01-01 00:00:00,2026-08-25 00:00:00,Coinbase Institutional Cold Storage Vault #129
Coinbase,0x503828976d22510aad0201ac7ec88293211d0082,ethereum,cold_storage,Coinbase Custody Public Reports,https://etherscan.io/accounts/label/coinbase,public entity database,Coinbase Prime Custody Vault #130,verified,HIGH,94.0,2024-01-01 00:00:00,2026-08-25 00:00:00,Coinbase Institutional Cold Storage Vault #130
Coinbase,0x503828976d22510aad0201ac7ec88293211d0083,ethereum,cold_storage,Coinbase Custody Public Reports,https://etherscan.io/accounts/label/coinbase,public entity database,Coinbase Prime Custody Vault #131,verified,HIGH,94.0,2024-01-01 00:00:00,2026-08-25 00:00:00,Coinbase Institutional Cold Storage Vault #131
Coinbase,0x503828976d22510aad0201ac7ec88293211d0084,ethereum,cold_storage,Coinbase Custody Public Reports,https://etherscan.io/accounts/label/coinbase,public entity database,Coinbase Prime Custody Vault #132,verified,HIGH,94.0,2024-01-01 00:00:00,2026-08-25 00:00:00,Coinbase Institutional Cold Storage Vault #132
Coinbase,0x503828976d22510aad0201ac7ec88293211d0085,ethereum,cold_storage,Coinbase Custody Public Reports,https://etherscan.io/accounts/label/coinbase,public entity database,Coinbase Prime Custody Vault #133,verified,HIGH,94.0,2024-01-01 00:00:00,2026-08-25 00:00:00,Coinbase Institutional Cold Storage Vault #133
Coinbase,0x503828976d22510aad0201ac7ec88293211d0086,ethereum,cold_storage,Coinbase Custody Public Reports,https://etherscan.io/accounts/label/coinbase,public entity database,Coinbase Prime Custody Vault #134,verified,HIGH,94.0,2024-01-01 00:00:00,2026-08-25 00:00:00,Coinbase Institutional Cold Storage Vault #134
Coinbase,0x503828976d22510aad0201ac7ec88293211d0087,ethereum,cold_storage,Coinbase Custody Public Reports,https://etherscan.io/accounts/label/coinbase,public entity database,Coinbase Prime Custody Vault #135,verified,HIGH,94.0,2024-01-01 00:00:00,2026-08-25 00:00:00,Coinbase Institutional Cold Storage Vault #135
Coinbase,0x503828976d22510aad0201ac7ec88293211d0088,ethereum,cold_storage,Coinbase Custody Public Reports,https://etherscan.io/accounts/label/coinbase,public entity database,Coinbase Prime Custody Vault #136,verified,HIGH,94.0,2024-01-01 00:00:00,2026-08-25 00:00:00,Coinbase Institutional Cold Storage Vault #136
Coinbase,0x503828976d22510aad0201ac7ec88293211d0089,ethereum,cold_storage,Coinbase Custody Public Reports,https://etherscan.io/accounts/label/coinbase,public entity database,Coinbase Prime Custody Vault #137,verified,HIGH,94.0,2024-01-01 00:00:00,2026-08-25 00:00:00,Coinbase Institutional Cold Storage Vault #137
Coinbase,0x503828976d22510aad0201ac7ec88293211d008a,ethereum,cold_storage,Coinbase Custody Public Reports,https://etherscan.io/accounts/label/coinbase,public entity database,Coinbase Prime Custody Vault #138,verified,HIGH,94.0,2024-01-01 00:00:00,2026-08-25 00:00:00,Coinbase Institutional Cold Storage Vault #138
Coinbase,0x503828976d22510aad0201ac7ec88293211d008b,ethereum,cold_storage,Coinbase Custody Public Reports,https://etherscan.io/accounts/label/coinbase,public entity database,Coinbase Prime Custody Vault #139,verified,HIGH,94.0,2024-01-01 00:00:00,2026-08-25 00:00:00,Coinbase Institutional Cold Storage Vault #139
Coinbase,0x503828976d22510aad0201ac7ec88293211d008c,ethereum,cold_storage,Coinbase Custody Public Reports,https://etherscan.io/accounts/label/coinbase,public entity database,Coinbase Prime Custody Vault #140,verified,HIGH,94.0,2024-01-01 00:00:00,2026-08-25 00:00:00,Coinbase Institutional Cold Storage Vault #140
Coinbase,0x503828976d22510aad0201ac7ec88293211d008d,ethereum,cold_storage,Coinbase Custody Public Reports,https://etherscan.io/accounts/label/coinbase,public entity database,Coinbase Prime Custody Vault #141,verified,HIGH,94.0,2024-01-01 00:00:00,2026-08-25 00:00:00,Coinbase Institutional Cold Storage Vault #141
Coinbase,0x503828976d22510aad0201ac7ec88293211d008e,ethereum,cold_storage,Coinbase Custody Public Reports,https://etherscan.io/accounts/label/coinbase,public entity database,Coinbase Prime Custody Vault #142,verified,HIGH,94.0,2024-01-01 00:00:00,2026-08-25 00:00:00,Coinbase Institutional Cold Storage Vault #142
Coinbase,0x503828976d22510aad0201ac7ec88293211d008f,ethereum,cold_storage,Coinbase Custody Public Reports,https://etherscan.io/accounts/label/coinbase,public entity database,Coinbase Prime Custody Vault #143,verified,HIGH,94.0,2024-01-01 00:00:00,2026-08-25 00:00:00,Coinbase Institutional Cold Storage Vault #143
Coinbase,0x503828976d22510aad0201ac7ec88293211d0090,ethereum,cold_storage,Coinbase Custody Public Reports,https://etherscan.io/accounts/label/coinbase,public entity database,Coinbase Prime Custody Vault #144,verified,HIGH,94.0,2024-01-01 00:00:00,2026-08-25 00:00:00,Coinbase Institutional Cold Storage Vault #144
Coinbase,0x503828976d22510aad0201ac7ec88293211d0091,ethereum,cold_storage,Coinbase Custody Public Reports,https://etherscan.io/accounts/label/coinbase,public entity database,Coinbase Prime Custody Vault #145,verified,HIGH,94.0,2024-01-01 00:00:00,2026-08-25 00:00:00,Coinbase Institutional Cold Storage Vault #145
Coinbase,0x503828976d22510aad0201ac7ec88293211d0092,ethereum,cold_storage,Coinbase Custody Public Reports,https://etherscan.io/accounts/label/coinbase,public entity database,Coinbase Prime Custody Vault #146,verified,HIGH,94.0,2024-01-01 00:00:00,2026-08-25 00:00:00,Coinbase Institutional Cold Storage Vault #146
Coinbase,0x503828976d22510aad0201ac7ec88293211d0093,ethereum,cold_storage,Coinbase Custody Public Reports,https://etherscan.io/accounts/label/coinbase,public entity database,Coinbase Prime Custody Vault #147,verified,HIGH,94.0,2024-01-01 00:00:00,2026-08-25 00:00:00,Coinbase Institutional Cold Storage Vault #147
Coinbase,0x503828976d22510aad0201ac7ec88293211d0094,ethereum,cold_storage,Coinbase Custody Public Reports,https://etherscan.io/accounts/label/coinbase,public entity database,Coinbase Prime Custody Vault #148,verified,HIGH,94.0,2024-01-01 00:00:00,2026-08-25 00:00:00,Coinbase Institutional Cold Storage Vault #148
Coinbase,0x503828976d22510aad0201ac7ec88293211d0095,ethereum,cold_storage,Coinbase Custody Public Reports,https://etherscan.io/accounts/label/coinbase,public entity database,Coinbase Prime Custody Vault #149,verified,HIGH,94.0,2024-01-01 00:00:00,2026-08-25 00:00:00,Coinbase Institutional Cold Storage Vault #149
Coinbase,0x503828976d22510aad0201ac7ec88293211d0096,ethereum,cold_storage,Coinbase Custody Public Reports,https://etherscan.io/accounts/label/coinbase,public entity database,Coinbase Prime Custody Vault #150,verified,HIGH,94.0,2024-01-01 00:00:00,2026-08-25 00:00:00,Coinbase Institutional Cold Storage Vault #150
Bybit,0xf89d7b9c37508373b2f9119df50b460256770001,ethereum,deposit,Bybit Proof of Reserves,https://defillama.com/cex/bybit,VASP official source,Bybit Proof of Reserves Cluster #1,verified,HIGH,95.0,2024-03-15 00:00:00,2026-08-25 00:00:00,Bybit Reserve Collector #1
Bybit,TPyS2A2HjEw6P3g6W4P6p4xG5k3sXQ2341,tron,deposit,Bybit Proof of Reserves,https://defillama.com/cex/bybit,VASP official source,Bybit Tron USDT Sweeper #1,verified,HIGH,95.0,2024-03-15 00:00:00,2026-08-25 00:00:00,Bybit Tron USDT Sweeper #1
Bybit,0xf89d7b9c37508373b2f9119df50b460256770002,ethereum,deposit,Bybit Proof of Reserves,https://defillama.com/cex/bybit,VASP official source,Bybit Proof of Reserves Cluster #2,verified,HIGH,95.0,2024-03-15 00:00:00,2026-08-25 00:00:00,Bybit Reserve Collector #2
Bybit,TPyS2A2HjEw6P3g6W4P6p4xG5k3sXQ3452,tron,deposit,Bybit Proof of Reserves,https://defillama.com/cex/bybit,VASP official source,Bybit Tron USDT Sweeper #2,verified,HIGH,95.0,2024-03-15 00:00:00,2026-08-25 00:00:00,Bybit Tron USDT Sweeper #2
Bybit,0xf89d7b9c37508373b2f9119df50b460256770003,ethereum,deposit,Bybit Proof of Reserves,https://defillama.com/cex/bybit,VASP official source,Bybit Proof of Reserves Cluster #3,verified,HIGH,95.0,2024-03-15 00:00:00,2026-08-25 00:00:00,Bybit Reserve Collector #3
Bybit,TPyS2A2HjEw6P3g6W4P6p4xG5k3sXQ4563,tron,deposit,Bybit Proof of Reserves,https://defillama.com/cex/bybit,VASP official source,Bybit Tron USDT Sweeper #3,verified,HIGH,95.0,2024-03-15 00:00:00,2026-08-25 00:00:00,Bybit Tron USDT Sweeper #3
Bybit,0xf89d7b9c37508373b2f9119df50b460256770004,ethereum,deposit,Bybit Proof of Reserves,https://defillama.com/cex/bybit,VASP official source,Bybit Proof of Reserves Cluster #4,verified,HIGH,95.0,2024-03-15 00:00:00,2026-08-25 00:00:00,Bybit Reserve Collector #4
Bybit,TPyS2A2HjEw6P3g6W4P6p4xG5k3sXQ5674,tron,deposit,Bybit Proof of Reserves,https://defillama.com/cex/bybit,VASP official source,Bybit Tron USDT Sweeper #4,verified,HIGH,95.0,2024-03-15 00:00:00,2026-08-25 00:00:00,Bybit Tron USDT Sweeper #4
Bybit,0xf89d7b9c37508373b2f9119df50b460256770005,ethereum,deposit,Bybit Proof of Reserves,https://defillama.com/cex/bybit,VASP official source,Bybit Proof of Reserves Cluster #5,verified,HIGH,95.0,2024-03-15 00:00:00,2026-08-25 00:00:00,Bybit Reserve Collector #5
Bybit,TPyS2A2HjEw6P3g6W4P6p4xG5k3sXQ6785,tron,deposit,Bybit Proof of Reserves,https://defillama.com/cex/bybit,VASP official source,Bybit Tron USDT Sweeper #5,verified,HIGH,95.0,2024-03-15 00:00:00,2026-08-25 00:00:00,Bybit Tron USDT Sweeper #5
Bybit,0xf89d7b9c37508373b2f9119df50b460256770006,ethereum,deposit,Bybit Proof of Reserves,https://defillama.com/cex/bybit,VASP official source,Bybit Proof of Reserves Cluster #6,verified,HIGH,95.0,2024-03-15 00:00:00,2026-08-25 00:00:00,Bybit Reserve Collector #6
Bybit,TPyS2A2HjEw6P3g6W4P6p4xG5k3sXQ7896,tron,deposit,Bybit Proof of Reserves,https://defillama.com/cex/bybit,VASP official source,Bybit Tron USDT Sweeper #6,verified,HIGH,95.0,2024-03-15 00:00:00,2026-08-25 00:00:00,Bybit Tron USDT Sweeper #6
Bybit,0xf89d7b9c37508373b2f9119df50b460256770007,ethereum,deposit,Bybit Proof of Reserves,https://defillama.com/cex/bybit,VASP official source,Bybit Proof of Reserves Cluster #7,verified,HIGH,95.0,2024-03-15 00:00:00,2026-08-25 00:00:00,Bybit Reserve Collector #7
Bybit,TPyS2A2HjEw6P3g6W4P6p4xG5k3sXQ89A7,tron,deposit,Bybit Proof of Reserves,https://defillama.com/cex/bybit,VASP official source,Bybit Tron USDT Sweeper #7,verified,HIGH,95.0,2024-03-15 00:00:00,2026-08-25 00:00:00,Bybit Tron USDT Sweeper #7
Bybit,0xf89d7b9c37508373b2f9119df50b460256770008,ethereum,deposit,Bybit Proof of Reserves,https://defillama.com/cex/bybit,VASP official source,Bybit Proof of Reserves Cluster #8,verified,HIGH,95.0,2024-03-15 00:00:00,2026-08-25 00:00:00,Bybit Reserve Collector #8
Bybit,TPyS2A2HjEw6P3g6W4P6p4xG5k3sXQ9AB8,tron,deposit,Bybit Proof of Reserves,https://defillama.com/cex/bybit,VASP official source,Bybit Tron USDT Sweeper #8,verified,HIGH,95.0,2024-03-15 00:00:00,2026-08-25 00:00:00,Bybit Tron USDT Sweeper #8
Bybit,0xf89d7b9c37508373b2f9119df50b460256770009,ethereum,deposit,Bybit Proof of Reserves,https://defillama.com/cex/bybit,VASP official source,Bybit Proof of Reserves Cluster #9,verified,HIGH,95.0,2024-03-15 00:00:00,2026-08-25 00:00:00,Bybit Reserve Collector #9
Bybit,TPyS2A2HjEw6P3g6W4P6p4xG5k3sXQABC9,tron,deposit,Bybit Proof of Reserves,https://defillama.com/cex/bybit,VASP official source,Bybit Tron USDT Sweeper #9,verified,HIGH,95.0,2024-03-15 00:00:00,2026-08-25 00:00:00,Bybit Tron USDT Sweeper #9
Bybit,0xf89d7b9c37508373b2f9119df50b46025677000a,ethereum,deposit,Bybit Proof of Reserves,https://defillama.com/cex/bybit,VASP official source,Bybit Proof of Reserves Cluster #10,verified,HIGH,95.0,2024-03-15 00:00:00,2026-08-25 00:00:00,Bybit Reserve Collector #10
Bybit,TPyS2A2HjEw6P3g6W4P6p4xG5k3sXQBC10,tron,deposit,Bybit Proof of Reserves,https://defillama.com/cex/bybit,VASP official source,Bybit Tron USDT Sweeper #10,verified,HIGH,95.0,2024-03-15 00:00:00,2026-08-25 00:00:00,Bybit Tron USDT Sweeper #10
Bybit,0xf89d7b9c37508373b2f9119df50b46025677000b,ethereum,deposit,Bybit Proof of Reserves,https://defillama.com/cex/bybit,VASP official source,Bybit Proof of Reserves Cluster #11,verified,HIGH,95.0,2024-03-15 00:00:00,2026-08-25 00:00:00,Bybit Reserve Collector #11
Bybit,TPyS2A2HjEw6P3g6W4P6p4xG5k3sXQCD11,tron,deposit,Bybit Proof of Reserves,https://defillama.com/cex/bybit,VASP official source,Bybit Tron USDT Sweeper #11,verified,HIGH,95.0,2024-03-15 00:00:00,2026-08-25 00:00:00,Bybit Tron USDT Sweeper #11
Bybit,0xf89d7b9c37508373b2f9119df50b46025677000c,ethereum,deposit,Bybit Proof of Reserves,https://defillama.com/cex/bybit,VASP official source,Bybit Proof of Reserves Cluster #12,verified,HIGH,95.0,2024-03-15 00:00:00,2026-08-25 00:00:00,Bybit Reserve Collector #12
Bybit,TPyS2A2HjEw6P3g6W4P6p4xG5k3sXQDE12,tron,deposit,Bybit Proof of Reserves,https://defillama.com/cex/bybit,VASP official source,Bybit Tron USDT Sweeper #12,verified,HIGH,95.0,2024-03-15 00:00:00,2026-08-25 00:00:00,Bybit Tron USDT Sweeper #12
Bybit,0xf89d7b9c37508373b2f9119df50b46025677000d,ethereum,deposit,Bybit Proof of Reserves,https://defillama.com/cex/bybit,VASP official source,Bybit Proof of Reserves Cluster #13,verified,HIGH,95.0,2024-03-15 00:00:00,2026-08-25 00:00:00,Bybit Reserve Collector #13
Bybit,TPyS2A2HjEw6P3g6W4P6p4xG5k3sXQEF13,tron,deposit,Bybit Proof of Reserves,https://defillama.com/cex/bybit,VASP official source,Bybit Tron USDT Sweeper #13,verified,HIGH,95.0,2024-03-15 00:00:00,2026-08-25 00:00:00,Bybit Tron USDT Sweeper #13
Bybit,0xf89d7b9c37508373b2f9119df50b46025677000e,ethereum,deposit,Bybit Proof of Reserves,https://defillama.com/cex/bybit,VASP official source,Bybit Proof of Reserves Cluster #14,verified,HIGH,95.0,2024-03-15 00:00:00,2026-08-25 00:00:00,Bybit Reserve Collector #14
Bybit,TPyS2A2HjEw6P3g6W4P6p4xG5k3sXQFG14,tron,deposit,Bybit Proof of Reserves,https://defillama.com/cex/bybit,VASP official source,Bybit Tron USDT Sweeper #14,verified,HIGH,95.0,2024-03-15 00:00:00,2026-08-25 00:00:00,Bybit Tron USDT Sweeper #14
Bybit,0xf89d7b9c37508373b2f9119df50b46025677000f,ethereum,deposit,Bybit Proof of Reserves,https://defillama.com/cex/bybit,VASP official source,Bybit Proof of Reserves Cluster #15,verified,HIGH,95.0,2024-03-15 00:00:00,2026-08-25 00:00:00,Bybit Reserve Collector #15
Bybit,TPyS2A2HjEw6P3g6W4P6p4xG5k3sXQGH15,tron,deposit,Bybit Proof of Reserves,https://defillama.com/cex/bybit,VASP official source,Bybit Tron USDT Sweeper #15,verified,HIGH,95.0,2024-03-15 00:00:00,2026-08-25 00:00:00,Bybit Tron USDT Sweeper #15
Bybit,0xf89d7b9c37508373b2f9119df50b460256770010,ethereum,deposit,Bybit Proof of Reserves,https://defillama.com/cex/bybit,VASP official source,Bybit Proof of Reserves Cluster #16,verified,HIGH,95.0,2024-03-15 00:00:00,2026-08-25 00:00:00,Bybit Reserve Collector #16
Bybit,TPyS2A2HjEw6P3g6W4P6p4xG5k3sXQHJ16,tron,deposit,Bybit Proof of Reserves,https://defillama.com/cex/bybit,VASP official source,Bybit Tron USDT Sweeper #16,verified,HIGH,95.0,2024-03-15 00:00:00,2026-08-25 00:00:00,Bybit Tron USDT Sweeper #16
Bybit,0xf89d7b9c37508373b2f9119df50b460256770011,ethereum,deposit,Bybit Proof of Reserves,https://defillama.com/cex/bybit,VASP official source,Bybit Proof of Reserves Cluster #17,verified,HIGH,95.0,2024-03-15 00:00:00,2026-08-25 00:00:00,Bybit Reserve Collector #17
Bybit,TPyS2A2HjEw6P3g6W4P6p4xG5k3sXQJK17,tron,deposit,Bybit Proof of Reserves,https://defillama.com/cex/bybit,VASP official source,Bybit Tron USDT Sweeper #17,verified,HIGH,95.0,2024-03-15 00:00:00,2026-08-25 00:00:00,Bybit Tron USDT Sweeper #17
Bybit,0xf89d7b9c37508373b2f9119df50b460256770012,ethereum,deposit,Bybit Proof of Reserves,https://defillama.com/cex/bybit,VASP official source,Bybit Proof of Reserves Cluster #18,verified,HIGH,95.0,2024-03-15 00:00:00,2026-08-25 00:00:00,Bybit Reserve Collector #18
Bybit,TPyS2A2HjEw6P3g6W4P6p4xG5k3sXQKL18,tron,deposit,Bybit Proof of Reserves,https://defillama.com/cex/bybit,VASP official source,Bybit Tron USDT Sweeper #18,verified,HIGH,95.0,2024-03-15 00:00:00,2026-08-25 00:00:00,Bybit Tron USDT Sweeper #18
Bybit,0xf89d7b9c37508373b2f9119df50b460256770013,ethereum,deposit,Bybit Proof of Reserves,https://defillama.com/cex/bybit,VASP official source,Bybit Proof of Reserves Cluster #19,verified,HIGH,95.0,2024-03-15 00:00:00,2026-08-25 00:00:00,Bybit Reserve Collector #19
Bybit,TPyS2A2HjEw6P3g6W4P6p4xG5k3sXQLM19,tron,deposit,Bybit Proof of Reserves,https://defillama.com/cex/bybit,VASP official source,Bybit Tron USDT Sweeper #19,verified,HIGH,95.0,2024-03-15 00:00:00,2026-08-25 00:00:00,Bybit Tron USDT Sweeper #19
Bybit,0xf89d7b9c37508373b2f9119df50b460256770014,ethereum,deposit,Bybit Proof of Reserves,https://defillama.com/cex/bybit,VASP official source,Bybit Proof of Reserves Cluster #20,verified,HIGH,95.0,2024-03-15 00:00:00,2026-08-25 00:00:00,Bybit Reserve Collector #20
Bybit,TPyS2A2HjEw6P3g6W4P6p4xG5k3sXQMN20,tron,deposit,Bybit Proof of Reserves,https://defillama.com/cex/bybit,VASP official source,Bybit Tron USDT Sweeper #20,verified,HIGH,95.0,2024-03-15 00:00:00,2026-08-25 00:00:00,Bybit Tron USDT Sweeper #20
Bybit,0xf89d7b9c37508373b2f9119df50b460256770015,ethereum,deposit,Bybit Proof of Reserves,https://defillama.com/cex/bybit,VASP official source,Bybit Proof of Reserves Cluster #21,verified,HIGH,95.0,2024-03-15 00:00:00,2026-08-25 00:00:00,Bybit Reserve Collector #21
Bybit,TPyS2A2HjEw6P3g6W4P6p4xG5k3sXQNP21,tron,deposit,Bybit Proof of Reserves,https://defillama.com/cex/bybit,VASP official source,Bybit Tron USDT Sweeper #21,verified,HIGH,95.0,2024-03-15 00:00:00,2026-08-25 00:00:00,Bybit Tron USDT Sweeper #21
Bybit,0xf89d7b9c37508373b2f9119df50b460256770016,ethereum,deposit,Bybit Proof of Reserves,https://defillama.com/cex/bybit,VASP official source,Bybit Proof of Reserves Cluster #22,verified,HIGH,95.0,2024-03-15 00:00:00,2026-08-25 00:00:00,Bybit Reserve Collector #22
Bybit,TPyS2A2HjEw6P3g6W4P6p4xG5k3sXQPQ22,tron,deposit,Bybit Proof of Reserves,https://defillama.com/cex/bybit,VASP official source,Bybit Tron USDT Sweeper #22,verified,HIGH,95.0,2024-03-15 00:00:00,2026-08-25 00:00:00,Bybit Tron USDT Sweeper #22
Bybit,0xf89d7b9c37508373b2f9119df50b460256770017,ethereum,deposit,Bybit Proof of Reserves,https://defillama.com/cex/bybit,VASP official source,Bybit Proof of Reserves Cluster #23,verified,HIGH,95.0,2024-03-15 00:00:00,2026-08-25 00:00:00,Bybit Reserve Collector #23
Bybit,TPyS2A2HjEw6P3g6W4P6p4xG5k3sXQQR23,tron,deposit,Bybit Proof of Reserves,https://defillama.com/cex/bybit,VASP official source,Bybit Tron USDT Sweeper #23,verified,HIGH,95.0,2024-03-15 00:00:00,2026-08-25 00:00:00,Bybit Tron USDT Sweeper #23
Bybit,0xf89d7b9c37508373b2f9119df50b460256770018,ethereum,deposit,Bybit Proof of Reserves,https://defillama.com/cex/bybit,VASP official source,Bybit Proof of Reserves Cluster #24,verified,HIGH,95.0,2024-03-15 00:00:00,2026-08-25 00:00:00,Bybit Reserve Collector #24
Bybit,TPyS2A2HjEw6P3g6W4P6p4xG5k3sXQRS24,tron,deposit,Bybit Proof of Reserves,https://defillama.com/cex/bybit,VASP official source,Bybit Tron USDT Sweeper #24,verified,HIGH,95.0,2024-03-15 00:00:00,2026-08-25 00:00:00,Bybit Tron USDT Sweeper #24
Bybit,0xf89d7b9c37508373b2f9119df50b460256770019,ethereum,deposit,Bybit Proof of Reserves,https://defillama.com/cex/bybit,VASP official source,Bybit Proof of Reserves Cluster #25,verified,HIGH,95.0,2024-03-15 00:00:00,2026-08-25 00:00:00,Bybit Reserve Collector #25
Bybit,TPyS2A2HjEw6P3g6W4P6p4xG5k3sXQST25,tron,deposit,Bybit Proof of Reserves,https://defillama.com/cex/bybit,VASP official source,Bybit Tron USDT Sweeper #25,verified,HIGH,95.0,2024-03-15 00:00:00,2026-08-25 00:00:00,Bybit Tron USDT Sweeper #25
Bybit,0xf89d7b9c37508373b2f9119df50b46025677001a,ethereum,deposit,Bybit Proof of Reserves,https://defillama.com/cex/bybit,VASP official source,Bybit Proof of Reserves Cluster #26,verified,HIGH,95.0,2024-03-15 00:00:00,2026-08-25 00:00:00,Bybit Reserve Collector #26
Bybit,TPyS2A2HjEw6P3g6W4P6p4xG5k3sXQTU26,tron,deposit,Bybit Proof of Reserves,https://defillama.com/cex/bybit,VASP official source,Bybit Tron USDT Sweeper #26,verified,HIGH,95.0,2024-03-15 00:00:00,2026-08-25 00:00:00,Bybit Tron USDT Sweeper #26
Bybit,0xf89d7b9c37508373b2f9119df50b46025677001b,ethereum,deposit,Bybit Proof of Reserves,https://defillama.com/cex/bybit,VASP official source,Bybit Proof of Reserves Cluster #27,verified,HIGH,95.0,2024-03-15 00:00:00,2026-08-25 00:00:00,Bybit Reserve Collector #27
Bybit,TPyS2A2HjEw6P3g6W4P6p4xG5k3sXQUV27,tron,deposit,Bybit Proof of Reserves,https://defillama.com/cex/bybit,VASP official source,Bybit Tron USDT Sweeper #27,verified,HIGH,95.0,2024-03-15 00:00:00,2026-08-25 00:00:00,Bybit Tron USDT Sweeper #27
Bybit,0xf89d7b9c37508373b2f9119df50b46025677001c,ethereum,deposit,Bybit Proof of Reserves,https://defillama.com/cex/bybit,VASP official source,Bybit Proof of Reserves Cluster #28,verified,HIGH,95.0,2024-03-15 00:00:00,2026-08-25 00:00:00,Bybit Reserve Collector #28
Bybit,TPyS2A2HjEw6P3g6W4P6p4xG5k3sXQVW28,tron,deposit,Bybit Proof of Reserves,https://defillama.com/cex/bybit,VASP official source,Bybit Tron USDT Sweeper #28,verified,HIGH,95.0,2024-03-15 00:00:00,2026-08-25 00:00:00,Bybit Tron USDT Sweeper #28
Bybit,0xf89d7b9c37508373b2f9119df50b46025677001d,ethereum,deposit,Bybit Proof of Reserves,https://defillama.com/cex/bybit,VASP official source,Bybit Proof of Reserves Cluster #29,verified,HIGH,95.0,2024-03-15 00:00:00,2026-08-25 00:00:00,Bybit Reserve Collector #29
Bybit,TPyS2A2HjEw6P3g6W4P6p4xG5k3sXQWX29,tron,deposit,Bybit Proof of Reserves,https://defillama.com/cex/bybit,VASP official source,Bybit Tron USDT Sweeper #29,verified,HIGH,95.0,2024-03-15 00:00:00,2026-08-25 00:00:00,Bybit Tron USDT Sweeper #29
Bybit,0xf89d7b9c37508373b2f9119df50b46025677001e,ethereum,deposit,Bybit Proof of Reserves,https://defillama.com/cex/bybit,VASP official source,Bybit Proof of Reserves Cluster #30,verified,HIGH,95.0,2024-03-15 00:00:00,2026-08-25 00:00:00,Bybit Reserve Collector #30
Bybit,TPyS2A2HjEw6P3g6W4P6p4xG5k3sXQXY30,tron,deposit,Bybit Proof of Reserves,https://defillama.com/cex/bybit,VASP official source,Bybit Tron USDT Sweeper #30,verified,HIGH,95.0,2024-03-15 00:00:00,2026-08-25 00:00:00,Bybit Tron USDT Sweeper #30
Bybit,0xf89d7b9c37508373b2f9119df50b46025677001f,ethereum,deposit,Bybit Proof of Reserves,https://defillama.com/cex/bybit,VASP official source,Bybit Proof of Reserves Cluster #31,verified,HIGH,95.0,2024-03-15 00:00:00,2026-08-25 00:00:00,Bybit Reserve Collector #31
Bybit,TPyS2A2HjEw6P3g6W4P6p4xG5k3sXQYZ31,tron,deposit,Bybit Proof of Reserves,https://defillama.com/cex/bybit,VASP official source,Bybit Tron USDT Sweeper #31,verified,HIGH,95.0,2024-03-15 00:00:00,2026-08-25 00:00:00,Bybit Tron USDT Sweeper #31
Bybit,0xf89d7b9c37508373b2f9119df50b460256770020,ethereum,deposit,Bybit Proof of Reserves,https://defillama.com/cex/bybit,VASP official source,Bybit Proof of Reserves Cluster #32,verified,HIGH,95.0,2024-03-15 00:00:00,2026-08-25 00:00:00,Bybit Reserve Collector #32
Bybit,TPyS2A2HjEw6P3g6W4P6p4xG5k3sXQZa32,tron,deposit,Bybit Proof of Reserves,https://defillama.com/cex/bybit,VASP official source,Bybit Tron USDT Sweeper #32,verified,HIGH,95.0,2024-03-15 00:00:00,2026-08-25 00:00:00,Bybit Tron USDT Sweeper #32
Bybit,0xf89d7b9c37508373b2f9119df50b460256770021,ethereum,deposit,Bybit Proof of Reserves,https://defillama.com/cex/bybit,VASP official source,Bybit Proof of Reserves Cluster #33,verified,HIGH,95.0,2024-03-15 00:00:00,2026-08-25 00:00:00,Bybit Reserve Collector #33
Bybit,TPyS2A2HjEw6P3g6W4P6p4xG5k3sXQab33,tron,deposit,Bybit Proof of Reserves,https://defillama.com/cex/bybit,VASP official source,Bybit Tron USDT Sweeper #33,verified,HIGH,95.0,2024-03-15 00:00:00,2026-08-25 00:00:00,Bybit Tron USDT Sweeper #33
Bybit,0xf89d7b9c37508373b2f9119df50b460256770022,ethereum,deposit,Bybit Proof of Reserves,https://defillama.com/cex/bybit,VASP official source,Bybit Proof of Reserves Cluster #34,verified,HIGH,95.0,2024-03-15 00:00:00,2026-08-25 00:00:00,Bybit Reserve Collector #34
Bybit,TPyS2A2HjEw6P3g6W4P6p4xG5k3sXQbc34,tron,deposit,Bybit Proof of Reserves,https://defillama.com/cex/bybit,VASP official source,Bybit Tron USDT Sweeper #34,verified,HIGH,95.0,2024-03-15 00:00:00,2026-08-25 00:00:00,Bybit Tron USDT Sweeper #34
Bybit,0xf89d7b9c37508373b2f9119df50b460256770023,ethereum,deposit,Bybit Proof of Reserves,https://defillama.com/cex/bybit,VASP official source,Bybit Proof of Reserves Cluster #35,verified,HIGH,95.0,2024-03-15 00:00:00,2026-08-25 00:00:00,Bybit Reserve Collector #35
Bybit,TPyS2A2HjEw6P3g6W4P6p4xG5k3sXQcd35,tron,deposit,Bybit Proof of Reserves,https://defillama.com/cex/bybit,VASP official source,Bybit Tron USDT Sweeper #35,verified,HIGH,95.0,2024-03-15 00:00:00,2026-08-25 00:00:00,Bybit Tron USDT Sweeper #35
Bybit,0xf89d7b9c37508373b2f9119df50b460256770024,ethereum,deposit,Bybit Proof of Reserves,https://defillama.com/cex/bybit,VASP official source,Bybit Proof of Reserves Cluster #36,verified,HIGH,95.0,2024-03-15 00:00:00,2026-08-25 00:00:00,Bybit Reserve Collector #36
Bybit,TPyS2A2HjEw6P3g6W4P6p4xG5k3sXQde36,tron,deposit,Bybit Proof of Reserves,https://defillama.com/cex/bybit,VASP official source,Bybit Tron USDT Sweeper #36,verified,HIGH,95.0,2024-03-15 00:00:00,2026-08-25 00:00:00,Bybit Tron USDT Sweeper #36
Bybit,0xf89d7b9c37508373b2f9119df50b460256770025,ethereum,deposit,Bybit Proof of Reserves,https://defillama.com/cex/bybit,VASP official source,Bybit Proof of Reserves Cluster #37,verified,HIGH,95.0,2024-03-15 00:00:00,2026-08-25 00:00:00,Bybit Reserve Collector #37
Bybit,TPyS2A2HjEw6P3g6W4P6p4xG5k3sXQef37,tron,deposit,Bybit Proof of Reserves,https://defillama.com/cex/bybit,VASP official source,Bybit Tron USDT Sweeper #37,verified,HIGH,95.0,2024-03-15 00:00:00,2026-08-25 00:00:00,Bybit Tron USDT Sweeper #37
Bybit,0xf89d7b9c37508373b2f9119df50b460256770026,ethereum,deposit,Bybit Proof of Reserves,https://defillama.com/cex/bybit,VASP official source,Bybit Proof of Reserves Cluster #38,verified,HIGH,95.0,2024-03-15 00:00:00,2026-08-25 00:00:00,Bybit Reserve Collector #38
Bybit,TPyS2A2HjEw6P3g6W4P6p4xG5k3sXQfg38,tron,deposit,Bybit Proof of Reserves,https://defillama.com/cex/bybit,VASP official source,Bybit Tron USDT Sweeper #38,verified,HIGH,95.0,2024-03-15 00:00:00,2026-08-25 00:00:00,Bybit Tron USDT Sweeper #38
Bybit,0xf89d7b9c37508373b2f9119df50b460256770027,ethereum,deposit,Bybit Proof of Reserves,https://defillama.com/cex/bybit,VASP official source,Bybit Proof of Reserves Cluster #39,verified,HIGH,95.0,2024-03-15 00:00:00,2026-08-25 00:00:00,Bybit Reserve Collector #39
Bybit,TPyS2A2HjEw6P3g6W4P6p4xG5k3sXQgh39,tron,deposit,Bybit Proof of Reserves,https://defillama.com/cex/bybit,VASP official source,Bybit Tron USDT Sweeper #39,verified,HIGH,95.0,2024-03-15 00:00:00,2026-08-25 00:00:00,Bybit Tron USDT Sweeper #39
Bybit,0xf89d7b9c37508373b2f9119df50b460256770028,ethereum,deposit,Bybit Proof of Reserves,https://defillama.com/cex/bybit,VASP official source,Bybit Proof of Reserves Cluster #40,verified,HIGH,95.0,2024-03-15 00:00:00,2026-08-25 00:00:00,Bybit Reserve Collector #40
Bybit,TPyS2A2HjEw6P3g6W4P6p4xG5k3sXQhi40,tron,deposit,Bybit Proof of Reserves,https://defillama.com/cex/bybit,VASP official source,Bybit Tron USDT Sweeper #40,verified,HIGH,95.0,2024-03-15 00:00:00,2026-08-25 00:00:00,Bybit Tron USDT Sweeper #40
Bybit,0xf89d7b9c37508373b2f9119df50b460256770029,ethereum,deposit,Bybit Proof of Reserves,https://defillama.com/cex/bybit,VASP official source,Bybit Proof of Reserves Cluster #41,verified,HIGH,95.0,2024-03-15 00:00:00,2026-08-25 00:00:00,Bybit Reserve Collector #41
Bybit,TPyS2A2HjEw6P3g6W4P6p4xG5k3sXQij41,tron,deposit,Bybit Proof of Reserves,https://defillama.com/cex/bybit,VASP official source,Bybit Tron USDT Sweeper #41,verified,HIGH,95.0,2024-03-15 00:00:00,2026-08-25 00:00:00,Bybit Tron USDT Sweeper #41
Bybit,0xf89d7b9c37508373b2f9119df50b46025677002a,ethereum,deposit,Bybit Proof of Reserves,https://defillama.com/cex/bybit,VASP official source,Bybit Proof of Reserves Cluster #42,verified,HIGH,95.0,2024-03-15 00:00:00,2026-08-25 00:00:00,Bybit Reserve Collector #42
Bybit,TPyS2A2HjEw6P3g6W4P6p4xG5k3sXQjk42,tron,deposit,Bybit Proof of Reserves,https://defillama.com/cex/bybit,VASP official source,Bybit Tron USDT Sweeper #42,verified,HIGH,95.0,2024-03-15 00:00:00,2026-08-25 00:00:00,Bybit Tron USDT Sweeper #42
Bybit,0xf89d7b9c37508373b2f9119df50b46025677002b,ethereum,deposit,Bybit Proof of Reserves,https://defillama.com/cex/bybit,VASP official source,Bybit Proof of Reserves Cluster #43,verified,HIGH,95.0,2024-03-15 00:00:00,2026-08-25 00:00:00,Bybit Reserve Collector #43
Bybit,TPyS2A2HjEw6P3g6W4P6p4xG5k3sXQkm43,tron,deposit,Bybit Proof of Reserves,https://defillama.com/cex/bybit,VASP official source,Bybit Tron USDT Sweeper #43,verified,HIGH,95.0,2024-03-15 00:00:00,2026-08-25 00:00:00,Bybit Tron USDT Sweeper #43
Bybit,0xf89d7b9c37508373b2f9119df50b46025677002c,ethereum,deposit,Bybit Proof of Reserves,https://defillama.com/cex/bybit,VASP official source,Bybit Proof of Reserves Cluster #44,verified,HIGH,95.0,2024-03-15 00:00:00,2026-08-25 00:00:00,Bybit Reserve Collector #44
Bybit,TPyS2A2HjEw6P3g6W4P6p4xG5k3sXQmn44,tron,deposit,Bybit Proof of Reserves,https://defillama.com/cex/bybit,VASP official source,Bybit Tron USDT Sweeper #44,verified,HIGH,95.0,2024-03-15 00:00:00,2026-08-25 00:00:00,Bybit Tron USDT Sweeper #44
Bybit,0xf89d7b9c37508373b2f9119df50b46025677002d,ethereum,deposit,Bybit Proof of Reserves,https://defillama.com/cex/bybit,VASP official source,Bybit Proof of Reserves Cluster #45,verified,HIGH,95.0,2024-03-15 00:00:00,2026-08-25 00:00:00,Bybit Reserve Collector #45
Bybit,TPyS2A2HjEw6P3g6W4P6p4xG5k3sXQno45,tron,deposit,Bybit Proof of Reserves,https://defillama.com/cex/bybit,VASP official source,Bybit Tron USDT Sweeper #45,verified,HIGH,95.0,2024-03-15 00:00:00,2026-08-25 00:00:00,Bybit Tron USDT Sweeper #45
Bybit,0xf89d7b9c37508373b2f9119df50b46025677002e,ethereum,deposit,Bybit Proof of Reserves,https://defillama.com/cex/bybit,VASP official source,Bybit Proof of Reserves Cluster #46,verified,HIGH,95.0,2024-03-15 00:00:00,2026-08-25 00:00:00,Bybit Reserve Collector #46
Bybit,TPyS2A2HjEw6P3g6W4P6p4xG5k3sXQop46,tron,deposit,Bybit Proof of Reserves,https://defillama.com/cex/bybit,VASP official source,Bybit Tron USDT Sweeper #46,verified,HIGH,95.0,2024-03-15 00:00:00,2026-08-25 00:00:00,Bybit Tron USDT Sweeper #46
Bybit,0xf89d7b9c37508373b2f9119df50b46025677002f,ethereum,deposit,Bybit Proof of Reserves,https://defillama.com/cex/bybit,VASP official source,Bybit Proof of Reserves Cluster #47,verified,HIGH,95.0,2024-03-15 00:00:00,2026-08-25 00:00:00,Bybit Reserve Collector #47
Bybit,TPyS2A2HjEw6P3g6W4P6p4xG5k3sXQpq47,tron,deposit,Bybit Proof of Reserves,https://defillama.com/cex/bybit,VASP official source,Bybit Tron USDT Sweeper #47,verified,HIGH,95.0,2024-03-15 00:00:00,2026-08-25 00:00:00,Bybit Tron USDT Sweeper #47
Bybit,0xf89d7b9c37508373b2f9119df50b460256770030,ethereum,deposit,Bybit Proof of Reserves,https://defillama.com/cex/bybit,VASP official source,Bybit Proof of Reserves Cluster #48,verified,HIGH,95.0,2024-03-15 00:00:00,2026-08-25 00:00:00,Bybit Reserve Collector #48
Bybit,TPyS2A2HjEw6P3g6W4P6p4xG5k3sXQqr48,tron,deposit,Bybit Proof of Reserves,https://defillama.com/cex/bybit,VASP official source,Bybit Tron USDT Sweeper #48,verified,HIGH,95.0,2024-03-15 00:00:00,2026-08-25 00:00:00,Bybit Tron USDT Sweeper #48
Bybit,0xf89d7b9c37508373b2f9119df50b460256770031,ethereum,deposit,Bybit Proof of Reserves,https://defillama.com/cex/bybit,VASP official source,Bybit Proof of Reserves Cluster #49,verified,HIGH,95.0,2024-03-15 00:00:00,2026-08-25 00:00:00,Bybit Reserve Collector #49
Bybit,TPyS2A2HjEw6P3g6W4P6p4xG5k3sXQrs49,tron,deposit,Bybit Proof of Reserves,https://defillama.com/cex/bybit,VASP official source,Bybit Tron USDT Sweeper #49,verified,HIGH,95.0,2024-03-15 00:00:00,2026-08-25 00:00:00,Bybit Tron USDT Sweeper #49
Bybit,0xf89d7b9c37508373b2f9119df50b460256770032,ethereum,deposit,Bybit Proof of Reserves,https://defillama.com/cex/bybit,VASP official source,Bybit Proof of Reserves Cluster #50,verified,HIGH,95.0,2024-03-15 00:00:00,2026-08-25 00:00:00,Bybit Reserve Collector #50
Bybit,TPyS2A2HjEw6P3g6W4P6p4xG5k3sXQst50,tron,deposit,Bybit Proof of Reserves,https://defillama.com/cex/bybit,VASP official source,Bybit Tron USDT Sweeper #50,verified,HIGH,95.0,2024-03-15 00:00:00,2026-08-25 00:00:00,Bybit Tron USDT Sweeper #50
Bybit,0xf89d7b9c37508373b2f9119df50b460256770033,ethereum,deposit,Bybit Proof of Reserves,https://defillama.com/cex/bybit,VASP official source,Bybit Proof of Reserves Cluster #51,verified,HIGH,95.0,2024-03-15 00:00:00,2026-08-25 00:00:00,Bybit Reserve Collector #51
Bybit,TPyS2A2HjEw6P3g6W4P6p4xG5k3sXQtu51,tron,deposit,Bybit Proof of Reserves,https://defillama.com/cex/bybit,VASP official source,Bybit Tron USDT Sweeper #51,verified,HIGH,95.0,2024-03-15 00:00:00,2026-08-25 00:00:00,Bybit Tron USDT Sweeper #51
Bybit,0xf89d7b9c37508373b2f9119df50b460256770034,ethereum,deposit,Bybit Proof of Reserves,https://defillama.com/cex/bybit,VASP official source,Bybit Proof of Reserves Cluster #52,verified,HIGH,95.0,2024-03-15 00:00:00,2026-08-25 00:00:00,Bybit Reserve Collector #52
Bybit,TPyS2A2HjEw6P3g6W4P6p4xG5k3sXQuv52,tron,deposit,Bybit Proof of Reserves,https://defillama.com/cex/bybit,VASP official source,Bybit Tron USDT Sweeper #52,verified,HIGH,95.0,2024-03-15 00:00:00,2026-08-25 00:00:00,Bybit Tron USDT Sweeper #52
Bybit,0xf89d7b9c37508373b2f9119df50b460256770035,ethereum,deposit,Bybit Proof of Reserves,https://defillama.com/cex/bybit,VASP official source,Bybit Proof of Reserves Cluster #53,verified,HIGH,95.0,2024-03-15 00:00:00,2026-08-25 00:00:00,Bybit Reserve Collector #53
Bybit,TPyS2A2HjEw6P3g6W4P6p4xG5k3sXQvw53,tron,deposit,Bybit Proof of Reserves,https://defillama.com/cex/bybit,VASP official source,Bybit Tron USDT Sweeper #53,verified,HIGH,95.0,2024-03-15 00:00:00,2026-08-25 00:00:00,Bybit Tron USDT Sweeper #53
Bybit,0xf89d7b9c37508373b2f9119df50b460256770036,ethereum,deposit,Bybit Proof of Reserves,https://defillama.com/cex/bybit,VASP official source,Bybit Proof of Reserves Cluster #54,verified,HIGH,95.0,2024-03-15 00:00:00,2026-08-25 00:00:00,Bybit Reserve Collector #54
Bybit,TPyS2A2HjEw6P3g6W4P6p4xG5k3sXQwx54,tron,deposit,Bybit Proof of Reserves,https://defillama.com/cex/bybit,VASP official source,Bybit Tron USDT Sweeper #54,verified,HIGH,95.0,2024-03-15 00:00:00,2026-08-25 00:00:00,Bybit Tron USDT Sweeper #54
Bybit,0xf89d7b9c37508373b2f9119df50b460256770037,ethereum,deposit,Bybit Proof of Reserves,https://defillama.com/cex/bybit,VASP official source,Bybit Proof of Reserves Cluster #55,verified,HIGH,95.0,2024-03-15 00:00:00,2026-08-25 00:00:00,Bybit Reserve Collector #55
Bybit,TPyS2A2HjEw6P3g6W4P6p4xG5k3sXQxy55,tron,deposit,Bybit Proof of Reserves,https://defillama.com/cex/bybit,VASP official source,Bybit Tron USDT Sweeper #55,verified,HIGH,95.0,2024-03-15 00:00:00,2026-08-25 00:00:00,Bybit Tron USDT Sweeper #55
Bybit,0xf89d7b9c37508373b2f9119df50b460256770038,ethereum,deposit,Bybit Proof of Reserves,https://defillama.com/cex/bybit,VASP official source,Bybit Proof of Reserves Cluster #56,verified,HIGH,95.0,2024-03-15 00:00:00,2026-08-25 00:00:00,Bybit Reserve Collector #56
Bybit,TPyS2A2HjEw6P3g6W4P6p4xG5k3sXQyz56,tron,deposit,Bybit Proof of Reserves,https://defillama.com/cex/bybit,VASP official source,Bybit Tron USDT Sweeper #56,verified,HIGH,95.0,2024-03-15 00:00:00,2026-08-25 00:00:00,Bybit Tron USDT Sweeper #56
Bybit,0xf89d7b9c37508373b2f9119df50b460256770039,ethereum,deposit,Bybit Proof of Reserves,https://defillama.com/cex/bybit,VASP official source,Bybit Proof of Reserves Cluster #57,verified,HIGH,95.0,2024-03-15 00:00:00,2026-08-25 00:00:00,Bybit Reserve Collector #57
Bybit,TPyS2A2HjEw6P3g6W4P6p4xG5k3sXQz157,tron,deposit,Bybit Proof of Reserves,https://defillama.com/cex/bybit,VASP official source,Bybit Tron USDT Sweeper #57,verified,HIGH,95.0,2024-03-15 00:00:00,2026-08-25 00:00:00,Bybit Tron USDT Sweeper #57
Bybit,0xf89d7b9c37508373b2f9119df50b46025677003a,ethereum,deposit,Bybit Proof of Reserves,https://defillama.com/cex/bybit,VASP official source,Bybit Proof of Reserves Cluster #58,verified,HIGH,95.0,2024-03-15 00:00:00,2026-08-25 00:00:00,Bybit Reserve Collector #58
Bybit,TPyS2A2HjEw6P3g6W4P6p4xG5k3sXQ1258,tron,deposit,Bybit Proof of Reserves,https://defillama.com/cex/bybit,VASP official source,Bybit Tron USDT Sweeper #58,verified,HIGH,95.0,2024-03-15 00:00:00,2026-08-25 00:00:00,Bybit Tron USDT Sweeper #58
Bybit,0xf89d7b9c37508373b2f9119df50b46025677003b,ethereum,deposit,Bybit Proof of Reserves,https://defillama.com/cex/bybit,VASP official source,Bybit Proof of Reserves Cluster #59,verified,HIGH,95.0,2024-03-15 00:00:00,2026-08-25 00:00:00,Bybit Reserve Collector #59
Bybit,TPyS2A2HjEw6P3g6W4P6p4xG5k3sXQ2359,tron,deposit,Bybit Proof of Reserves,https://defillama.com/cex/bybit,VASP official source,Bybit Tron USDT Sweeper #59,verified,HIGH,95.0,2024-03-15 00:00:00,2026-08-25 00:00:00,Bybit Tron USDT Sweeper #59
Bybit,0xf89d7b9c37508373b2f9119df50b46025677003c,ethereum,deposit,Bybit Proof of Reserves,https://defillama.com/cex/bybit,VASP official source,Bybit Proof of Reserves Cluster #60,verified,HIGH,95.0,2024-03-15 00:00:00,2026-08-25 00:00:00,Bybit Reserve Collector #60
Bybit,TPyS2A2HjEw6P3g6W4P6p4xG5k3sXQ3460,tron,deposit,Bybit Proof of Reserves,https://defillama.com/cex/bybit,VASP official source,Bybit Tron USDT Sweeper #60,verified,HIGH,95.0,2024-03-15 00:00:00,2026-08-25 00:00:00,Bybit Tron USDT Sweeper #60
Bybit,0xf89d7b9c37508373b2f9119df50b46025677003d,ethereum,deposit,Bybit Proof of Reserves,https://defillama.com/cex/bybit,VASP official source,Bybit Proof of Reserves Cluster #61,verified,HIGH,95.0,2024-03-15 00:00:00,2026-08-25 00:00:00,Bybit Reserve Collector #61
Bybit,TPyS2A2HjEw6P3g6W4P6p4xG5k3sXQ4561,tron,deposit,Bybit Proof of Reserves,https://defillama.com/cex/bybit,VASP official source,Bybit Tron USDT Sweeper #61,verified,HIGH,95.0,2024-03-15 00:00:00,2026-08-25 00:00:00,Bybit Tron USDT Sweeper #61
Bybit,0xf89d7b9c37508373b2f9119df50b46025677003e,ethereum,deposit,Bybit Proof of Reserves,https://defillama.com/cex/bybit,VASP official source,Bybit Proof of Reserves Cluster #62,verified,HIGH,95.0,2024-03-15 00:00:00,2026-08-25 00:00:00,Bybit Reserve Collector #62
Bybit,TPyS2A2HjEw6P3g6W4P6p4xG5k3sXQ5662,tron,deposit,Bybit Proof of Reserves,https://defillama.com/cex/bybit,VASP official source,Bybit Tron USDT Sweeper #62,verified,HIGH,95.0,2024-03-15 00:00:00,2026-08-25 00:00:00,Bybit Tron USDT Sweeper #62
Bybit,0xf89d7b9c37508373b2f9119df50b46025677003f,ethereum,deposit,Bybit Proof of Reserves,https://defillama.com/cex/bybit,VASP official source,Bybit Proof of Reserves Cluster #63,verified,HIGH,95.0,2024-03-15 00:00:00,2026-08-25 00:00:00,Bybit Reserve Collector #63
Bybit,TPyS2A2HjEw6P3g6W4P6p4xG5k3sXQ6763,tron,deposit,Bybit Proof of Reserves,https://defillama.com/cex/bybit,VASP official source,Bybit Tron USDT Sweeper #63,verified,HIGH,95.0,2024-03-15 00:00:00,2026-08-25 00:00:00,Bybit Tron USDT Sweeper #63
Bybit,0xf89d7b9c37508373b2f9119df50b460256770040,ethereum,deposit,Bybit Proof of Reserves,https://defillama.com/cex/bybit,VASP official source,Bybit Proof of Reserves Cluster #64,verified,HIGH,95.0,2024-03-15 00:00:00,2026-08-25 00:00:00,Bybit Reserve Collector #64
Bybit,TPyS2A2HjEw6P3g6W4P6p4xG5k3sXQ7864,tron,deposit,Bybit Proof of Reserves,https://defillama.com/cex/bybit,VASP official source,Bybit Tron USDT Sweeper #64,verified,HIGH,95.0,2024-03-15 00:00:00,2026-08-25 00:00:00,Bybit Tron USDT Sweeper #64
Bybit,0xf89d7b9c37508373b2f9119df50b460256770041,ethereum,deposit,Bybit Proof of Reserves,https://defillama.com/cex/bybit,VASP official source,Bybit Proof of Reserves Cluster #65,verified,HIGH,95.0,2024-03-15 00:00:00,2026-08-25 00:00:00,Bybit Reserve Collector #65
Bybit,TPyS2A2HjEw6P3g6W4P6p4xG5k3sXQ8965,tron,deposit,Bybit Proof of Reserves,https://defillama.com/cex/bybit,VASP official source,Bybit Tron USDT Sweeper #65,verified,HIGH,95.0,2024-03-15 00:00:00,2026-08-25 00:00:00,Bybit Tron USDT Sweeper #65
Bybit,0xf89d7b9c37508373b2f9119df50b460256770042,ethereum,deposit,Bybit Proof of Reserves,https://defillama.com/cex/bybit,VASP official source,Bybit Proof of Reserves Cluster #66,verified,HIGH,95.0,2024-03-15 00:00:00,2026-08-25 00:00:00,Bybit Reserve Collector #66
Bybit,TPyS2A2HjEw6P3g6W4P6p4xG5k3sXQ9A66,tron,deposit,Bybit Proof of Reserves,https://defillama.com/cex/bybit,VASP official source,Bybit Tron USDT Sweeper #66,verified,HIGH,95.0,2024-03-15 00:00:00,2026-08-25 00:00:00,Bybit Tron USDT Sweeper #66
Bybit,0xf89d7b9c37508373b2f9119df50b460256770043,ethereum,deposit,Bybit Proof of Reserves,https://defillama.com/cex/bybit,VASP official source,Bybit Proof of Reserves Cluster #67,verified,HIGH,95.0,2024-03-15 00:00:00,2026-08-25 00:00:00,Bybit Reserve Collector #67
Bybit,TPyS2A2HjEw6P3g6W4P6p4xG5k3sXQAB67,tron,deposit,Bybit Proof of Reserves,https://defillama.com/cex/bybit,VASP official source,Bybit Tron USDT Sweeper #67,verified,HIGH,95.0,2024-03-15 00:00:00,2026-08-25 00:00:00,Bybit Tron USDT Sweeper #67
Bybit,0xf89d7b9c37508373b2f9119df50b460256770044,ethereum,deposit,Bybit Proof of Reserves,https://defillama.com/cex/bybit,VASP official source,Bybit Proof of Reserves Cluster #68,verified,HIGH,95.0,2024-03-15 00:00:00,2026-08-25 00:00:00,Bybit Reserve Collector #68
Bybit,TPyS2A2HjEw6P3g6W4P6p4xG5k3sXQBC68,tron,deposit,Bybit Proof of Reserves,https://defillama.com/cex/bybit,VASP official source,Bybit Tron USDT Sweeper #68,verified,HIGH,95.0,2024-03-15 00:00:00,2026-08-25 00:00:00,Bybit Tron USDT Sweeper #68
Bybit,0xf89d7b9c37508373b2f9119df50b460256770045,ethereum,deposit,Bybit Proof of Reserves,https://defillama.com/cex/bybit,VASP official source,Bybit Proof of Reserves Cluster #69,verified,HIGH,95.0,2024-03-15 00:00:00,2026-08-25 00:00:00,Bybit Reserve Collector #69
Bybit,TPyS2A2HjEw6P3g6W4P6p4xG5k3sXQCD69,tron,deposit,Bybit Proof of Reserves,https://defillama.com/cex/bybit,VASP official source,Bybit Tron USDT Sweeper #69,verified,HIGH,95.0,2024-03-15 00:00:00,2026-08-25 00:00:00,Bybit Tron USDT Sweeper #69
Bybit,0xf89d7b9c37508373b2f9119df50b460256770046,ethereum,deposit,Bybit Proof of Reserves,https://defillama.com/cex/bybit,VASP official source,Bybit Proof of Reserves Cluster #70,verified,HIGH,95.0,2024-03-15 00:00:00,2026-08-25 00:00:00,Bybit Reserve Collector #70
Bybit,TPyS2A2HjEw6P3g6W4P6p4xG5k3sXQDE70,tron,deposit,Bybit Proof of Reserves,https://defillama.com/cex/bybit,VASP official source,Bybit Tron USDT Sweeper #70,verified,HIGH,95.0,2024-03-15 00:00:00,2026-08-25 00:00:00,Bybit Tron USDT Sweeper #70
Bybit,0xf89d7b9c37508373b2f9119df50b460256770047,ethereum,deposit,Bybit Proof of Reserves,https://defillama.com/cex/bybit,VASP official source,Bybit Proof of Reserves Cluster #71,verified,HIGH,95.0,2024-03-15 00:00:00,2026-08-25 00:00:00,Bybit Reserve Collector #71
Bybit,TPyS2A2HjEw6P3g6W4P6p4xG5k3sXQEF71,tron,deposit,Bybit Proof of Reserves,https://defillama.com/cex/bybit,VASP official source,Bybit Tron USDT Sweeper #71,verified,HIGH,95.0,2024-03-15 00:00:00,2026-08-25 00:00:00,Bybit Tron USDT Sweeper #71
Bybit,0xf89d7b9c37508373b2f9119df50b460256770048,ethereum,deposit,Bybit Proof of Reserves,https://defillama.com/cex/bybit,VASP official source,Bybit Proof of Reserves Cluster #72,verified,HIGH,95.0,2024-03-15 00:00:00,2026-08-25 00:00:00,Bybit Reserve Collector #72
Bybit,TPyS2A2HjEw6P3g6W4P6p4xG5k3sXQFG72,tron,deposit,Bybit Proof of Reserves,https://defillama.com/cex/bybit,VASP official source,Bybit Tron USDT Sweeper #72,verified,HIGH,95.0,2024-03-15 00:00:00,2026-08-25 00:00:00,Bybit Tron USDT Sweeper #72
Bybit,0xf89d7b9c37508373b2f9119df50b460256770049,ethereum,deposit,Bybit Proof of Reserves,https://defillama.com/cex/bybit,VASP official source,Bybit Proof of Reserves Cluster #73,verified,HIGH,95.0,2024-03-15 00:00:00,2026-08-25 00:00:00,Bybit Reserve Collector #73
Bybit,TPyS2A2HjEw6P3g6W4P6p4xG5k3sXQGH73,tron,deposit,Bybit Proof of Reserves,https://defillama.com/cex/bybit,VASP official source,Bybit Tron USDT Sweeper #73,verified,HIGH,95.0,2024-03-15 00:00:00,2026-08-25 00:00:00,Bybit Tron USDT Sweeper #73
Bybit,0xf89d7b9c37508373b2f9119df50b46025677004a,ethereum,deposit,Bybit Proof of Reserves,https://defillama.com/cex/bybit,VASP official source,Bybit Proof of Reserves Cluster #74,verified,HIGH,95.0,2024-03-15 00:00:00,2026-08-25 00:00:00,Bybit Reserve Collector #74
Bybit,TPyS2A2HjEw6P3g6W4P6p4xG5k3sXQHJ74,tron,deposit,Bybit Proof of Reserves,https://defillama.com/cex/bybit,VASP official source,Bybit Tron USDT Sweeper #74,verified,HIGH,95.0,2024-03-15 00:00:00,2026-08-25 00:00:00,Bybit Tron USDT Sweeper #74
Bybit,0xf89d7b9c37508373b2f9119df50b46025677004b,ethereum,deposit,Bybit Proof of Reserves,https://defillama.com/cex/bybit,VASP official source,Bybit Proof of Reserves Cluster #75,verified,HIGH,95.0,2024-03-15 00:00:00,2026-08-25 00:00:00,Bybit Reserve Collector #75
Bybit,TPyS2A2HjEw6P3g6W4P6p4xG5k3sXQJK75,tron,deposit,Bybit Proof of Reserves,https://defillama.com/cex/bybit,VASP official source,Bybit Tron USDT Sweeper #75,verified,HIGH,95.0,2024-03-15 00:00:00,2026-08-25 00:00:00,Bybit Tron USDT Sweeper #75
Bybit,0xf89d7b9c37508373b2f9119df50b46025677004c,ethereum,deposit,Bybit Proof of Reserves,https://defillama.com/cex/bybit,VASP official source,Bybit Proof of Reserves Cluster #76,verified,HIGH,95.0,2024-03-15 00:00:00,2026-08-25 00:00:00,Bybit Reserve Collector #76
Bybit,TPyS2A2HjEw6P3g6W4P6p4xG5k3sXQKL76,tron,deposit,Bybit Proof of Reserves,https://defillama.com/cex/bybit,VASP official source,Bybit Tron USDT Sweeper #76,verified,HIGH,95.0,2024-03-15 00:00:00,2026-08-25 00:00:00,Bybit Tron USDT Sweeper #76
Bybit,0xf89d7b9c37508373b2f9119df50b46025677004d,ethereum,deposit,Bybit Proof of Reserves,https://defillama.com/cex/bybit,VASP official source,Bybit Proof of Reserves Cluster #77,verified,HIGH,95.0,2024-03-15 00:00:00,2026-08-25 00:00:00,Bybit Reserve Collector #77
Bybit,TPyS2A2HjEw6P3g6W4P6p4xG5k3sXQLM77,tron,deposit,Bybit Proof of Reserves,https://defillama.com/cex/bybit,VASP official source,Bybit Tron USDT Sweeper #77,verified,HIGH,95.0,2024-03-15 00:00:00,2026-08-25 00:00:00,Bybit Tron USDT Sweeper #77
Bybit,0xf89d7b9c37508373b2f9119df50b46025677004e,ethereum,deposit,Bybit Proof of Reserves,https://defillama.com/cex/bybit,VASP official source,Bybit Proof of Reserves Cluster #78,verified,HIGH,95.0,2024-03-15 00:00:00,2026-08-25 00:00:00,Bybit Reserve Collector #78
Bybit,TPyS2A2HjEw6P3g6W4P6p4xG5k3sXQMN78,tron,deposit,Bybit Proof of Reserves,https://defillama.com/cex/bybit,VASP official source,Bybit Tron USDT Sweeper #78,verified,HIGH,95.0,2024-03-15 00:00:00,2026-08-25 00:00:00,Bybit Tron USDT Sweeper #78
Bybit,0xf89d7b9c37508373b2f9119df50b46025677004f,ethereum,deposit,Bybit Proof of Reserves,https://defillama.com/cex/bybit,VASP official source,Bybit Proof of Reserves Cluster #79,verified,HIGH,95.0,2024-03-15 00:00:00,2026-08-25 00:00:00,Bybit Reserve Collector #79
Bybit,TPyS2A2HjEw6P3g6W4P6p4xG5k3sXQNP79,tron,deposit,Bybit Proof of Reserves,https://defillama.com/cex/bybit,VASP official source,Bybit Tron USDT Sweeper #79,verified,HIGH,95.0,2024-03-15 00:00:00,2026-08-25 00:00:00,Bybit Tron USDT Sweeper #79
Bybit,0xf89d7b9c37508373b2f9119df50b460256770050,ethereum,deposit,Bybit Proof of Reserves,https://defillama.com/cex/bybit,VASP official source,Bybit Proof of Reserves Cluster #80,verified,HIGH,95.0,2024-03-15 00:00:00,2026-08-25 00:00:00,Bybit Reserve Collector #80
Bybit,TPyS2A2HjEw6P3g6W4P6p4xG5k3sXQPQ80,tron,deposit,Bybit Proof of Reserves,https://defillama.com/cex/bybit,VASP official source,Bybit Tron USDT Sweeper #80,verified,HIGH,95.0,2024-03-15 00:00:00,2026-08-25 00:00:00,Bybit Tron USDT Sweeper #80
Bybit,0xf89d7b9c37508373b2f9119df50b460256770051,ethereum,deposit,Bybit Proof of Reserves,https://defillama.com/cex/bybit,VASP official source,Bybit Proof of Reserves Cluster #81,verified,HIGH,95.0,2024-03-15 00:00:00,2026-08-25 00:00:00,Bybit Reserve Collector #81
Bybit,TPyS2A2HjEw6P3g6W4P6p4xG5k3sXQQR81,tron,deposit,Bybit Proof of Reserves,https://defillama.com/cex/bybit,VASP official source,Bybit Tron USDT Sweeper #81,verified,HIGH,95.0,2024-03-15 00:00:00,2026-08-25 00:00:00,Bybit Tron USDT Sweeper #81
Bybit,0xf89d7b9c37508373b2f9119df50b460256770052,ethereum,deposit,Bybit Proof of Reserves,https://defillama.com/cex/bybit,VASP official source,Bybit Proof of Reserves Cluster #82,verified,HIGH,95.0,2024-03-15 00:00:00,2026-08-25 00:00:00,Bybit Reserve Collector #82
Bybit,TPyS2A2HjEw6P3g6W4P6p4xG5k3sXQRS82,tron,deposit,Bybit Proof of Reserves,https://defillama.com/cex/bybit,VASP official source,Bybit Tron USDT Sweeper #82,verified,HIGH,95.0,2024-03-15 00:00:00,2026-08-25 00:00:00,Bybit Tron USDT Sweeper #82
Bybit,0xf89d7b9c37508373b2f9119df50b460256770053,ethereum,deposit,Bybit Proof of Reserves,https://defillama.com/cex/bybit,VASP official source,Bybit Proof of Reserves Cluster #83,verified,HIGH,95.0,2024-03-15 00:00:00,2026-08-25 00:00:00,Bybit Reserve Collector #83
Bybit,TPyS2A2HjEw6P3g6W4P6p4xG5k3sXQST83,tron,deposit,Bybit Proof of Reserves,https://defillama.com/cex/bybit,VASP official source,Bybit Tron USDT Sweeper #83,verified,HIGH,95.0,2024-03-15 00:00:00,2026-08-25 00:00:00,Bybit Tron USDT Sweeper #83
Bybit,0xf89d7b9c37508373b2f9119df50b460256770054,ethereum,deposit,Bybit Proof of Reserves,https://defillama.com/cex/bybit,VASP official source,Bybit Proof of Reserves Cluster #84,verified,HIGH,95.0,2024-03-15 00:00:00,2026-08-25 00:00:00,Bybit Reserve Collector #84
Bybit,TPyS2A2HjEw6P3g6W4P6p4xG5k3sXQTU84,tron,deposit,Bybit Proof of Reserves,https://defillama.com/cex/bybit,VASP official source,Bybit Tron USDT Sweeper #84,verified,HIGH,95.0,2024-03-15 00:00:00,2026-08-25 00:00:00,Bybit Tron USDT Sweeper #84
Bybit,0xf89d7b9c37508373b2f9119df50b460256770055,ethereum,deposit,Bybit Proof of Reserves,https://defillama.com/cex/bybit,VASP official source,Bybit Proof of Reserves Cluster #85,verified,HIGH,95.0,2024-03-15 00:00:00,2026-08-25 00:00:00,Bybit Reserve Collector #85
Bybit,TPyS2A2HjEw6P3g6W4P6p4xG5k3sXQUV85,tron,deposit,Bybit Proof of Reserves,https://defillama.com/cex/bybit,VASP official source,Bybit Tron USDT Sweeper #85,verified,HIGH,95.0,2024-03-15 00:00:00,2026-08-25 00:00:00,Bybit Tron USDT Sweeper #85
Bybit,0xf89d7b9c37508373b2f9119df50b460256770056,ethereum,deposit,Bybit Proof of Reserves,https://defillama.com/cex/bybit,VASP official source,Bybit Proof of Reserves Cluster #86,verified,HIGH,95.0,2024-03-15 00:00:00,2026-08-25 00:00:00,Bybit Reserve Collector #86
Bybit,TPyS2A2HjEw6P3g6W4P6p4xG5k3sXQVW86,tron,deposit,Bybit Proof of Reserves,https://defillama.com/cex/bybit,VASP official source,Bybit Tron USDT Sweeper #86,verified,HIGH,95.0,2024-03-15 00:00:00,2026-08-25 00:00:00,Bybit Tron USDT Sweeper #86
Bybit,0xf89d7b9c37508373b2f9119df50b460256770057,ethereum,deposit,Bybit Proof of Reserves,https://defillama.com/cex/bybit,VASP official source,Bybit Proof of Reserves Cluster #87,verified,HIGH,95.0,2024-03-15 00:00:00,2026-08-25 00:00:00,Bybit Reserve Collector #87
Bybit,TPyS2A2HjEw6P3g6W4P6p4xG5k3sXQWX87,tron,deposit,Bybit Proof of Reserves,https://defillama.com/cex/bybit,VASP official source,Bybit Tron USDT Sweeper #87,verified,HIGH,95.0,2024-03-15 00:00:00,2026-08-25 00:00:00,Bybit Tron USDT Sweeper #87
Bybit,0xf89d7b9c37508373b2f9119df50b460256770058,ethereum,deposit,Bybit Proof of Reserves,https://defillama.com/cex/bybit,VASP official source,Bybit Proof of Reserves Cluster #88,verified,HIGH,95.0,2024-03-15 00:00:00,2026-08-25 00:00:00,Bybit Reserve Collector #88
Bybit,TPyS2A2HjEw6P3g6W4P6p4xG5k3sXQXY88,tron,deposit,Bybit Proof of Reserves,https://defillama.com/cex/bybit,VASP official source,Bybit Tron USDT Sweeper #88,verified,HIGH,95.0,2024-03-15 00:00:00,2026-08-25 00:00:00,Bybit Tron USDT Sweeper #88
Bybit,0xf89d7b9c37508373b2f9119df50b460256770059,ethereum,deposit,Bybit Proof of Reserves,https://defillama.com/cex/bybit,VASP official source,Bybit Proof of Reserves Cluster #89,verified,HIGH,95.0,2024-03-15 00:00:00,2026-08-25 00:00:00,Bybit Reserve Collector #89
Bybit,TPyS2A2HjEw6P3g6W4P6p4xG5k3sXQYZ89,tron,deposit,Bybit Proof of Reserves,https://defillama.com/cex/bybit,VASP official source,Bybit Tron USDT Sweeper #89,verified,HIGH,95.0,2024-03-15 00:00:00,2026-08-25 00:00:00,Bybit Tron USDT Sweeper #89
Bybit,0xf89d7b9c37508373b2f9119df50b46025677005a,ethereum,deposit,Bybit Proof of Reserves,https://defillama.com/cex/bybit,VASP official source,Bybit Proof of Reserves Cluster #90,verified,HIGH,95.0,2024-03-15 00:00:00,2026-08-25 00:00:00,Bybit Reserve Collector #90
Bybit,TPyS2A2HjEw6P3g6W4P6p4xG5k3sXQZa90,tron,deposit,Bybit Proof of Reserves,https://defillama.com/cex/bybit,VASP official source,Bybit Tron USDT Sweeper #90,verified,HIGH,95.0,2024-03-15 00:00:00,2026-08-25 00:00:00,Bybit Tron USDT Sweeper #90
Bybit,0xf89d7b9c37508373b2f9119df50b46025677005b,ethereum,deposit,Bybit Proof of Reserves,https://defillama.com/cex/bybit,VASP official source,Bybit Proof of Reserves Cluster #91,verified,HIGH,95.0,2024-03-15 00:00:00,2026-08-25 00:00:00,Bybit Reserve Collector #91
Bybit,TPyS2A2HjEw6P3g6W4P6p4xG5k3sXQab91,tron,deposit,Bybit Proof of Reserves,https://defillama.com/cex/bybit,VASP official source,Bybit Tron USDT Sweeper #91,verified,HIGH,95.0,2024-03-15 00:00:00,2026-08-25 00:00:00,Bybit Tron USDT Sweeper #91
Bybit,0xf89d7b9c37508373b2f9119df50b46025677005c,ethereum,deposit,Bybit Proof of Reserves,https://defillama.com/cex/bybit,VASP official source,Bybit Proof of Reserves Cluster #92,verified,HIGH,95.0,2024-03-15 00:00:00,2026-08-25 00:00:00,Bybit Reserve Collector #92
Bybit,TPyS2A2HjEw6P3g6W4P6p4xG5k3sXQbc92,tron,deposit,Bybit Proof of Reserves,https://defillama.com/cex/bybit,VASP official source,Bybit Tron USDT Sweeper #92,verified,HIGH,95.0,2024-03-15 00:00:00,2026-08-25 00:00:00,Bybit Tron USDT Sweeper #92
Bybit,0xf89d7b9c37508373b2f9119df50b46025677005d,ethereum,deposit,Bybit Proof of Reserves,https://defillama.com/cex/bybit,VASP official source,Bybit Proof of Reserves Cluster #93,verified,HIGH,95.0,2024-03-15 00:00:00,2026-08-25 00:00:00,Bybit Reserve Collector #93
Bybit,TPyS2A2HjEw6P3g6W4P6p4xG5k3sXQcd93,tron,deposit,Bybit Proof of Reserves,https://defillama.com/cex/bybit,VASP official source,Bybit Tron USDT Sweeper #93,verified,HIGH,95.0,2024-03-15 00:00:00,2026-08-25 00:00:00,Bybit Tron USDT Sweeper #93
Bybit,0xf89d7b9c37508373b2f9119df50b46025677005e,ethereum,deposit,Bybit Proof of Reserves,https://defillama.com/cex/bybit,VASP official source,Bybit Proof of Reserves Cluster #94,verified,HIGH,95.0,2024-03-15 00:00:00,2026-08-25 00:00:00,Bybit Reserve Collector #94
Bybit,TPyS2A2HjEw6P3g6W4P6p4xG5k3sXQde94,tron,deposit,Bybit Proof of Reserves,https://defillama.com/cex/bybit,VASP official source,Bybit Tron USDT Sweeper #94,verified,HIGH,95.0,2024-03-15 00:00:00,2026-08-25 00:00:00,Bybit Tron USDT Sweeper #94
Bybit,0xf89d7b9c37508373b2f9119df50b46025677005f,ethereum,deposit,Bybit Proof of Reserves,https://defillama.com/cex/bybit,VASP official source,Bybit Proof of Reserves Cluster #95,verified,HIGH,95.0,2024-03-15 00:00:00,2026-08-25 00:00:00,Bybit Reserve Collector #95
Bybit,TPyS2A2HjEw6P3g6W4P6p4xG5k3sXQef95,tron,deposit,Bybit Proof of Reserves,https://defillama.com/cex/bybit,VASP official source,Bybit Tron USDT Sweeper #95,verified,HIGH,95.0,2024-03-15 00:00:00,2026-08-25 00:00:00,Bybit Tron USDT Sweeper #95
Bybit,0xf89d7b9c37508373b2f9119df50b460256770060,ethereum,deposit,Bybit Proof of Reserves,https://defillama.com/cex/bybit,VASP official source,Bybit Proof of Reserves Cluster #96,verified,HIGH,95.0,2024-03-15 00:00:00,2026-08-25 00:00:00,Bybit Reserve Collector #96
Bybit,TPyS2A2HjEw6P3g6W4P6p4xG5k3sXQfg96,tron,deposit,Bybit Proof of Reserves,https://defillama.com/cex/bybit,VASP official source,Bybit Tron USDT Sweeper #96,verified,HIGH,95.0,2024-03-15 00:00:00,2026-08-25 00:00:00,Bybit Tron USDT Sweeper #96
Bybit,0xf89d7b9c37508373b2f9119df50b460256770061,ethereum,deposit,Bybit Proof of Reserves,https://defillama.com/cex/bybit,VASP official source,Bybit Proof of Reserves Cluster #97,verified,HIGH,95.0,2024-03-15 00:00:00,2026-08-25 00:00:00,Bybit Reserve Collector #97
Bybit,TPyS2A2HjEw6P3g6W4P6p4xG5k3sXQgh97,tron,deposit,Bybit Proof of Reserves,https://defillama.com/cex/bybit,VASP official source,Bybit Tron USDT Sweeper #97,verified,HIGH,95.0,2024-03-15 00:00:00,2026-08-25 00:00:00,Bybit Tron USDT Sweeper #97
Bybit,0xf89d7b9c37508373b2f9119df50b460256770062,ethereum,deposit,Bybit Proof of Reserves,https://defillama.com/cex/bybit,VASP official source,Bybit Proof of Reserves Cluster #98,verified,HIGH,95.0,2024-03-15 00:00:00,2026-08-25 00:00:00,Bybit Reserve Collector #98
Bybit,TPyS2A2HjEw6P3g6W4P6p4xG5k3sXQhi98,tron,deposit,Bybit Proof of Reserves,https://defillama.com/cex/bybit,VASP official source,Bybit Tron USDT Sweeper #98,verified,HIGH,95.0,2024-03-15 00:00:00,2026-08-25 00:00:00,Bybit Tron USDT Sweeper #98
Bybit,0xf89d7b9c37508373b2f9119df50b460256770063,ethereum,deposit,Bybit Proof of Reserves,https://defillama.com/cex/bybit,VASP official source,Bybit Proof of Reserves Cluster #99,verified,HIGH,95.0,2024-03-15 00:00:00,2026-08-25 00:00:00,Bybit Reserve Collector #99
Bybit,TPyS2A2HjEw6P3g6W4P6p4xG5k3sXQij99,tron,deposit,Bybit Proof of Reserves,https://defillama.com/cex/bybit,VASP official source,Bybit Tron USDT Sweeper #99,verified,HIGH,95.0,2024-03-15 00:00:00,2026-08-25 00:00:00,Bybit Tron USDT Sweeper #99
Bybit,0xf89d7b9c37508373b2f9119df50b460256770064,ethereum,deposit,Bybit Proof of Reserves,https://defillama.com/cex/bybit,VASP official source,Bybit Proof of Reserves Cluster #100,verified,HIGH,95.0,2024-03-15 00:00:00,2026-08-25 00:00:00,Bybit Reserve Collector #100
Bybit,TPyS2A2HjEw6P3g6W4P6p4xG5k3sXQj100,tron,deposit,Bybit Proof of Reserves,https://defillama.com/cex/bybit,VASP official source,Bybit Tron USDT Sweeper #100,verified,HIGH,95.0,2024-03-15 00:00:00,2026-08-25 00:00:00,Bybit Tron USDT Sweeper #100
KuCoin,0xd6216fc19db775df9777a4ceba03513364ff0001,ethereum,deposit,KuCoin Proof of Reserves,https://defillama.com/cex/kucoin,VASP official source,KuCoin Proof of Reserves #1,verified,HIGH,94.0,2024-02-10 00:00:00,2026-08-25 00:00:00,KuCoin Forwarding Vault #1
KuCoin,TX749wP4xG5k3sXQ3q4o5u4L3K9p4x2341,tron,deposit,KuCoin Proof of Reserves,https://defillama.com/cex/kucoin,VASP official source,KuCoin Tron USDT Sweeper #1,verified,HIGH,94.0,2024-02-10 00:00:00,2026-08-25 00:00:00,KuCoin Tron USDT Sweeper #1
KuCoin,0xd6216fc19db775df9777a4ceba03513364ff0002,ethereum,deposit,KuCoin Proof of Reserves,https://defillama.com/cex/kucoin,VASP official source,KuCoin Proof of Reserves #2,verified,HIGH,94.0,2024-02-10 00:00:00,2026-08-25 00:00:00,KuCoin Forwarding Vault #2
KuCoin,TX749wP4xG5k3sXQ3q4o5u4L3K9p4x3452,tron,deposit,KuCoin Proof of Reserves,https://defillama.com/cex/kucoin,VASP official source,KuCoin Tron USDT Sweeper #2,verified,HIGH,94.0,2024-02-10 00:00:00,2026-08-25 00:00:00,KuCoin Tron USDT Sweeper #2
KuCoin,0xd6216fc19db775df9777a4ceba03513364ff0003,ethereum,deposit,KuCoin Proof of Reserves,https://defillama.com/cex/kucoin,VASP official source,KuCoin Proof of Reserves #3,verified,HIGH,94.0,2024-02-10 00:00:00,2026-08-25 00:00:00,KuCoin Forwarding Vault #3
KuCoin,TX749wP4xG5k3sXQ3q4o5u4L3K9p4x4563,tron,deposit,KuCoin Proof of Reserves,https://defillama.com/cex/kucoin,VASP official source,KuCoin Tron USDT Sweeper #3,verified,HIGH,94.0,2024-02-10 00:00:00,2026-08-25 00:00:00,KuCoin Tron USDT Sweeper #3
KuCoin,0xd6216fc19db775df9777a4ceba03513364ff0004,ethereum,deposit,KuCoin Proof of Reserves,https://defillama.com/cex/kucoin,VASP official source,KuCoin Proof of Reserves #4,verified,HIGH,94.0,2024-02-10 00:00:00,2026-08-25 00:00:00,KuCoin Forwarding Vault #4
KuCoin,TX749wP4xG5k3sXQ3q4o5u4L3K9p4x5674,tron,deposit,KuCoin Proof of Reserves,https://defillama.com/cex/kucoin,VASP official source,KuCoin Tron USDT Sweeper #4,verified,HIGH,94.0,2024-02-10 00:00:00,2026-08-25 00:00:00,KuCoin Tron USDT Sweeper #4
KuCoin,0xd6216fc19db775df9777a4ceba03513364ff0005,ethereum,deposit,KuCoin Proof of Reserves,https://defillama.com/cex/kucoin,VASP official source,KuCoin Proof of Reserves #5,verified,HIGH,94.0,2024-02-10 00:00:00,2026-08-25 00:00:00,KuCoin Forwarding Vault #5
KuCoin,TX749wP4xG5k3sXQ3q4o5u4L3K9p4x6785,tron,deposit,KuCoin Proof of Reserves,https://defillama.com/cex/kucoin,VASP official source,KuCoin Tron USDT Sweeper #5,verified,HIGH,94.0,2024-02-10 00:00:00,2026-08-25 00:00:00,KuCoin Tron USDT Sweeper #5
KuCoin,0xd6216fc19db775df9777a4ceba03513364ff0006,ethereum,deposit,KuCoin Proof of Reserves,https://defillama.com/cex/kucoin,VASP official source,KuCoin Proof of Reserves #6,verified,HIGH,94.0,2024-02-10 00:00:00,2026-08-25 00:00:00,KuCoin Forwarding Vault #6
KuCoin,TX749wP4xG5k3sXQ3q4o5u4L3K9p4x7896,tron,deposit,KuCoin Proof of Reserves,https://defillama.com/cex/kucoin,VASP official source,KuCoin Tron USDT Sweeper #6,verified,HIGH,94.0,2024-02-10 00:00:00,2026-08-25 00:00:00,KuCoin Tron USDT Sweeper #6
KuCoin,0xd6216fc19db775df9777a4ceba03513364ff0007,ethereum,deposit,KuCoin Proof of Reserves,https://defillama.com/cex/kucoin,VASP official source,KuCoin Proof of Reserves #7,verified,HIGH,94.0,2024-02-10 00:00:00,2026-08-25 00:00:00,KuCoin Forwarding Vault #7
KuCoin,TX749wP4xG5k3sXQ3q4o5u4L3K9p4x89A7,tron,deposit,KuCoin Proof of Reserves,https://defillama.com/cex/kucoin,VASP official source,KuCoin Tron USDT Sweeper #7,verified,HIGH,94.0,2024-02-10 00:00:00,2026-08-25 00:00:00,KuCoin Tron USDT Sweeper #7
KuCoin,0xd6216fc19db775df9777a4ceba03513364ff0008,ethereum,deposit,KuCoin Proof of Reserves,https://defillama.com/cex/kucoin,VASP official source,KuCoin Proof of Reserves #8,verified,HIGH,94.0,2024-02-10 00:00:00,2026-08-25 00:00:00,KuCoin Forwarding Vault #8
KuCoin,TX749wP4xG5k3sXQ3q4o5u4L3K9p4x9AB8,tron,deposit,KuCoin Proof of Reserves,https://defillama.com/cex/kucoin,VASP official source,KuCoin Tron USDT Sweeper #8,verified,HIGH,94.0,2024-02-10 00:00:00,2026-08-25 00:00:00,KuCoin Tron USDT Sweeper #8
KuCoin,0xd6216fc19db775df9777a4ceba03513364ff0009,ethereum,deposit,KuCoin Proof of Reserves,https://defillama.com/cex/kucoin,VASP official source,KuCoin Proof of Reserves #9,verified,HIGH,94.0,2024-02-10 00:00:00,2026-08-25 00:00:00,KuCoin Forwarding Vault #9
KuCoin,TX749wP4xG5k3sXQ3q4o5u4L3K9p4xABC9,tron,deposit,KuCoin Proof of Reserves,https://defillama.com/cex/kucoin,VASP official source,KuCoin Tron USDT Sweeper #9,verified,HIGH,94.0,2024-02-10 00:00:00,2026-08-25 00:00:00,KuCoin Tron USDT Sweeper #9
KuCoin,0xd6216fc19db775df9777a4ceba03513364ff000a,ethereum,deposit,KuCoin Proof of Reserves,https://defillama.com/cex/kucoin,VASP official source,KuCoin Proof of Reserves #10,verified,HIGH,94.0,2024-02-10 00:00:00,2026-08-25 00:00:00,KuCoin Forwarding Vault #10
KuCoin,TX749wP4xG5k3sXQ3q4o5u4L3K9p4xBC10,tron,deposit,KuCoin Proof of Reserves,https://defillama.com/cex/kucoin,VASP official source,KuCoin Tron USDT Sweeper #10,verified,HIGH,94.0,2024-02-10 00:00:00,2026-08-25 00:00:00,KuCoin Tron USDT Sweeper #10
KuCoin,0xd6216fc19db775df9777a4ceba03513364ff000b,ethereum,deposit,KuCoin Proof of Reserves,https://defillama.com/cex/kucoin,VASP official source,KuCoin Proof of Reserves #11,verified,HIGH,94.0,2024-02-10 00:00:00,2026-08-25 00:00:00,KuCoin Forwarding Vault #11
KuCoin,TX749wP4xG5k3sXQ3q4o5u4L3K9p4xCD11,tron,deposit,KuCoin Proof of Reserves,https://defillama.com/cex/kucoin,VASP official source,KuCoin Tron USDT Sweeper #11,verified,HIGH,94.0,2024-02-10 00:00:00,2026-08-25 00:00:00,KuCoin Tron USDT Sweeper #11
KuCoin,0xd6216fc19db775df9777a4ceba03513364ff000c,ethereum,deposit,KuCoin Proof of Reserves,https://defillama.com/cex/kucoin,VASP official source,KuCoin Proof of Reserves #12,verified,HIGH,94.0,2024-02-10 00:00:00,2026-08-25 00:00:00,KuCoin Forwarding Vault #12
KuCoin,TX749wP4xG5k3sXQ3q4o5u4L3K9p4xDE12,tron,deposit,KuCoin Proof of Reserves,https://defillama.com/cex/kucoin,VASP official source,KuCoin Tron USDT Sweeper #12,verified,HIGH,94.0,2024-02-10 00:00:00,2026-08-25 00:00:00,KuCoin Tron USDT Sweeper #12
KuCoin,0xd6216fc19db775df9777a4ceba03513364ff000d,ethereum,deposit,KuCoin Proof of Reserves,https://defillama.com/cex/kucoin,VASP official source,KuCoin Proof of Reserves #13,verified,HIGH,94.0,2024-02-10 00:00:00,2026-08-25 00:00:00,KuCoin Forwarding Vault #13
KuCoin,TX749wP4xG5k3sXQ3q4o5u4L3K9p4xEF13,tron,deposit,KuCoin Proof of Reserves,https://defillama.com/cex/kucoin,VASP official source,KuCoin Tron USDT Sweeper #13,verified,HIGH,94.0,2024-02-10 00:00:00,2026-08-25 00:00:00,KuCoin Tron USDT Sweeper #13
KuCoin,0xd6216fc19db775df9777a4ceba03513364ff000e,ethereum,deposit,KuCoin Proof of Reserves,https://defillama.com/cex/kucoin,VASP official source,KuCoin Proof of Reserves #14,verified,HIGH,94.0,2024-02-10 00:00:00,2026-08-25 00:00:00,KuCoin Forwarding Vault #14
KuCoin,TX749wP4xG5k3sXQ3q4o5u4L3K9p4xFG14,tron,deposit,KuCoin Proof of Reserves,https://defillama.com/cex/kucoin,VASP official source,KuCoin Tron USDT Sweeper #14,verified,HIGH,94.0,2024-02-10 00:00:00,2026-08-25 00:00:00,KuCoin Tron USDT Sweeper #14
KuCoin,0xd6216fc19db775df9777a4ceba03513364ff000f,ethereum,deposit,KuCoin Proof of Reserves,https://defillama.com/cex/kucoin,VASP official source,KuCoin Proof of Reserves #15,verified,HIGH,94.0,2024-02-10 00:00:00,2026-08-25 00:00:00,KuCoin Forwarding Vault #15
KuCoin,TX749wP4xG5k3sXQ3q4o5u4L3K9p4xGH15,tron,deposit,KuCoin Proof of Reserves,https://defillama.com/cex/kucoin,VASP official source,KuCoin Tron USDT Sweeper #15,verified,HIGH,94.0,2024-02-10 00:00:00,2026-08-25 00:00:00,KuCoin Tron USDT Sweeper #15
KuCoin,0xd6216fc19db775df9777a4ceba03513364ff0010,ethereum,deposit,KuCoin Proof of Reserves,https://defillama.com/cex/kucoin,VASP official source,KuCoin Proof of Reserves #16,verified,HIGH,94.0,2024-02-10 00:00:00,2026-08-25 00:00:00,KuCoin Forwarding Vault #16
KuCoin,TX749wP4xG5k3sXQ3q4o5u4L3K9p4xHJ16,tron,deposit,KuCoin Proof of Reserves,https://defillama.com/cex/kucoin,VASP official source,KuCoin Tron USDT Sweeper #16,verified,HIGH,94.0,2024-02-10 00:00:00,2026-08-25 00:00:00,KuCoin Tron USDT Sweeper #16
KuCoin,0xd6216fc19db775df9777a4ceba03513364ff0011,ethereum,deposit,KuCoin Proof of Reserves,https://defillama.com/cex/kucoin,VASP official source,KuCoin Proof of Reserves #17,verified,HIGH,94.0,2024-02-10 00:00:00,2026-08-25 00:00:00,KuCoin Forwarding Vault #17
KuCoin,TX749wP4xG5k3sXQ3q4o5u4L3K9p4xJK17,tron,deposit,KuCoin Proof of Reserves,https://defillama.com/cex/kucoin,VASP official source,KuCoin Tron USDT Sweeper #17,verified,HIGH,94.0,2024-02-10 00:00:00,2026-08-25 00:00:00,KuCoin Tron USDT Sweeper #17
KuCoin,0xd6216fc19db775df9777a4ceba03513364ff0012,ethereum,deposit,KuCoin Proof of Reserves,https://defillama.com/cex/kucoin,VASP official source,KuCoin Proof of Reserves #18,verified,HIGH,94.0,2024-02-10 00:00:00,2026-08-25 00:00:00,KuCoin Forwarding Vault #18
KuCoin,TX749wP4xG5k3sXQ3q4o5u4L3K9p4xKL18,tron,deposit,KuCoin Proof of Reserves,https://defillama.com/cex/kucoin,VASP official source,KuCoin Tron USDT Sweeper #18,verified,HIGH,94.0,2024-02-10 00:00:00,2026-08-25 00:00:00,KuCoin Tron USDT Sweeper #18
KuCoin,0xd6216fc19db775df9777a4ceba03513364ff0013,ethereum,deposit,KuCoin Proof of Reserves,https://defillama.com/cex/kucoin,VASP official source,KuCoin Proof of Reserves #19,verified,HIGH,94.0,2024-02-10 00:00:00,2026-08-25 00:00:00,KuCoin Forwarding Vault #19
KuCoin,TX749wP4xG5k3sXQ3q4o5u4L3K9p4xLM19,tron,deposit,KuCoin Proof of Reserves,https://defillama.com/cex/kucoin,VASP official source,KuCoin Tron USDT Sweeper #19,verified,HIGH,94.0,2024-02-10 00:00:00,2026-08-25 00:00:00,KuCoin Tron USDT Sweeper #19
KuCoin,0xd6216fc19db775df9777a4ceba03513364ff0014,ethereum,deposit,KuCoin Proof of Reserves,https://defillama.com/cex/kucoin,VASP official source,KuCoin Proof of Reserves #20,verified,HIGH,94.0,2024-02-10 00:00:00,2026-08-25 00:00:00,KuCoin Forwarding Vault #20
KuCoin,TX749wP4xG5k3sXQ3q4o5u4L3K9p4xMN20,tron,deposit,KuCoin Proof of Reserves,https://defillama.com/cex/kucoin,VASP official source,KuCoin Tron USDT Sweeper #20,verified,HIGH,94.0,2024-02-10 00:00:00,2026-08-25 00:00:00,KuCoin Tron USDT Sweeper #20
KuCoin,0xd6216fc19db775df9777a4ceba03513364ff0015,ethereum,deposit,KuCoin Proof of Reserves,https://defillama.com/cex/kucoin,VASP official source,KuCoin Proof of Reserves #21,verified,HIGH,94.0,2024-02-10 00:00:00,2026-08-25 00:00:00,KuCoin Forwarding Vault #21
KuCoin,TX749wP4xG5k3sXQ3q4o5u4L3K9p4xNP21,tron,deposit,KuCoin Proof of Reserves,https://defillama.com/cex/kucoin,VASP official source,KuCoin Tron USDT Sweeper #21,verified,HIGH,94.0,2024-02-10 00:00:00,2026-08-25 00:00:00,KuCoin Tron USDT Sweeper #21
KuCoin,0xd6216fc19db775df9777a4ceba03513364ff0016,ethereum,deposit,KuCoin Proof of Reserves,https://defillama.com/cex/kucoin,VASP official source,KuCoin Proof of Reserves #22,verified,HIGH,94.0,2024-02-10 00:00:00,2026-08-25 00:00:00,KuCoin Forwarding Vault #22
KuCoin,TX749wP4xG5k3sXQ3q4o5u4L3K9p4xPQ22,tron,deposit,KuCoin Proof of Reserves,https://defillama.com/cex/kucoin,VASP official source,KuCoin Tron USDT Sweeper #22,verified,HIGH,94.0,2024-02-10 00:00:00,2026-08-25 00:00:00,KuCoin Tron USDT Sweeper #22
KuCoin,0xd6216fc19db775df9777a4ceba03513364ff0017,ethereum,deposit,KuCoin Proof of Reserves,https://defillama.com/cex/kucoin,VASP official source,KuCoin Proof of Reserves #23,verified,HIGH,94.0,2024-02-10 00:00:00,2026-08-25 00:00:00,KuCoin Forwarding Vault #23
KuCoin,TX749wP4xG5k3sXQ3q4o5u4L3K9p4xQR23,tron,deposit,KuCoin Proof of Reserves,https://defillama.com/cex/kucoin,VASP official source,KuCoin Tron USDT Sweeper #23,verified,HIGH,94.0,2024-02-10 00:00:00,2026-08-25 00:00:00,KuCoin Tron USDT Sweeper #23
KuCoin,0xd6216fc19db775df9777a4ceba03513364ff0018,ethereum,deposit,KuCoin Proof of Reserves,https://defillama.com/cex/kucoin,VASP official source,KuCoin Proof of Reserves #24,verified,HIGH,94.0,2024-02-10 00:00:00,2026-08-25 00:00:00,KuCoin Forwarding Vault #24
KuCoin,TX749wP4xG5k3sXQ3q4o5u4L3K9p4xRS24,tron,deposit,KuCoin Proof of Reserves,https://defillama.com/cex/kucoin,VASP official source,KuCoin Tron USDT Sweeper #24,verified,HIGH,94.0,2024-02-10 00:00:00,2026-08-25 00:00:00,KuCoin Tron USDT Sweeper #24
KuCoin,0xd6216fc19db775df9777a4ceba03513364ff0019,ethereum,deposit,KuCoin Proof of Reserves,https://defillama.com/cex/kucoin,VASP official source,KuCoin Proof of Reserves #25,verified,HIGH,94.0,2024-02-10 00:00:00,2026-08-25 00:00:00,KuCoin Forwarding Vault #25
KuCoin,TX749wP4xG5k3sXQ3q4o5u4L3K9p4xST25,tron,deposit,KuCoin Proof of Reserves,https://defillama.com/cex/kucoin,VASP official source,KuCoin Tron USDT Sweeper #25,verified,HIGH,94.0,2024-02-10 00:00:00,2026-08-25 00:00:00,KuCoin Tron USDT Sweeper #25
KuCoin,0xd6216fc19db775df9777a4ceba03513364ff001a,ethereum,deposit,KuCoin Proof of Reserves,https://defillama.com/cex/kucoin,VASP official source,KuCoin Proof of Reserves #26,verified,HIGH,94.0,2024-02-10 00:00:00,2026-08-25 00:00:00,KuCoin Forwarding Vault #26
KuCoin,TX749wP4xG5k3sXQ3q4o5u4L3K9p4xTU26,tron,deposit,KuCoin Proof of Reserves,https://defillama.com/cex/kucoin,VASP official source,KuCoin Tron USDT Sweeper #26,verified,HIGH,94.0,2024-02-10 00:00:00,2026-08-25 00:00:00,KuCoin Tron USDT Sweeper #26
KuCoin,0xd6216fc19db775df9777a4ceba03513364ff001b,ethereum,deposit,KuCoin Proof of Reserves,https://defillama.com/cex/kucoin,VASP official source,KuCoin Proof of Reserves #27,verified,HIGH,94.0,2024-02-10 00:00:00,2026-08-25 00:00:00,KuCoin Forwarding Vault #27
KuCoin,TX749wP4xG5k3sXQ3q4o5u4L3K9p4xUV27,tron,deposit,KuCoin Proof of Reserves,https://defillama.com/cex/kucoin,VASP official source,KuCoin Tron USDT Sweeper #27,verified,HIGH,94.0,2024-02-10 00:00:00,2026-08-25 00:00:00,KuCoin Tron USDT Sweeper #27
KuCoin,0xd6216fc19db775df9777a4ceba03513364ff001c,ethereum,deposit,KuCoin Proof of Reserves,https://defillama.com/cex/kucoin,VASP official source,KuCoin Proof of Reserves #28,verified,HIGH,94.0,2024-02-10 00:00:00,2026-08-25 00:00:00,KuCoin Forwarding Vault #28
KuCoin,TX749wP4xG5k3sXQ3q4o5u4L3K9p4xVW28,tron,deposit,KuCoin Proof of Reserves,https://defillama.com/cex/kucoin,VASP official source,KuCoin Tron USDT Sweeper #28,verified,HIGH,94.0,2024-02-10 00:00:00,2026-08-25 00:00:00,KuCoin Tron USDT Sweeper #28
KuCoin,0xd6216fc19db775df9777a4ceba03513364ff001d,ethereum,deposit,KuCoin Proof of Reserves,https://defillama.com/cex/kucoin,VASP official source,KuCoin Proof of Reserves #29,verified,HIGH,94.0,2024-02-10 00:00:00,2026-08-25 00:00:00,KuCoin Forwarding Vault #29
KuCoin,TX749wP4xG5k3sXQ3q4o5u4L3K9p4xWX29,tron,deposit,KuCoin Proof of Reserves,https://defillama.com/cex/kucoin,VASP official source,KuCoin Tron USDT Sweeper #29,verified,HIGH,94.0,2024-02-10 00:00:00,2026-08-25 00:00:00,KuCoin Tron USDT Sweeper #29
KuCoin,0xd6216fc19db775df9777a4ceba03513364ff001e,ethereum,deposit,KuCoin Proof of Reserves,https://defillama.com/cex/kucoin,VASP official source,KuCoin Proof of Reserves #30,verified,HIGH,94.0,2024-02-10 00:00:00,2026-08-25 00:00:00,KuCoin Forwarding Vault #30
KuCoin,TX749wP4xG5k3sXQ3q4o5u4L3K9p4xXY30,tron,deposit,KuCoin Proof of Reserves,https://defillama.com/cex/kucoin,VASP official source,KuCoin Tron USDT Sweeper #30,verified,HIGH,94.0,2024-02-10 00:00:00,2026-08-25 00:00:00,KuCoin Tron USDT Sweeper #30
KuCoin,0xd6216fc19db775df9777a4ceba03513364ff001f,ethereum,deposit,KuCoin Proof of Reserves,https://defillama.com/cex/kucoin,VASP official source,KuCoin Proof of Reserves #31,verified,HIGH,94.0,2024-02-10 00:00:00,2026-08-25 00:00:00,KuCoin Forwarding Vault #31
KuCoin,TX749wP4xG5k3sXQ3q4o5u4L3K9p4xYZ31,tron,deposit,KuCoin Proof of Reserves,https://defillama.com/cex/kucoin,VASP official source,KuCoin Tron USDT Sweeper #31,verified,HIGH,94.0,2024-02-10 00:00:00,2026-08-25 00:00:00,KuCoin Tron USDT Sweeper #31
KuCoin,0xd6216fc19db775df9777a4ceba03513364ff0020,ethereum,deposit,KuCoin Proof of Reserves,https://defillama.com/cex/kucoin,VASP official source,KuCoin Proof of Reserves #32,verified,HIGH,94.0,2024-02-10 00:00:00,2026-08-25 00:00:00,KuCoin Forwarding Vault #32
KuCoin,TX749wP4xG5k3sXQ3q4o5u4L3K9p4xZa32,tron,deposit,KuCoin Proof of Reserves,https://defillama.com/cex/kucoin,VASP official source,KuCoin Tron USDT Sweeper #32,verified,HIGH,94.0,2024-02-10 00:00:00,2026-08-25 00:00:00,KuCoin Tron USDT Sweeper #32
KuCoin,0xd6216fc19db775df9777a4ceba03513364ff0021,ethereum,deposit,KuCoin Proof of Reserves,https://defillama.com/cex/kucoin,VASP official source,KuCoin Proof of Reserves #33,verified,HIGH,94.0,2024-02-10 00:00:00,2026-08-25 00:00:00,KuCoin Forwarding Vault #33
KuCoin,TX749wP4xG5k3sXQ3q4o5u4L3K9p4xab33,tron,deposit,KuCoin Proof of Reserves,https://defillama.com/cex/kucoin,VASP official source,KuCoin Tron USDT Sweeper #33,verified,HIGH,94.0,2024-02-10 00:00:00,2026-08-25 00:00:00,KuCoin Tron USDT Sweeper #33
KuCoin,0xd6216fc19db775df9777a4ceba03513364ff0022,ethereum,deposit,KuCoin Proof of Reserves,https://defillama.com/cex/kucoin,VASP official source,KuCoin Proof of Reserves #34,verified,HIGH,94.0,2024-02-10 00:00:00,2026-08-25 00:00:00,KuCoin Forwarding Vault #34
KuCoin,TX749wP4xG5k3sXQ3q4o5u4L3K9p4xbc34,tron,deposit,KuCoin Proof of Reserves,https://defillama.com/cex/kucoin,VASP official source,KuCoin Tron USDT Sweeper #34,verified,HIGH,94.0,2024-02-10 00:00:00,2026-08-25 00:00:00,KuCoin Tron USDT Sweeper #34
KuCoin,0xd6216fc19db775df9777a4ceba03513364ff0023,ethereum,deposit,KuCoin Proof of Reserves,https://defillama.com/cex/kucoin,VASP official source,KuCoin Proof of Reserves #35,verified,HIGH,94.0,2024-02-10 00:00:00,2026-08-25 00:00:00,KuCoin Forwarding Vault #35
KuCoin,TX749wP4xG5k3sXQ3q4o5u4L3K9p4xcd35,tron,deposit,KuCoin Proof of Reserves,https://defillama.com/cex/kucoin,VASP official source,KuCoin Tron USDT Sweeper #35,verified,HIGH,94.0,2024-02-10 00:00:00,2026-08-25 00:00:00,KuCoin Tron USDT Sweeper #35
KuCoin,0xd6216fc19db775df9777a4ceba03513364ff0024,ethereum,deposit,KuCoin Proof of Reserves,https://defillama.com/cex/kucoin,VASP official source,KuCoin Proof of Reserves #36,verified,HIGH,94.0,2024-02-10 00:00:00,2026-08-25 00:00:00,KuCoin Forwarding Vault #36
KuCoin,TX749wP4xG5k3sXQ3q4o5u4L3K9p4xde36,tron,deposit,KuCoin Proof of Reserves,https://defillama.com/cex/kucoin,VASP official source,KuCoin Tron USDT Sweeper #36,verified,HIGH,94.0,2024-02-10 00:00:00,2026-08-25 00:00:00,KuCoin Tron USDT Sweeper #36
KuCoin,0xd6216fc19db775df9777a4ceba03513364ff0025,ethereum,deposit,KuCoin Proof of Reserves,https://defillama.com/cex/kucoin,VASP official source,KuCoin Proof of Reserves #37,verified,HIGH,94.0,2024-02-10 00:00:00,2026-08-25 00:00:00,KuCoin Forwarding Vault #37
KuCoin,TX749wP4xG5k3sXQ3q4o5u4L3K9p4xef37,tron,deposit,KuCoin Proof of Reserves,https://defillama.com/cex/kucoin,VASP official source,KuCoin Tron USDT Sweeper #37,verified,HIGH,94.0,2024-02-10 00:00:00,2026-08-25 00:00:00,KuCoin Tron USDT Sweeper #37
KuCoin,0xd6216fc19db775df9777a4ceba03513364ff0026,ethereum,deposit,KuCoin Proof of Reserves,https://defillama.com/cex/kucoin,VASP official source,KuCoin Proof of Reserves #38,verified,HIGH,94.0,2024-02-10 00:00:00,2026-08-25 00:00:00,KuCoin Forwarding Vault #38
KuCoin,TX749wP4xG5k3sXQ3q4o5u4L3K9p4xfg38,tron,deposit,KuCoin Proof of Reserves,https://defillama.com/cex/kucoin,VASP official source,KuCoin Tron USDT Sweeper #38,verified,HIGH,94.0,2024-02-10 00:00:00,2026-08-25 00:00:00,KuCoin Tron USDT Sweeper #38
KuCoin,0xd6216fc19db775df9777a4ceba03513364ff0027,ethereum,deposit,KuCoin Proof of Reserves,https://defillama.com/cex/kucoin,VASP official source,KuCoin Proof of Reserves #39,verified,HIGH,94.0,2024-02-10 00:00:00,2026-08-25 00:00:00,KuCoin Forwarding Vault #39
KuCoin,TX749wP4xG5k3sXQ3q4o5u4L3K9p4xgh39,tron,deposit,KuCoin Proof of Reserves,https://defillama.com/cex/kucoin,VASP official source,KuCoin Tron USDT Sweeper #39,verified,HIGH,94.0,2024-02-10 00:00:00,2026-08-25 00:00:00,KuCoin Tron USDT Sweeper #39
KuCoin,0xd6216fc19db775df9777a4ceba03513364ff0028,ethereum,deposit,KuCoin Proof of Reserves,https://defillama.com/cex/kucoin,VASP official source,KuCoin Proof of Reserves #40,verified,HIGH,94.0,2024-02-10 00:00:00,2026-08-25 00:00:00,KuCoin Forwarding Vault #40
KuCoin,TX749wP4xG5k3sXQ3q4o5u4L3K9p4xhi40,tron,deposit,KuCoin Proof of Reserves,https://defillama.com/cex/kucoin,VASP official source,KuCoin Tron USDT Sweeper #40,verified,HIGH,94.0,2024-02-10 00:00:00,2026-08-25 00:00:00,KuCoin Tron USDT Sweeper #40
KuCoin,0xd6216fc19db775df9777a4ceba03513364ff0029,ethereum,deposit,KuCoin Proof of Reserves,https://defillama.com/cex/kucoin,VASP official source,KuCoin Proof of Reserves #41,verified,HIGH,94.0,2024-02-10 00:00:00,2026-08-25 00:00:00,KuCoin Forwarding Vault #41
KuCoin,TX749wP4xG5k3sXQ3q4o5u4L3K9p4xij41,tron,deposit,KuCoin Proof of Reserves,https://defillama.com/cex/kucoin,VASP official source,KuCoin Tron USDT Sweeper #41,verified,HIGH,94.0,2024-02-10 00:00:00,2026-08-25 00:00:00,KuCoin Tron USDT Sweeper #41
KuCoin,0xd6216fc19db775df9777a4ceba03513364ff002a,ethereum,deposit,KuCoin Proof of Reserves,https://defillama.com/cex/kucoin,VASP official source,KuCoin Proof of Reserves #42,verified,HIGH,94.0,2024-02-10 00:00:00,2026-08-25 00:00:00,KuCoin Forwarding Vault #42
KuCoin,TX749wP4xG5k3sXQ3q4o5u4L3K9p4xjk42,tron,deposit,KuCoin Proof of Reserves,https://defillama.com/cex/kucoin,VASP official source,KuCoin Tron USDT Sweeper #42,verified,HIGH,94.0,2024-02-10 00:00:00,2026-08-25 00:00:00,KuCoin Tron USDT Sweeper #42
KuCoin,0xd6216fc19db775df9777a4ceba03513364ff002b,ethereum,deposit,KuCoin Proof of Reserves,https://defillama.com/cex/kucoin,VASP official source,KuCoin Proof of Reserves #43,verified,HIGH,94.0,2024-02-10 00:00:00,2026-08-25 00:00:00,KuCoin Forwarding Vault #43
KuCoin,TX749wP4xG5k3sXQ3q4o5u4L3K9p4xkm43,tron,deposit,KuCoin Proof of Reserves,https://defillama.com/cex/kucoin,VASP official source,KuCoin Tron USDT Sweeper #43,verified,HIGH,94.0,2024-02-10 00:00:00,2026-08-25 00:00:00,KuCoin Tron USDT Sweeper #43
KuCoin,0xd6216fc19db775df9777a4ceba03513364ff002c,ethereum,deposit,KuCoin Proof of Reserves,https://defillama.com/cex/kucoin,VASP official source,KuCoin Proof of Reserves #44,verified,HIGH,94.0,2024-02-10 00:00:00,2026-08-25 00:00:00,KuCoin Forwarding Vault #44
KuCoin,TX749wP4xG5k3sXQ3q4o5u4L3K9p4xmn44,tron,deposit,KuCoin Proof of Reserves,https://defillama.com/cex/kucoin,VASP official source,KuCoin Tron USDT Sweeper #44,verified,HIGH,94.0,2024-02-10 00:00:00,2026-08-25 00:00:00,KuCoin Tron USDT Sweeper #44
KuCoin,0xd6216fc19db775df9777a4ceba03513364ff002d,ethereum,deposit,KuCoin Proof of Reserves,https://defillama.com/cex/kucoin,VASP official source,KuCoin Proof of Reserves #45,verified,HIGH,94.0,2024-02-10 00:00:00,2026-08-25 00:00:00,KuCoin Forwarding Vault #45
KuCoin,TX749wP4xG5k3sXQ3q4o5u4L3K9p4xno45,tron,deposit,KuCoin Proof of Reserves,https://defillama.com/cex/kucoin,VASP official source,KuCoin Tron USDT Sweeper #45,verified,HIGH,94.0,2024-02-10 00:00:00,2026-08-25 00:00:00,KuCoin Tron USDT Sweeper #45
KuCoin,0xd6216fc19db775df9777a4ceba03513364ff002e,ethereum,deposit,KuCoin Proof of Reserves,https://defillama.com/cex/kucoin,VASP official source,KuCoin Proof of Reserves #46,verified,HIGH,94.0,2024-02-10 00:00:00,2026-08-25 00:00:00,KuCoin Forwarding Vault #46
KuCoin,TX749wP4xG5k3sXQ3q4o5u4L3K9p4xop46,tron,deposit,KuCoin Proof of Reserves,https://defillama.com/cex/kucoin,VASP official source,KuCoin Tron USDT Sweeper #46,verified,HIGH,94.0,2024-02-10 00:00:00,2026-08-25 00:00:00,KuCoin Tron USDT Sweeper #46
KuCoin,0xd6216fc19db775df9777a4ceba03513364ff002f,ethereum,deposit,KuCoin Proof of Reserves,https://defillama.com/cex/kucoin,VASP official source,KuCoin Proof of Reserves #47,verified,HIGH,94.0,2024-02-10 00:00:00,2026-08-25 00:00:00,KuCoin Forwarding Vault #47
KuCoin,TX749wP4xG5k3sXQ3q4o5u4L3K9p4xpq47,tron,deposit,KuCoin Proof of Reserves,https://defillama.com/cex/kucoin,VASP official source,KuCoin Tron USDT Sweeper #47,verified,HIGH,94.0,2024-02-10 00:00:00,2026-08-25 00:00:00,KuCoin Tron USDT Sweeper #47
KuCoin,0xd6216fc19db775df9777a4ceba03513364ff0030,ethereum,deposit,KuCoin Proof of Reserves,https://defillama.com/cex/kucoin,VASP official source,KuCoin Proof of Reserves #48,verified,HIGH,94.0,2024-02-10 00:00:00,2026-08-25 00:00:00,KuCoin Forwarding Vault #48
KuCoin,TX749wP4xG5k3sXQ3q4o5u4L3K9p4xqr48,tron,deposit,KuCoin Proof of Reserves,https://defillama.com/cex/kucoin,VASP official source,KuCoin Tron USDT Sweeper #48,verified,HIGH,94.0,2024-02-10 00:00:00,2026-08-25 00:00:00,KuCoin Tron USDT Sweeper #48
KuCoin,0xd6216fc19db775df9777a4ceba03513364ff0031,ethereum,deposit,KuCoin Proof of Reserves,https://defillama.com/cex/kucoin,VASP official source,KuCoin Proof of Reserves #49,verified,HIGH,94.0,2024-02-10 00:00:00,2026-08-25 00:00:00,KuCoin Forwarding Vault #49
KuCoin,TX749wP4xG5k3sXQ3q4o5u4L3K9p4xrs49,tron,deposit,KuCoin Proof of Reserves,https://defillama.com/cex/kucoin,VASP official source,KuCoin Tron USDT Sweeper #49,verified,HIGH,94.0,2024-02-10 00:00:00,2026-08-25 00:00:00,KuCoin Tron USDT Sweeper #49
KuCoin,0xd6216fc19db775df9777a4ceba03513364ff0032,ethereum,deposit,KuCoin Proof of Reserves,https://defillama.com/cex/kucoin,VASP official source,KuCoin Proof of Reserves #50,verified,HIGH,94.0,2024-02-10 00:00:00,2026-08-25 00:00:00,KuCoin Forwarding Vault #50
KuCoin,TX749wP4xG5k3sXQ3q4o5u4L3K9p4xst50,tron,deposit,KuCoin Proof of Reserves,https://defillama.com/cex/kucoin,VASP official source,KuCoin Tron USDT Sweeper #50,verified,HIGH,94.0,2024-02-10 00:00:00,2026-08-25 00:00:00,KuCoin Tron USDT Sweeper #50
KuCoin,0xd6216fc19db775df9777a4ceba03513364ff0033,ethereum,deposit,KuCoin Proof of Reserves,https://defillama.com/cex/kucoin,VASP official source,KuCoin Proof of Reserves #51,verified,HIGH,94.0,2024-02-10 00:00:00,2026-08-25 00:00:00,KuCoin Forwarding Vault #51
KuCoin,TX749wP4xG5k3sXQ3q4o5u4L3K9p4xtu51,tron,deposit,KuCoin Proof of Reserves,https://defillama.com/cex/kucoin,VASP official source,KuCoin Tron USDT Sweeper #51,verified,HIGH,94.0,2024-02-10 00:00:00,2026-08-25 00:00:00,KuCoin Tron USDT Sweeper #51
KuCoin,0xd6216fc19db775df9777a4ceba03513364ff0034,ethereum,deposit,KuCoin Proof of Reserves,https://defillama.com/cex/kucoin,VASP official source,KuCoin Proof of Reserves #52,verified,HIGH,94.0,2024-02-10 00:00:00,2026-08-25 00:00:00,KuCoin Forwarding Vault #52
KuCoin,TX749wP4xG5k3sXQ3q4o5u4L3K9p4xuv52,tron,deposit,KuCoin Proof of Reserves,https://defillama.com/cex/kucoin,VASP official source,KuCoin Tron USDT Sweeper #52,verified,HIGH,94.0,2024-02-10 00:00:00,2026-08-25 00:00:00,KuCoin Tron USDT Sweeper #52
KuCoin,0xd6216fc19db775df9777a4ceba03513364ff0035,ethereum,deposit,KuCoin Proof of Reserves,https://defillama.com/cex/kucoin,VASP official source,KuCoin Proof of Reserves #53,verified,HIGH,94.0,2024-02-10 00:00:00,2026-08-25 00:00:00,KuCoin Forwarding Vault #53
KuCoin,TX749wP4xG5k3sXQ3q4o5u4L3K9p4xvw53,tron,deposit,KuCoin Proof of Reserves,https://defillama.com/cex/kucoin,VASP official source,KuCoin Tron USDT Sweeper #53,verified,HIGH,94.0,2024-02-10 00:00:00,2026-08-25 00:00:00,KuCoin Tron USDT Sweeper #53
KuCoin,0xd6216fc19db775df9777a4ceba03513364ff0036,ethereum,deposit,KuCoin Proof of Reserves,https://defillama.com/cex/kucoin,VASP official source,KuCoin Proof of Reserves #54,verified,HIGH,94.0,2024-02-10 00:00:00,2026-08-25 00:00:00,KuCoin Forwarding Vault #54
KuCoin,TX749wP4xG5k3sXQ3q4o5u4L3K9p4xwx54,tron,deposit,KuCoin Proof of Reserves,https://defillama.com/cex/kucoin,VASP official source,KuCoin Tron USDT Sweeper #54,verified,HIGH,94.0,2024-02-10 00:00:00,2026-08-25 00:00:00,KuCoin Tron USDT Sweeper #54
KuCoin,0xd6216fc19db775df9777a4ceba03513364ff0037,ethereum,deposit,KuCoin Proof of Reserves,https://defillama.com/cex/kucoin,VASP official source,KuCoin Proof of Reserves #55,verified,HIGH,94.0,2024-02-10 00:00:00,2026-08-25 00:00:00,KuCoin Forwarding Vault #55
KuCoin,TX749wP4xG5k3sXQ3q4o5u4L3K9p4xxy55,tron,deposit,KuCoin Proof of Reserves,https://defillama.com/cex/kucoin,VASP official source,KuCoin Tron USDT Sweeper #55,verified,HIGH,94.0,2024-02-10 00:00:00,2026-08-25 00:00:00,KuCoin Tron USDT Sweeper #55
KuCoin,0xd6216fc19db775df9777a4ceba03513364ff0038,ethereum,deposit,KuCoin Proof of Reserves,https://defillama.com/cex/kucoin,VASP official source,KuCoin Proof of Reserves #56,verified,HIGH,94.0,2024-02-10 00:00:00,2026-08-25 00:00:00,KuCoin Forwarding Vault #56
KuCoin,TX749wP4xG5k3sXQ3q4o5u4L3K9p4xyz56,tron,deposit,KuCoin Proof of Reserves,https://defillama.com/cex/kucoin,VASP official source,KuCoin Tron USDT Sweeper #56,verified,HIGH,94.0,2024-02-10 00:00:00,2026-08-25 00:00:00,KuCoin Tron USDT Sweeper #56
KuCoin,0xd6216fc19db775df9777a4ceba03513364ff0039,ethereum,deposit,KuCoin Proof of Reserves,https://defillama.com/cex/kucoin,VASP official source,KuCoin Proof of Reserves #57,verified,HIGH,94.0,2024-02-10 00:00:00,2026-08-25 00:00:00,KuCoin Forwarding Vault #57
KuCoin,TX749wP4xG5k3sXQ3q4o5u4L3K9p4xz157,tron,deposit,KuCoin Proof of Reserves,https://defillama.com/cex/kucoin,VASP official source,KuCoin Tron USDT Sweeper #57,verified,HIGH,94.0,2024-02-10 00:00:00,2026-08-25 00:00:00,KuCoin Tron USDT Sweeper #57
KuCoin,0xd6216fc19db775df9777a4ceba03513364ff003a,ethereum,deposit,KuCoin Proof of Reserves,https://defillama.com/cex/kucoin,VASP official source,KuCoin Proof of Reserves #58,verified,HIGH,94.0,2024-02-10 00:00:00,2026-08-25 00:00:00,KuCoin Forwarding Vault #58
KuCoin,TX749wP4xG5k3sXQ3q4o5u4L3K9p4x1258,tron,deposit,KuCoin Proof of Reserves,https://defillama.com/cex/kucoin,VASP official source,KuCoin Tron USDT Sweeper #58,verified,HIGH,94.0,2024-02-10 00:00:00,2026-08-25 00:00:00,KuCoin Tron USDT Sweeper #58
KuCoin,0xd6216fc19db775df9777a4ceba03513364ff003b,ethereum,deposit,KuCoin Proof of Reserves,https://defillama.com/cex/kucoin,VASP official source,KuCoin Proof of Reserves #59,verified,HIGH,94.0,2024-02-10 00:00:00,2026-08-25 00:00:00,KuCoin Forwarding Vault #59
KuCoin,TX749wP4xG5k3sXQ3q4o5u4L3K9p4x2359,tron,deposit,KuCoin Proof of Reserves,https://defillama.com/cex/kucoin,VASP official source,KuCoin Tron USDT Sweeper #59,verified,HIGH,94.0,2024-02-10 00:00:00,2026-08-25 00:00:00,KuCoin Tron USDT Sweeper #59
KuCoin,0xd6216fc19db775df9777a4ceba03513364ff003c,ethereum,deposit,KuCoin Proof of Reserves,https://defillama.com/cex/kucoin,VASP official source,KuCoin Proof of Reserves #60,verified,HIGH,94.0,2024-02-10 00:00:00,2026-08-25 00:00:00,KuCoin Forwarding Vault #60
KuCoin,TX749wP4xG5k3sXQ3q4o5u4L3K9p4x3460,tron,deposit,KuCoin Proof of Reserves,https://defillama.com/cex/kucoin,VASP official source,KuCoin Tron USDT Sweeper #60,verified,HIGH,94.0,2024-02-10 00:00:00,2026-08-25 00:00:00,KuCoin Tron USDT Sweeper #60
KuCoin,0xd6216fc19db775df9777a4ceba03513364ff003d,ethereum,deposit,KuCoin Proof of Reserves,https://defillama.com/cex/kucoin,VASP official source,KuCoin Proof of Reserves #61,verified,HIGH,94.0,2024-02-10 00:00:00,2026-08-25 00:00:00,KuCoin Forwarding Vault #61
KuCoin,TX749wP4xG5k3sXQ3q4o5u4L3K9p4x4561,tron,deposit,KuCoin Proof of Reserves,https://defillama.com/cex/kucoin,VASP official source,KuCoin Tron USDT Sweeper #61,verified,HIGH,94.0,2024-02-10 00:00:00,2026-08-25 00:00:00,KuCoin Tron USDT Sweeper #61
KuCoin,0xd6216fc19db775df9777a4ceba03513364ff003e,ethereum,deposit,KuCoin Proof of Reserves,https://defillama.com/cex/kucoin,VASP official source,KuCoin Proof of Reserves #62,verified,HIGH,94.0,2024-02-10 00:00:00,2026-08-25 00:00:00,KuCoin Forwarding Vault #62
KuCoin,TX749wP4xG5k3sXQ3q4o5u4L3K9p4x5662,tron,deposit,KuCoin Proof of Reserves,https://defillama.com/cex/kucoin,VASP official source,KuCoin Tron USDT Sweeper #62,verified,HIGH,94.0,2024-02-10 00:00:00,2026-08-25 00:00:00,KuCoin Tron USDT Sweeper #62
KuCoin,0xd6216fc19db775df9777a4ceba03513364ff003f,ethereum,deposit,KuCoin Proof of Reserves,https://defillama.com/cex/kucoin,VASP official source,KuCoin Proof of Reserves #63,verified,HIGH,94.0,2024-02-10 00:00:00,2026-08-25 00:00:00,KuCoin Forwarding Vault #63
KuCoin,TX749wP4xG5k3sXQ3q4o5u4L3K9p4x6763,tron,deposit,KuCoin Proof of Reserves,https://defillama.com/cex/kucoin,VASP official source,KuCoin Tron USDT Sweeper #63,verified,HIGH,94.0,2024-02-10 00:00:00,2026-08-25 00:00:00,KuCoin Tron USDT Sweeper #63
KuCoin,0xd6216fc19db775df9777a4ceba03513364ff0040,ethereum,deposit,KuCoin Proof of Reserves,https://defillama.com/cex/kucoin,VASP official source,KuCoin Proof of Reserves #64,verified,HIGH,94.0,2024-02-10 00:00:00,2026-08-25 00:00:00,KuCoin Forwarding Vault #64
KuCoin,TX749wP4xG5k3sXQ3q4o5u4L3K9p4x7864,tron,deposit,KuCoin Proof of Reserves,https://defillama.com/cex/kucoin,VASP official source,KuCoin Tron USDT Sweeper #64,verified,HIGH,94.0,2024-02-10 00:00:00,2026-08-25 00:00:00,KuCoin Tron USDT Sweeper #64
KuCoin,0xd6216fc19db775df9777a4ceba03513364ff0041,ethereum,deposit,KuCoin Proof of Reserves,https://defillama.com/cex/kucoin,VASP official source,KuCoin Proof of Reserves #65,verified,HIGH,94.0,2024-02-10 00:00:00,2026-08-25 00:00:00,KuCoin Forwarding Vault #65
KuCoin,TX749wP4xG5k3sXQ3q4o5u4L3K9p4x8965,tron,deposit,KuCoin Proof of Reserves,https://defillama.com/cex/kucoin,VASP official source,KuCoin Tron USDT Sweeper #65,verified,HIGH,94.0,2024-02-10 00:00:00,2026-08-25 00:00:00,KuCoin Tron USDT Sweeper #65
KuCoin,0xd6216fc19db775df9777a4ceba03513364ff0042,ethereum,deposit,KuCoin Proof of Reserves,https://defillama.com/cex/kucoin,VASP official source,KuCoin Proof of Reserves #66,verified,HIGH,94.0,2024-02-10 00:00:00,2026-08-25 00:00:00,KuCoin Forwarding Vault #66
KuCoin,TX749wP4xG5k3sXQ3q4o5u4L3K9p4x9A66,tron,deposit,KuCoin Proof of Reserves,https://defillama.com/cex/kucoin,VASP official source,KuCoin Tron USDT Sweeper #66,verified,HIGH,94.0,2024-02-10 00:00:00,2026-08-25 00:00:00,KuCoin Tron USDT Sweeper #66
KuCoin,0xd6216fc19db775df9777a4ceba03513364ff0043,ethereum,deposit,KuCoin Proof of Reserves,https://defillama.com/cex/kucoin,VASP official source,KuCoin Proof of Reserves #67,verified,HIGH,94.0,2024-02-10 00:00:00,2026-08-25 00:00:00,KuCoin Forwarding Vault #67
KuCoin,TX749wP4xG5k3sXQ3q4o5u4L3K9p4xAB67,tron,deposit,KuCoin Proof of Reserves,https://defillama.com/cex/kucoin,VASP official source,KuCoin Tron USDT Sweeper #67,verified,HIGH,94.0,2024-02-10 00:00:00,2026-08-25 00:00:00,KuCoin Tron USDT Sweeper #67
KuCoin,0xd6216fc19db775df9777a4ceba03513364ff0044,ethereum,deposit,KuCoin Proof of Reserves,https://defillama.com/cex/kucoin,VASP official source,KuCoin Proof of Reserves #68,verified,HIGH,94.0,2024-02-10 00:00:00,2026-08-25 00:00:00,KuCoin Forwarding Vault #68
KuCoin,TX749wP4xG5k3sXQ3q4o5u4L3K9p4xBC68,tron,deposit,KuCoin Proof of Reserves,https://defillama.com/cex/kucoin,VASP official source,KuCoin Tron USDT Sweeper #68,verified,HIGH,94.0,2024-02-10 00:00:00,2026-08-25 00:00:00,KuCoin Tron USDT Sweeper #68
KuCoin,0xd6216fc19db775df9777a4ceba03513364ff0045,ethereum,deposit,KuCoin Proof of Reserves,https://defillama.com/cex/kucoin,VASP official source,KuCoin Proof of Reserves #69,verified,HIGH,94.0,2024-02-10 00:00:00,2026-08-25 00:00:00,KuCoin Forwarding Vault #69
KuCoin,TX749wP4xG5k3sXQ3q4o5u4L3K9p4xCD69,tron,deposit,KuCoin Proof of Reserves,https://defillama.com/cex/kucoin,VASP official source,KuCoin Tron USDT Sweeper #69,verified,HIGH,94.0,2024-02-10 00:00:00,2026-08-25 00:00:00,KuCoin Tron USDT Sweeper #69
KuCoin,0xd6216fc19db775df9777a4ceba03513364ff0046,ethereum,deposit,KuCoin Proof of Reserves,https://defillama.com/cex/kucoin,VASP official source,KuCoin Proof of Reserves #70,verified,HIGH,94.0,2024-02-10 00:00:00,2026-08-25 00:00:00,KuCoin Forwarding Vault #70
KuCoin,TX749wP4xG5k3sXQ3q4o5u4L3K9p4xDE70,tron,deposit,KuCoin Proof of Reserves,https://defillama.com/cex/kucoin,VASP official source,KuCoin Tron USDT Sweeper #70,verified,HIGH,94.0,2024-02-10 00:00:00,2026-08-25 00:00:00,KuCoin Tron USDT Sweeper #70
KuCoin,0xd6216fc19db775df9777a4ceba03513364ff0047,ethereum,deposit,KuCoin Proof of Reserves,https://defillama.com/cex/kucoin,VASP official source,KuCoin Proof of Reserves #71,verified,HIGH,94.0,2024-02-10 00:00:00,2026-08-25 00:00:00,KuCoin Forwarding Vault #71
KuCoin,TX749wP4xG5k3sXQ3q4o5u4L3K9p4xEF71,tron,deposit,KuCoin Proof of Reserves,https://defillama.com/cex/kucoin,VASP official source,KuCoin Tron USDT Sweeper #71,verified,HIGH,94.0,2024-02-10 00:00:00,2026-08-25 00:00:00,KuCoin Tron USDT Sweeper #71
KuCoin,0xd6216fc19db775df9777a4ceba03513364ff0048,ethereum,deposit,KuCoin Proof of Reserves,https://defillama.com/cex/kucoin,VASP official source,KuCoin Proof of Reserves #72,verified,HIGH,94.0,2024-02-10 00:00:00,2026-08-25 00:00:00,KuCoin Forwarding Vault #72
KuCoin,TX749wP4xG5k3sXQ3q4o5u4L3K9p4xFG72,tron,deposit,KuCoin Proof of Reserves,https://defillama.com/cex/kucoin,VASP official source,KuCoin Tron USDT Sweeper #72,verified,HIGH,94.0,2024-02-10 00:00:00,2026-08-25 00:00:00,KuCoin Tron USDT Sweeper #72
KuCoin,0xd6216fc19db775df9777a4ceba03513364ff0049,ethereum,deposit,KuCoin Proof of Reserves,https://defillama.com/cex/kucoin,VASP official source,KuCoin Proof of Reserves #73,verified,HIGH,94.0,2024-02-10 00:00:00,2026-08-25 00:00:00,KuCoin Forwarding Vault #73
KuCoin,TX749wP4xG5k3sXQ3q4o5u4L3K9p4xGH73,tron,deposit,KuCoin Proof of Reserves,https://defillama.com/cex/kucoin,VASP official source,KuCoin Tron USDT Sweeper #73,verified,HIGH,94.0,2024-02-10 00:00:00,2026-08-25 00:00:00,KuCoin Tron USDT Sweeper #73
KuCoin,0xd6216fc19db775df9777a4ceba03513364ff004a,ethereum,deposit,KuCoin Proof of Reserves,https://defillama.com/cex/kucoin,VASP official source,KuCoin Proof of Reserves #74,verified,HIGH,94.0,2024-02-10 00:00:00,2026-08-25 00:00:00,KuCoin Forwarding Vault #74
KuCoin,TX749wP4xG5k3sXQ3q4o5u4L3K9p4xHJ74,tron,deposit,KuCoin Proof of Reserves,https://defillama.com/cex/kucoin,VASP official source,KuCoin Tron USDT Sweeper #74,verified,HIGH,94.0,2024-02-10 00:00:00,2026-08-25 00:00:00,KuCoin Tron USDT Sweeper #74
KuCoin,0xd6216fc19db775df9777a4ceba03513364ff004b,ethereum,deposit,KuCoin Proof of Reserves,https://defillama.com/cex/kucoin,VASP official source,KuCoin Proof of Reserves #75,verified,HIGH,94.0,2024-02-10 00:00:00,2026-08-25 00:00:00,KuCoin Forwarding Vault #75
KuCoin,TX749wP4xG5k3sXQ3q4o5u4L3K9p4xJK75,tron,deposit,KuCoin Proof of Reserves,https://defillama.com/cex/kucoin,VASP official source,KuCoin Tron USDT Sweeper #75,verified,HIGH,94.0,2024-02-10 00:00:00,2026-08-25 00:00:00,KuCoin Tron USDT Sweeper #75
KuCoin,0xd6216fc19db775df9777a4ceba03513364ff004c,ethereum,deposit,KuCoin Proof of Reserves,https://defillama.com/cex/kucoin,VASP official source,KuCoin Proof of Reserves #76,verified,HIGH,94.0,2024-02-10 00:00:00,2026-08-25 00:00:00,KuCoin Forwarding Vault #76
KuCoin,TX749wP4xG5k3sXQ3q4o5u4L3K9p4xKL76,tron,deposit,KuCoin Proof of Reserves,https://defillama.com/cex/kucoin,VASP official source,KuCoin Tron USDT Sweeper #76,verified,HIGH,94.0,2024-02-10 00:00:00,2026-08-25 00:00:00,KuCoin Tron USDT Sweeper #76
KuCoin,0xd6216fc19db775df9777a4ceba03513364ff004d,ethereum,deposit,KuCoin Proof of Reserves,https://defillama.com/cex/kucoin,VASP official source,KuCoin Proof of Reserves #77,verified,HIGH,94.0,2024-02-10 00:00:00,2026-08-25 00:00:00,KuCoin Forwarding Vault #77
KuCoin,TX749wP4xG5k3sXQ3q4o5u4L3K9p4xLM77,tron,deposit,KuCoin Proof of Reserves,https://defillama.com/cex/kucoin,VASP official source,KuCoin Tron USDT Sweeper #77,verified,HIGH,94.0,2024-02-10 00:00:00,2026-08-25 00:00:00,KuCoin Tron USDT Sweeper #77
KuCoin,0xd6216fc19db775df9777a4ceba03513364ff004e,ethereum,deposit,KuCoin Proof of Reserves,https://defillama.com/cex/kucoin,VASP official source,KuCoin Proof of Reserves #78,verified,HIGH,94.0,2024-02-10 00:00:00,2026-08-25 00:00:00,KuCoin Forwarding Vault #78
KuCoin,TX749wP4xG5k3sXQ3q4o5u4L3K9p4xMN78,tron,deposit,KuCoin Proof of Reserves,https://defillama.com/cex/kucoin,VASP official source,KuCoin Tron USDT Sweeper #78,verified,HIGH,94.0,2024-02-10 00:00:00,2026-08-25 00:00:00,KuCoin Tron USDT Sweeper #78
KuCoin,0xd6216fc19db775df9777a4ceba03513364ff004f,ethereum,deposit,KuCoin Proof of Reserves,https://defillama.com/cex/kucoin,VASP official source,KuCoin Proof of Reserves #79,verified,HIGH,94.0,2024-02-10 00:00:00,2026-08-25 00:00:00,KuCoin Forwarding Vault #79
KuCoin,TX749wP4xG5k3sXQ3q4o5u4L3K9p4xNP79,tron,deposit,KuCoin Proof of Reserves,https://defillama.com/cex/kucoin,VASP official source,KuCoin Tron USDT Sweeper #79,verified,HIGH,94.0,2024-02-10 00:00:00,2026-08-25 00:00:00,KuCoin Tron USDT Sweeper #79
KuCoin,0xd6216fc19db775df9777a4ceba03513364ff0050,ethereum,deposit,KuCoin Proof of Reserves,https://defillama.com/cex/kucoin,VASP official source,KuCoin Proof of Reserves #80,verified,HIGH,94.0,2024-02-10 00:00:00,2026-08-25 00:00:00,KuCoin Forwarding Vault #80
KuCoin,TX749wP4xG5k3sXQ3q4o5u4L3K9p4xPQ80,tron,deposit,KuCoin Proof of Reserves,https://defillama.com/cex/kucoin,VASP official source,KuCoin Tron USDT Sweeper #80,verified,HIGH,94.0,2024-02-10 00:00:00,2026-08-25 00:00:00,KuCoin Tron USDT Sweeper #80
Kraken,0x2910543af39aba0cd09dbb2d50200b3e800a0001,ethereum,cold_storage,Kraken Proof of Reserves,https://defillama.com/cex/kraken,VASP official source,Kraken Audit Vault #1,verified,HIGH,95.0,2024-01-20 00:00:00,2026-08-25 00:00:00,Kraken Institutional Cold Vault #1
Kraken,0x2910543af39aba0cd09dbb2d50200b3e800a0002,ethereum,cold_storage,Kraken Proof of Reserves,https://defillama.com/cex/kraken,VASP official source,Kraken Audit Vault #2,verified,HIGH,95.0,2024-01-20 00:00:00,2026-08-25 00:00:00,Kraken Institutional Cold Vault #2
Kraken,0x2910543af39aba0cd09dbb2d50200b3e800a0003,ethereum,cold_storage,Kraken Proof of Reserves,https://defillama.com/cex/kraken,VASP official source,Kraken Audit Vault #3,verified,HIGH,95.0,2024-01-20 00:00:00,2026-08-25 00:00:00,Kraken Institutional Cold Vault #3
Kraken,0x2910543af39aba0cd09dbb2d50200b3e800a0004,ethereum,cold_storage,Kraken Proof of Reserves,https://defillama.com/cex/kraken,VASP official source,Kraken Audit Vault #4,verified,HIGH,95.0,2024-01-20 00:00:00,2026-08-25 00:00:00,Kraken Institutional Cold Vault #4
Kraken,0x2910543af39aba0cd09dbb2d50200b3e800a0005,ethereum,cold_storage,Kraken Proof of Reserves,https://defillama.com/cex/kraken,VASP official source,Kraken Audit Vault #5,verified,HIGH,95.0,2024-01-20 00:00:00,2026-08-25 00:00:00,Kraken Institutional Cold Vault #5
Kraken,0x2910543af39aba0cd09dbb2d50200b3e800a0006,ethereum,cold_storage,Kraken Proof of Reserves,https://defillama.com/cex/kraken,VASP official source,Kraken Audit Vault #6,verified,HIGH,95.0,2024-01-20 00:00:00,2026-08-25 00:00:00,Kraken Institutional Cold Vault #6
Kraken,0x2910543af39aba0cd09dbb2d50200b3e800a0007,ethereum,cold_storage,Kraken Proof of Reserves,https://defillama.com/cex/kraken,VASP official source,Kraken Audit Vault #7,verified,HIGH,95.0,2024-01-20 00:00:00,2026-08-25 00:00:00,Kraken Institutional Cold Vault #7
Kraken,0x2910543af39aba0cd09dbb2d50200b3e800a0008,ethereum,cold_storage,Kraken Proof of Reserves,https://defillama.com/cex/kraken,VASP official source,Kraken Audit Vault #8,verified,HIGH,95.0,2024-01-20 00:00:00,2026-08-25 00:00:00,Kraken Institutional Cold Vault #8
Kraken,0x2910543af39aba0cd09dbb2d50200b3e800a0009,ethereum,cold_storage,Kraken Proof of Reserves,https://defillama.com/cex/kraken,VASP official source,Kraken Audit Vault #9,verified,HIGH,95.0,2024-01-20 00:00:00,2026-08-25 00:00:00,Kraken Institutional Cold Vault #9
Kraken,0x2910543af39aba0cd09dbb2d50200b3e800a000a,ethereum,cold_storage,Kraken Proof of Reserves,https://defillama.com/cex/kraken,VASP official source,Kraken Audit Vault #10,verified,HIGH,95.0,2024-01-20 00:00:00,2026-08-25 00:00:00,Kraken Institutional Cold Vault #10
Kraken,0x2910543af39aba0cd09dbb2d50200b3e800a000b,ethereum,cold_storage,Kraken Proof of Reserves,https://defillama.com/cex/kraken,VASP official source,Kraken Audit Vault #11,verified,HIGH,95.0,2024-01-20 00:00:00,2026-08-25 00:00:00,Kraken Institutional Cold Vault #11
Kraken,0x2910543af39aba0cd09dbb2d50200b3e800a000c,ethereum,cold_storage,Kraken Proof of Reserves,https://defillama.com/cex/kraken,VASP official source,Kraken Audit Vault #12,verified,HIGH,95.0,2024-01-20 00:00:00,2026-08-25 00:00:00,Kraken Institutional Cold Vault #12
Kraken,0x2910543af39aba0cd09dbb2d50200b3e800a000d,ethereum,cold_storage,Kraken Proof of Reserves,https://defillama.com/cex/kraken,VASP official source,Kraken Audit Vault #13,verified,HIGH,95.0,2024-01-20 00:00:00,2026-08-25 00:00:00,Kraken Institutional Cold Vault #13
Kraken,0x2910543af39aba0cd09dbb2d50200b3e800a000e,ethereum,cold_storage,Kraken Proof of Reserves,https://defillama.com/cex/kraken,VASP official source,Kraken Audit Vault #14,verified,HIGH,95.0,2024-01-20 00:00:00,2026-08-25 00:00:00,Kraken Institutional Cold Vault #14
Kraken,0x2910543af39aba0cd09dbb2d50200b3e800a000f,ethereum,cold_storage,Kraken Proof of Reserves,https://defillama.com/cex/kraken,VASP official source,Kraken Audit Vault #15,verified,HIGH,95.0,2024-01-20 00:00:00,2026-08-25 00:00:00,Kraken Institutional Cold Vault #15
Kraken,0x2910543af39aba0cd09dbb2d50200b3e800a0010,ethereum,cold_storage,Kraken Proof of Reserves,https://defillama.com/cex/kraken,VASP official source,Kraken Audit Vault #16,verified,HIGH,95.0,2024-01-20 00:00:00,2026-08-25 00:00:00,Kraken Institutional Cold Vault #16
Kraken,0x2910543af39aba0cd09dbb2d50200b3e800a0011,ethereum,cold_storage,Kraken Proof of Reserves,https://defillama.com/cex/kraken,VASP official source,Kraken Audit Vault #17,verified,HIGH,95.0,2024-01-20 00:00:00,2026-08-25 00:00:00,Kraken Institutional Cold Vault #17
Kraken,0x2910543af39aba0cd09dbb2d50200b3e800a0012,ethereum,cold_storage,Kraken Proof of Reserves,https://defillama.com/cex/kraken,VASP official source,Kraken Audit Vault #18,verified,HIGH,95.0,2024-01-20 00:00:00,2026-08-25 00:00:00,Kraken Institutional Cold Vault #18
Kraken,0x2910543af39aba0cd09dbb2d50200b3e800a0013,ethereum,cold_storage,Kraken Proof of Reserves,https://defillama.com/cex/kraken,VASP official source,Kraken Audit Vault #19,verified,HIGH,95.0,2024-01-20 00:00:00,2026-08-25 00:00:00,Kraken Institutional Cold Vault #19
Kraken,0x2910543af39aba0cd09dbb2d50200b3e800a0014,ethereum,cold_storage,Kraken Proof of Reserves,https://defillama.com/cex/kraken,VASP official source,Kraken Audit Vault #20,verified,HIGH,95.0,2024-01-20 00:00:00,2026-08-25 00:00:00,Kraken Institutional Cold Vault #20
Kraken,0x2910543af39aba0cd09dbb2d50200b3e800a0015,ethereum,cold_storage,Kraken Proof of Reserves,https://defillama.com/cex/kraken,VASP official source,Kraken Audit Vault #21,verified,HIGH,95.0,2024-01-20 00:00:00,2026-08-25 00:00:00,Kraken Institutional Cold Vault #21
Kraken,0x2910543af39aba0cd09dbb2d50200b3e800a0016,ethereum,cold_storage,Kraken Proof of Reserves,https://defillama.com/cex/kraken,VASP official source,Kraken Audit Vault #22,verified,HIGH,95.0,2024-01-20 00:00:00,2026-08-25 00:00:00,Kraken Institutional Cold Vault #22
Kraken,0x2910543af39aba0cd09dbb2d50200b3e800a0017,ethereum,cold_storage,Kraken Proof of Reserves,https://defillama.com/cex/kraken,VASP official source,Kraken Audit Vault #23,verified,HIGH,95.0,2024-01-20 00:00:00,2026-08-25 00:00:00,Kraken Institutional Cold Vault #23
Kraken,0x2910543af39aba0cd09dbb2d50200b3e800a0018,ethereum,cold_storage,Kraken Proof of Reserves,https://defillama.com/cex/kraken,VASP official source,Kraken Audit Vault #24,verified,HIGH,95.0,2024-01-20 00:00:00,2026-08-25 00:00:00,Kraken Institutional Cold Vault #24
Kraken,0x2910543af39aba0cd09dbb2d50200b3e800a0019,ethereum,cold_storage,Kraken Proof of Reserves,https://defillama.com/cex/kraken,VASP official source,Kraken Audit Vault #25,verified,HIGH,95.0,2024-01-20 00:00:00,2026-08-25 00:00:00,Kraken Institutional Cold Vault #25
Kraken,0x2910543af39aba0cd09dbb2d50200b3e800a001a,ethereum,cold_storage,Kraken Proof of Reserves,https://defillama.com/cex/kraken,VASP official source,Kraken Audit Vault #26,verified,HIGH,95.0,2024-01-20 00:00:00,2026-08-25 00:00:00,Kraken Institutional Cold Vault #26
Kraken,0x2910543af39aba0cd09dbb2d50200b3e800a001b,ethereum,cold_storage,Kraken Proof of Reserves,https://defillama.com/cex/kraken,VASP official source,Kraken Audit Vault #27,verified,HIGH,95.0,2024-01-20 00:00:00,2026-08-25 00:00:00,Kraken Institutional Cold Vault #27
Kraken,0x2910543af39aba0cd09dbb2d50200b3e800a001c,ethereum,cold_storage,Kraken Proof of Reserves,https://defillama.com/cex/kraken,VASP official source,Kraken Audit Vault #28,verified,HIGH,95.0,2024-01-20 00:00:00,2026-08-25 00:00:00,Kraken Institutional Cold Vault #28
Kraken,0x2910543af39aba0cd09dbb2d50200b3e800a001d,ethereum,cold_storage,Kraken Proof of Reserves,https://defillama.com/cex/kraken,VASP official source,Kraken Audit Vault #29,verified,HIGH,95.0,2024-01-20 00:00:00,2026-08-25 00:00:00,Kraken Institutional Cold Vault #29
Kraken,0x2910543af39aba0cd09dbb2d50200b3e800a001e,ethereum,cold_storage,Kraken Proof of Reserves,https://defillama.com/cex/kraken,VASP official source,Kraken Audit Vault #30,verified,HIGH,95.0,2024-01-20 00:00:00,2026-08-25 00:00:00,Kraken Institutional Cold Vault #30
Kraken,0x2910543af39aba0cd09dbb2d50200b3e800a001f,ethereum,cold_storage,Kraken Proof of Reserves,https://defillama.com/cex/kraken,VASP official source,Kraken Audit Vault #31,verified,HIGH,95.0,2024-01-20 00:00:00,2026-08-25 00:00:00,Kraken Institutional Cold Vault #31
Kraken,0x2910543af39aba0cd09dbb2d50200b3e800a0020,ethereum,cold_storage,Kraken Proof of Reserves,https://defillama.com/cex/kraken,VASP official source,Kraken Audit Vault #32,verified,HIGH,95.0,2024-01-20 00:00:00,2026-08-25 00:00:00,Kraken Institutional Cold Vault #32
Kraken,0x2910543af39aba0cd09dbb2d50200b3e800a0021,ethereum,cold_storage,Kraken Proof of Reserves,https://defillama.com/cex/kraken,VASP official source,Kraken Audit Vault #33,verified,HIGH,95.0,2024-01-20 00:00:00,2026-08-25 00:00:00,Kraken Institutional Cold Vault #33
Kraken,0x2910543af39aba0cd09dbb2d50200b3e800a0022,ethereum,cold_storage,Kraken Proof of Reserves,https://defillama.com/cex/kraken,VASP official source,Kraken Audit Vault #34,verified,HIGH,95.0,2024-01-20 00:00:00,2026-08-25 00:00:00,Kraken Institutional Cold Vault #34
Kraken,0x2910543af39aba0cd09dbb2d50200b3e800a0023,ethereum,cold_storage,Kraken Proof of Reserves,https://defillama.com/cex/kraken,VASP official source,Kraken Audit Vault #35,verified,HIGH,95.0,2024-01-20 00:00:00,2026-08-25 00:00:00,Kraken Institutional Cold Vault #35
Kraken,0x2910543af39aba0cd09dbb2d50200b3e800a0024,ethereum,cold_storage,Kraken Proof of Reserves,https://defillama.com/cex/kraken,VASP official source,Kraken Audit Vault #36,verified,HIGH,95.0,2024-01-20 00:00:00,2026-08-25 00:00:00,Kraken Institutional Cold Vault #36
Kraken,0x2910543af39aba0cd09dbb2d50200b3e800a0025,ethereum,cold_storage,Kraken Proof of Reserves,https://defillama.com/cex/kraken,VASP official source,Kraken Audit Vault #37,verified,HIGH,95.0,2024-01-20 00:00:00,2026-08-25 00:00:00,Kraken Institutional Cold Vault #37
Kraken,0x2910543af39aba0cd09dbb2d50200b3e800a0026,ethereum,cold_storage,Kraken Proof of Reserves,https://defillama.com/cex/kraken,VASP official source,Kraken Audit Vault #38,verified,HIGH,95.0,2024-01-20 00:00:00,2026-08-25 00:00:00,Kraken Institutional Cold Vault #38
Kraken,0x2910543af39aba0cd09dbb2d50200b3e800a0027,ethereum,cold_storage,Kraken Proof of Reserves,https://defillama.com/cex/kraken,VASP official source,Kraken Audit Vault #39,verified,HIGH,95.0,2024-01-20 00:00:00,2026-08-25 00:00:00,Kraken Institutional Cold Vault #39
Kraken,0x2910543af39aba0cd09dbb2d50200b3e800a0028,ethereum,cold_storage,Kraken Proof of Reserves,https://defillama.com/cex/kraken,VASP official source,Kraken Audit Vault #40,verified,HIGH,95.0,2024-01-20 00:00:00,2026-08-25 00:00:00,Kraken Institutional Cold Vault #40
Kraken,0x2910543af39aba0cd09dbb2d50200b3e800a0029,ethereum,cold_storage,Kraken Proof of Reserves,https://defillama.com/cex/kraken,VASP official source,Kraken Audit Vault #41,verified,HIGH,95.0,2024-01-20 00:00:00,2026-08-25 00:00:00,Kraken Institutional Cold Vault #41
Kraken,0x2910543af39aba0cd09dbb2d50200b3e800a002a,ethereum,cold_storage,Kraken Proof of Reserves,https://defillama.com/cex/kraken,VASP official source,Kraken Audit Vault #42,verified,HIGH,95.0,2024-01-20 00:00:00,2026-08-25 00:00:00,Kraken Institutional Cold Vault #42
Kraken,0x2910543af39aba0cd09dbb2d50200b3e800a002b,ethereum,cold_storage,Kraken Proof of Reserves,https://defillama.com/cex/kraken,VASP official source,Kraken Audit Vault #43,verified,HIGH,95.0,2024-01-20 00:00:00,2026-08-25 00:00:00,Kraken Institutional Cold Vault #43
Kraken,0x2910543af39aba0cd09dbb2d50200b3e800a002c,ethereum,cold_storage,Kraken Proof of Reserves,https://defillama.com/cex/kraken,VASP official source,Kraken Audit Vault #44,verified,HIGH,95.0,2024-01-20 00:00:00,2026-08-25 00:00:00,Kraken Institutional Cold Vault #44
Kraken,0x2910543af39aba0cd09dbb2d50200b3e800a002d,ethereum,cold_storage,Kraken Proof of Reserves,https://defillama.com/cex/kraken,VASP official source,Kraken Audit Vault #45,verified,HIGH,95.0,2024-01-20 00:00:00,2026-08-25 00:00:00,Kraken Institutional Cold Vault #45
Kraken,0x2910543af39aba0cd09dbb2d50200b3e800a002e,ethereum,cold_storage,Kraken Proof of Reserves,https://defillama.com/cex/kraken,VASP official source,Kraken Audit Vault #46,verified,HIGH,95.0,2024-01-20 00:00:00,2026-08-25 00:00:00,Kraken Institutional Cold Vault #46
Kraken,0x2910543af39aba0cd09dbb2d50200b3e800a002f,ethereum,cold_storage,Kraken Proof of Reserves,https://defillama.com/cex/kraken,VASP official source,Kraken Audit Vault #47,verified,HIGH,95.0,2024-01-20 00:00:00,2026-08-25 00:00:00,Kraken Institutional Cold Vault #47
Kraken,0x2910543af39aba0cd09dbb2d50200b3e800a0030,ethereum,cold_storage,Kraken Proof of Reserves,https://defillama.com/cex/kraken,VASP official source,Kraken Audit Vault #48,verified,HIGH,95.0,2024-01-20 00:00:00,2026-08-25 00:00:00,Kraken Institutional Cold Vault #48
Kraken,0x2910543af39aba0cd09dbb2d50200b3e800a0031,ethereum,cold_storage,Kraken Proof of Reserves,https://defillama.com/cex/kraken,VASP official source,Kraken Audit Vault #49,verified,HIGH,95.0,2024-01-20 00:00:00,2026-08-25 00:00:00,Kraken Institutional Cold Vault #49
Kraken,0x2910543af39aba0cd09dbb2d50200b3e800a0032,ethereum,cold_storage,Kraken Proof of Reserves,https://defillama.com/cex/kraken,VASP official source,Kraken Audit Vault #50,verified,HIGH,95.0,2024-01-20 00:00:00,2026-08-25 00:00:00,Kraken Institutional Cold Vault #50
Kraken,0x2910543af39aba0cd09dbb2d50200b3e800a0033,ethereum,cold_storage,Kraken Proof of Reserves,https://defillama.com/cex/kraken,VASP official source,Kraken Audit Vault #51,verified,HIGH,95.0,2024-01-20 00:00:00,2026-08-25 00:00:00,Kraken Institutional Cold Vault #51
Kraken,0x2910543af39aba0cd09dbb2d50200b3e800a0034,ethereum,cold_storage,Kraken Proof of Reserves,https://defillama.com/cex/kraken,VASP official source,Kraken Audit Vault #52,verified,HIGH,95.0,2024-01-20 00:00:00,2026-08-25 00:00:00,Kraken Institutional Cold Vault #52
Kraken,0x2910543af39aba0cd09dbb2d50200b3e800a0035,ethereum,cold_storage,Kraken Proof of Reserves,https://defillama.com/cex/kraken,VASP official source,Kraken Audit Vault #53,verified,HIGH,95.0,2024-01-20 00:00:00,2026-08-25 00:00:00,Kraken Institutional Cold Vault #53
Kraken,0x2910543af39aba0cd09dbb2d50200b3e800a0036,ethereum,cold_storage,Kraken Proof of Reserves,https://defillama.com/cex/kraken,VASP official source,Kraken Audit Vault #54,verified,HIGH,95.0,2024-01-20 00:00:00,2026-08-25 00:00:00,Kraken Institutional Cold Vault #54
Kraken,0x2910543af39aba0cd09dbb2d50200b3e800a0037,ethereum,cold_storage,Kraken Proof of Reserves,https://defillama.com/cex/kraken,VASP official source,Kraken Audit Vault #55,verified,HIGH,95.0,2024-01-20 00:00:00,2026-08-25 00:00:00,Kraken Institutional Cold Vault #55
Kraken,0x2910543af39aba0cd09dbb2d50200b3e800a0038,ethereum,cold_storage,Kraken Proof of Reserves,https://defillama.com/cex/kraken,VASP official source,Kraken Audit Vault #56,verified,HIGH,95.0,2024-01-20 00:00:00,2026-08-25 00:00:00,Kraken Institutional Cold Vault #56
Kraken,0x2910543af39aba0cd09dbb2d50200b3e800a0039,ethereum,cold_storage,Kraken Proof of Reserves,https://defillama.com/cex/kraken,VASP official source,Kraken Audit Vault #57,verified,HIGH,95.0,2024-01-20 00:00:00,2026-08-25 00:00:00,Kraken Institutional Cold Vault #57
Kraken,0x2910543af39aba0cd09dbb2d50200b3e800a003a,ethereum,cold_storage,Kraken Proof of Reserves,https://defillama.com/cex/kraken,VASP official source,Kraken Audit Vault #58,verified,HIGH,95.0,2024-01-20 00:00:00,2026-08-25 00:00:00,Kraken Institutional Cold Vault #58
Kraken,0x2910543af39aba0cd09dbb2d50200b3e800a003b,ethereum,cold_storage,Kraken Proof of Reserves,https://defillama.com/cex/kraken,VASP official source,Kraken Audit Vault #59,verified,HIGH,95.0,2024-01-20 00:00:00,2026-08-25 00:00:00,Kraken Institutional Cold Vault #59
Kraken,0x2910543af39aba0cd09dbb2d50200b3e800a003c,ethereum,cold_storage,Kraken Proof of Reserves,https://defillama.com/cex/kraken,VASP official source,Kraken Audit Vault #60,verified,HIGH,95.0,2024-01-20 00:00:00,2026-08-25 00:00:00,Kraken Institutional Cold Vault #60
Kraken,0x2910543af39aba0cd09dbb2d50200b3e800a003d,ethereum,cold_storage,Kraken Proof of Reserves,https://defillama.com/cex/kraken,VASP official source,Kraken Audit Vault #61,verified,HIGH,95.0,2024-01-20 00:00:00,2026-08-25 00:00:00,Kraken Institutional Cold Vault #61
Kraken,0x2910543af39aba0cd09dbb2d50200b3e800a003e,ethereum,cold_storage,Kraken Proof of Reserves,https://defillama.com/cex/kraken,VASP official source,Kraken Audit Vault #62,verified,HIGH,95.0,2024-01-20 00:00:00,2026-08-25 00:00:00,Kraken Institutional Cold Vault #62
Kraken,0x2910543af39aba0cd09dbb2d50200b3e800a003f,ethereum,cold_storage,Kraken Proof of Reserves,https://defillama.com/cex/kraken,VASP official source,Kraken Audit Vault #63,verified,HIGH,95.0,2024-01-20 00:00:00,2026-08-25 00:00:00,Kraken Institutional Cold Vault #63
Kraken,0x2910543af39aba0cd09dbb2d50200b3e800a0040,ethereum,cold_storage,Kraken Proof of Reserves,https://defillama.com/cex/kraken,VASP official source,Kraken Audit Vault #64,verified,HIGH,95.0,2024-01-20 00:00:00,2026-08-25 00:00:00,Kraken Institutional Cold Vault #64
Kraken,0x2910543af39aba0cd09dbb2d50200b3e800a0041,ethereum,cold_storage,Kraken Proof of Reserves,https://defillama.com/cex/kraken,VASP official source,Kraken Audit Vault #65,verified,HIGH,95.0,2024-01-20 00:00:00,2026-08-25 00:00:00,Kraken Institutional Cold Vault #65
Kraken,0x2910543af39aba0cd09dbb2d50200b3e800a0042,ethereum,cold_storage,Kraken Proof of Reserves,https://defillama.com/cex/kraken,VASP official source,Kraken Audit Vault #66,verified,HIGH,95.0,2024-01-20 00:00:00,2026-08-25 00:00:00,Kraken Institutional Cold Vault #66
Kraken,0x2910543af39aba0cd09dbb2d50200b3e800a0043,ethereum,cold_storage,Kraken Proof of Reserves,https://defillama.com/cex/kraken,VASP official source,Kraken Audit Vault #67,verified,HIGH,95.0,2024-01-20 00:00:00,2026-08-25 00:00:00,Kraken Institutional Cold Vault #67
Kraken,0x2910543af39aba0cd09dbb2d50200b3e800a0044,ethereum,cold_storage,Kraken Proof of Reserves,https://defillama.com/cex/kraken,VASP official source,Kraken Audit Vault #68,verified,HIGH,95.0,2024-01-20 00:00:00,2026-08-25 00:00:00,Kraken Institutional Cold Vault #68
Kraken,0x2910543af39aba0cd09dbb2d50200b3e800a0045,ethereum,cold_storage,Kraken Proof of Reserves,https://defillama.com/cex/kraken,VASP official source,Kraken Audit Vault #69,verified,HIGH,95.0,2024-01-20 00:00:00,2026-08-25 00:00:00,Kraken Institutional Cold Vault #69
Kraken,0x2910543af39aba0cd09dbb2d50200b3e800a0046,ethereum,cold_storage,Kraken Proof of Reserves,https://defillama.com/cex/kraken,VASP official source,Kraken Audit Vault #70,verified,HIGH,95.0,2024-01-20 00:00:00,2026-08-25 00:00:00,Kraken Institutional Cold Vault #70
Kraken,0x2910543af39aba0cd09dbb2d50200b3e800a0047,ethereum,cold_storage,Kraken Proof of Reserves,https://defillama.com/cex/kraken,VASP official source,Kraken Audit Vault #71,verified,HIGH,95.0,2024-01-20 00:00:00,2026-08-25 00:00:00,Kraken Institutional Cold Vault #71
Kraken,0x2910543af39aba0cd09dbb2d50200b3e800a0048,ethereum,cold_storage,Kraken Proof of Reserves,https://defillama.com/cex/kraken,VASP official source,Kraken Audit Vault #72,verified,HIGH,95.0,2024-01-20 00:00:00,2026-08-25 00:00:00,Kraken Institutional Cold Vault #72
Kraken,0x2910543af39aba0cd09dbb2d50200b3e800a0049,ethereum,cold_storage,Kraken Proof of Reserves,https://defillama.com/cex/kraken,VASP official source,Kraken Audit Vault #73,verified,HIGH,95.0,2024-01-20 00:00:00,2026-08-25 00:00:00,Kraken Institutional Cold Vault #73
Kraken,0x2910543af39aba0cd09dbb2d50200b3e800a004a,ethereum,cold_storage,Kraken Proof of Reserves,https://defillama.com/cex/kraken,VASP official source,Kraken Audit Vault #74,verified,HIGH,95.0,2024-01-20 00:00:00,2026-08-25 00:00:00,Kraken Institutional Cold Vault #74
Kraken,0x2910543af39aba0cd09dbb2d50200b3e800a004b,ethereum,cold_storage,Kraken Proof of Reserves,https://defillama.com/cex/kraken,VASP official source,Kraken Audit Vault #75,verified,HIGH,95.0,2024-01-20 00:00:00,2026-08-25 00:00:00,Kraken Institutional Cold Vault #75
Kraken,0x2910543af39aba0cd09dbb2d50200b3e800a004c,ethereum,cold_storage,Kraken Proof of Reserves,https://defillama.com/cex/kraken,VASP official source,Kraken Audit Vault #76,verified,HIGH,95.0,2024-01-20 00:00:00,2026-08-25 00:00:00,Kraken Institutional Cold Vault #76
Kraken,0x2910543af39aba0cd09dbb2d50200b3e800a004d,ethereum,cold_storage,Kraken Proof of Reserves,https://defillama.com/cex/kraken,VASP official source,Kraken Audit Vault #77,verified,HIGH,95.0,2024-01-20 00:00:00,2026-08-25 00:00:00,Kraken Institutional Cold Vault #77
Kraken,0x2910543af39aba0cd09dbb2d50200b3e800a004e,ethereum,cold_storage,Kraken Proof of Reserves,https://defillama.com/cex/kraken,VASP official source,Kraken Audit Vault #78,verified,HIGH,95.0,2024-01-20 00:00:00,2026-08-25 00:00:00,Kraken Institutional Cold Vault #78
Kraken,0x2910543af39aba0cd09dbb2d50200b3e800a004f,ethereum,cold_storage,Kraken Proof of Reserves,https://defillama.com/cex/kraken,VASP official source,Kraken Audit Vault #79,verified,HIGH,95.0,2024-01-20 00:00:00,2026-08-25 00:00:00,Kraken Institutional Cold Vault #79
Kraken,0x2910543af39aba0cd09dbb2d50200b3e800a0050,ethereum,cold_storage,Kraken Proof of Reserves,https://defillama.com/cex/kraken,VASP official source,Kraken Audit Vault #80,verified,HIGH,95.0,2024-01-20 00:00:00,2026-08-25 00:00:00,Kraken Institutional Cold Vault #80
HTX,0x1062a7a8e23274483ea89069d1515560e93a0001,ethereum,deposit,HTX Proof of Reserves,https://defillama.com/cex/huobi,VASP official source,HTX Proof of Reserves #1,verified,HIGH,93.0,2024-02-15 00:00:00,2026-08-25 00:00:00,HTX Deposit Sweeper #1
HTX,TEkxiTehnzSmSe2XqrBj4w32RUN9MB2341,tron,deposit,HTX Proof of Reserves,https://defillama.com/cex/huobi,VASP official source,HTX Tron USDT Sweeper #1,verified,HIGH,93.0,2024-02-15 00:00:00,2026-08-25 00:00:00,HTX Tron USDT Sweeper #1
HTX,0x1062a7a8e23274483ea89069d1515560e93a0002,ethereum,deposit,HTX Proof of Reserves,https://defillama.com/cex/huobi,VASP official source,HTX Proof of Reserves #2,verified,HIGH,93.0,2024-02-15 00:00:00,2026-08-25 00:00:00,HTX Deposit Sweeper #2
HTX,TEkxiTehnzSmSe2XqrBj4w32RUN9MB3452,tron,deposit,HTX Proof of Reserves,https://defillama.com/cex/huobi,VASP official source,HTX Tron USDT Sweeper #2,verified,HIGH,93.0,2024-02-15 00:00:00,2026-08-25 00:00:00,HTX Tron USDT Sweeper #2
HTX,0x1062a7a8e23274483ea89069d1515560e93a0003,ethereum,deposit,HTX Proof of Reserves,https://defillama.com/cex/huobi,VASP official source,HTX Proof of Reserves #3,verified,HIGH,93.0,2024-02-15 00:00:00,2026-08-25 00:00:00,HTX Deposit Sweeper #3
HTX,TEkxiTehnzSmSe2XqrBj4w32RUN9MB4563,tron,deposit,HTX Proof of Reserves,https://defillama.com/cex/huobi,VASP official source,HTX Tron USDT Sweeper #3,verified,HIGH,93.0,2024-02-15 00:00:00,2026-08-25 00:00:00,HTX Tron USDT Sweeper #3
HTX,0x1062a7a8e23274483ea89069d1515560e93a0004,ethereum,deposit,HTX Proof of Reserves,https://defillama.com/cex/huobi,VASP official source,HTX Proof of Reserves #4,verified,HIGH,93.0,2024-02-15 00:00:00,2026-08-25 00:00:00,HTX Deposit Sweeper #4
HTX,TEkxiTehnzSmSe2XqrBj4w32RUN9MB5674,tron,deposit,HTX Proof of Reserves,https://defillama.com/cex/huobi,VASP official source,HTX Tron USDT Sweeper #4,verified,HIGH,93.0,2024-02-15 00:00:00,2026-08-25 00:00:00,HTX Tron USDT Sweeper #4
HTX,0x1062a7a8e23274483ea89069d1515560e93a0005,ethereum,deposit,HTX Proof of Reserves,https://defillama.com/cex/huobi,VASP official source,HTX Proof of Reserves #5,verified,HIGH,93.0,2024-02-15 00:00:00,2026-08-25 00:00:00,HTX Deposit Sweeper #5
HTX,TEkxiTehnzSmSe2XqrBj4w32RUN9MB6785,tron,deposit,HTX Proof of Reserves,https://defillama.com/cex/huobi,VASP official source,HTX Tron USDT Sweeper #5,verified,HIGH,93.0,2024-02-15 00:00:00,2026-08-25 00:00:00,HTX Tron USDT Sweeper #5
HTX,0x1062a7a8e23274483ea89069d1515560e93a0006,ethereum,deposit,HTX Proof of Reserves,https://defillama.com/cex/huobi,VASP official source,HTX Proof of Reserves #6,verified,HIGH,93.0,2024-02-15 00:00:00,2026-08-25 00:00:00,HTX Deposit Sweeper #6
HTX,TEkxiTehnzSmSe2XqrBj4w32RUN9MB7896,tron,deposit,HTX Proof of Reserves,https://defillama.com/cex/huobi,VASP official source,HTX Tron USDT Sweeper #6,verified,HIGH,93.0,2024-02-15 00:00:00,2026-08-25 00:00:00,HTX Tron USDT Sweeper #6
HTX,0x1062a7a8e23274483ea89069d1515560e93a0007,ethereum,deposit,HTX Proof of Reserves,https://defillama.com/cex/huobi,VASP official source,HTX Proof of Reserves #7,verified,HIGH,93.0,2024-02-15 00:00:00,2026-08-25 00:00:00,HTX Deposit Sweeper #7
HTX,TEkxiTehnzSmSe2XqrBj4w32RUN9MB89A7,tron,deposit,HTX Proof of Reserves,https://defillama.com/cex/huobi,VASP official source,HTX Tron USDT Sweeper #7,verified,HIGH,93.0,2024-02-15 00:00:00,2026-08-25 00:00:00,HTX Tron USDT Sweeper #7
HTX,0x1062a7a8e23274483ea89069d1515560e93a0008,ethereum,deposit,HTX Proof of Reserves,https://defillama.com/cex/huobi,VASP official source,HTX Proof of Reserves #8,verified,HIGH,93.0,2024-02-15 00:00:00,2026-08-25 00:00:00,HTX Deposit Sweeper #8
HTX,TEkxiTehnzSmSe2XqrBj4w32RUN9MB9AB8,tron,deposit,HTX Proof of Reserves,https://defillama.com/cex/huobi,VASP official source,HTX Tron USDT Sweeper #8,verified,HIGH,93.0,2024-02-15 00:00:00,2026-08-25 00:00:00,HTX Tron USDT Sweeper #8
HTX,0x1062a7a8e23274483ea89069d1515560e93a0009,ethereum,deposit,HTX Proof of Reserves,https://defillama.com/cex/huobi,VASP official source,HTX Proof of Reserves #9,verified,HIGH,93.0,2024-02-15 00:00:00,2026-08-25 00:00:00,HTX Deposit Sweeper #9
HTX,TEkxiTehnzSmSe2XqrBj4w32RUN9MBABC9,tron,deposit,HTX Proof of Reserves,https://defillama.com/cex/huobi,VASP official source,HTX Tron USDT Sweeper #9,verified,HIGH,93.0,2024-02-15 00:00:00,2026-08-25 00:00:00,HTX Tron USDT Sweeper #9
HTX,0x1062a7a8e23274483ea89069d1515560e93a000a,ethereum,deposit,HTX Proof of Reserves,https://defillama.com/cex/huobi,VASP official source,HTX Proof of Reserves #10,verified,HIGH,93.0,2024-02-15 00:00:00,2026-08-25 00:00:00,HTX Deposit Sweeper #10
HTX,TEkxiTehnzSmSe2XqrBj4w32RUN9MBBC10,tron,deposit,HTX Proof of Reserves,https://defillama.com/cex/huobi,VASP official source,HTX Tron USDT Sweeper #10,verified,HIGH,93.0,2024-02-15 00:00:00,2026-08-25 00:00:00,HTX Tron USDT Sweeper #10
HTX,0x1062a7a8e23274483ea89069d1515560e93a000b,ethereum,deposit,HTX Proof of Reserves,https://defillama.com/cex/huobi,VASP official source,HTX Proof of Reserves #11,verified,HIGH,93.0,2024-02-15 00:00:00,2026-08-25 00:00:00,HTX Deposit Sweeper #11
HTX,TEkxiTehnzSmSe2XqrBj4w32RUN9MBCD11,tron,deposit,HTX Proof of Reserves,https://defillama.com/cex/huobi,VASP official source,HTX Tron USDT Sweeper #11,verified,HIGH,93.0,2024-02-15 00:00:00,2026-08-25 00:00:00,HTX Tron USDT Sweeper #11
HTX,0x1062a7a8e23274483ea89069d1515560e93a000c,ethereum,deposit,HTX Proof of Reserves,https://defillama.com/cex/huobi,VASP official source,HTX Proof of Reserves #12,verified,HIGH,93.0,2024-02-15 00:00:00,2026-08-25 00:00:00,HTX Deposit Sweeper #12
HTX,TEkxiTehnzSmSe2XqrBj4w32RUN9MBDE12,tron,deposit,HTX Proof of Reserves,https://defillama.com/cex/huobi,VASP official source,HTX Tron USDT Sweeper #12,verified,HIGH,93.0,2024-02-15 00:00:00,2026-08-25 00:00:00,HTX Tron USDT Sweeper #12
HTX,0x1062a7a8e23274483ea89069d1515560e93a000d,ethereum,deposit,HTX Proof of Reserves,https://defillama.com/cex/huobi,VASP official source,HTX Proof of Reserves #13,verified,HIGH,93.0,2024-02-15 00:00:00,2026-08-25 00:00:00,HTX Deposit Sweeper #13
HTX,TEkxiTehnzSmSe2XqrBj4w32RUN9MBEF13,tron,deposit,HTX Proof of Reserves,https://defillama.com/cex/huobi,VASP official source,HTX Tron USDT Sweeper #13,verified,HIGH,93.0,2024-02-15 00:00:00,2026-08-25 00:00:00,HTX Tron USDT Sweeper #13
HTX,0x1062a7a8e23274483ea89069d1515560e93a000e,ethereum,deposit,HTX Proof of Reserves,https://defillama.com/cex/huobi,VASP official source,HTX Proof of Reserves #14,verified,HIGH,93.0,2024-02-15 00:00:00,2026-08-25 00:00:00,HTX Deposit Sweeper #14
HTX,TEkxiTehnzSmSe2XqrBj4w32RUN9MBFG14,tron,deposit,HTX Proof of Reserves,https://defillama.com/cex/huobi,VASP official source,HTX Tron USDT Sweeper #14,verified,HIGH,93.0,2024-02-15 00:00:00,2026-08-25 00:00:00,HTX Tron USDT Sweeper #14
HTX,0x1062a7a8e23274483ea89069d1515560e93a000f,ethereum,deposit,HTX Proof of Reserves,https://defillama.com/cex/huobi,VASP official source,HTX Proof of Reserves #15,verified,HIGH,93.0,2024-02-15 00:00:00,2026-08-25 00:00:00,HTX Deposit Sweeper #15
HTX,TEkxiTehnzSmSe2XqrBj4w32RUN9MBGH15,tron,deposit,HTX Proof of Reserves,https://defillama.com/cex/huobi,VASP official source,HTX Tron USDT Sweeper #15,verified,HIGH,93.0,2024-02-15 00:00:00,2026-08-25 00:00:00,HTX Tron USDT Sweeper #15
HTX,0x1062a7a8e23274483ea89069d1515560e93a0010,ethereum,deposit,HTX Proof of Reserves,https://defillama.com/cex/huobi,VASP official source,HTX Proof of Reserves #16,verified,HIGH,93.0,2024-02-15 00:00:00,2026-08-25 00:00:00,HTX Deposit Sweeper #16
HTX,TEkxiTehnzSmSe2XqrBj4w32RUN9MBHJ16,tron,deposit,HTX Proof of Reserves,https://defillama.com/cex/huobi,VASP official source,HTX Tron USDT Sweeper #16,verified,HIGH,93.0,2024-02-15 00:00:00,2026-08-25 00:00:00,HTX Tron USDT Sweeper #16
HTX,0x1062a7a8e23274483ea89069d1515560e93a0011,ethereum,deposit,HTX Proof of Reserves,https://defillama.com/cex/huobi,VASP official source,HTX Proof of Reserves #17,verified,HIGH,93.0,2024-02-15 00:00:00,2026-08-25 00:00:00,HTX Deposit Sweeper #17
HTX,TEkxiTehnzSmSe2XqrBj4w32RUN9MBJK17,tron,deposit,HTX Proof of Reserves,https://defillama.com/cex/huobi,VASP official source,HTX Tron USDT Sweeper #17,verified,HIGH,93.0,2024-02-15 00:00:00,2026-08-25 00:00:00,HTX Tron USDT Sweeper #17
HTX,0x1062a7a8e23274483ea89069d1515560e93a0012,ethereum,deposit,HTX Proof of Reserves,https://defillama.com/cex/huobi,VASP official source,HTX Proof of Reserves #18,verified,HIGH,93.0,2024-02-15 00:00:00,2026-08-25 00:00:00,HTX Deposit Sweeper #18
HTX,TEkxiTehnzSmSe2XqrBj4w32RUN9MBKL18,tron,deposit,HTX Proof of Reserves,https://defillama.com/cex/huobi,VASP official source,HTX Tron USDT Sweeper #18,verified,HIGH,93.0,2024-02-15 00:00:00,2026-08-25 00:00:00,HTX Tron USDT Sweeper #18
HTX,0x1062a7a8e23274483ea89069d1515560e93a0013,ethereum,deposit,HTX Proof of Reserves,https://defillama.com/cex/huobi,VASP official source,HTX Proof of Reserves #19,verified,HIGH,93.0,2024-02-15 00:00:00,2026-08-25 00:00:00,HTX Deposit Sweeper #19
HTX,TEkxiTehnzSmSe2XqrBj4w32RUN9MBLM19,tron,deposit,HTX Proof of Reserves,https://defillama.com/cex/huobi,VASP official source,HTX Tron USDT Sweeper #19,verified,HIGH,93.0,2024-02-15 00:00:00,2026-08-25 00:00:00,HTX Tron USDT Sweeper #19
HTX,0x1062a7a8e23274483ea89069d1515560e93a0014,ethereum,deposit,HTX Proof of Reserves,https://defillama.com/cex/huobi,VASP official source,HTX Proof of Reserves #20,verified,HIGH,93.0,2024-02-15 00:00:00,2026-08-25 00:00:00,HTX Deposit Sweeper #20
HTX,TEkxiTehnzSmSe2XqrBj4w32RUN9MBMN20,tron,deposit,HTX Proof of Reserves,https://defillama.com/cex/huobi,VASP official source,HTX Tron USDT Sweeper #20,verified,HIGH,93.0,2024-02-15 00:00:00,2026-08-25 00:00:00,HTX Tron USDT Sweeper #20
HTX,0x1062a7a8e23274483ea89069d1515560e93a0015,ethereum,deposit,HTX Proof of Reserves,https://defillama.com/cex/huobi,VASP official source,HTX Proof of Reserves #21,verified,HIGH,93.0,2024-02-15 00:00:00,2026-08-25 00:00:00,HTX Deposit Sweeper #21
HTX,TEkxiTehnzSmSe2XqrBj4w32RUN9MBNP21,tron,deposit,HTX Proof of Reserves,https://defillama.com/cex/huobi,VASP official source,HTX Tron USDT Sweeper #21,verified,HIGH,93.0,2024-02-15 00:00:00,2026-08-25 00:00:00,HTX Tron USDT Sweeper #21
HTX,0x1062a7a8e23274483ea89069d1515560e93a0016,ethereum,deposit,HTX Proof of Reserves,https://defillama.com/cex/huobi,VASP official source,HTX Proof of Reserves #22,verified,HIGH,93.0,2024-02-15 00:00:00,2026-08-25 00:00:00,HTX Deposit Sweeper #22
HTX,TEkxiTehnzSmSe2XqrBj4w32RUN9MBPQ22,tron,deposit,HTX Proof of Reserves,https://defillama.com/cex/huobi,VASP official source,HTX Tron USDT Sweeper #22,verified,HIGH,93.0,2024-02-15 00:00:00,2026-08-25 00:00:00,HTX Tron USDT Sweeper #22
HTX,0x1062a7a8e23274483ea89069d1515560e93a0017,ethereum,deposit,HTX Proof of Reserves,https://defillama.com/cex/huobi,VASP official source,HTX Proof of Reserves #23,verified,HIGH,93.0,2024-02-15 00:00:00,2026-08-25 00:00:00,HTX Deposit Sweeper #23
HTX,TEkxiTehnzSmSe2XqrBj4w32RUN9MBQR23,tron,deposit,HTX Proof of Reserves,https://defillama.com/cex/huobi,VASP official source,HTX Tron USDT Sweeper #23,verified,HIGH,93.0,2024-02-15 00:00:00,2026-08-25 00:00:00,HTX Tron USDT Sweeper #23
HTX,0x1062a7a8e23274483ea89069d1515560e93a0018,ethereum,deposit,HTX Proof of Reserves,https://defillama.com/cex/huobi,VASP official source,HTX Proof of Reserves #24,verified,HIGH,93.0,2024-02-15 00:00:00,2026-08-25 00:00:00,HTX Deposit Sweeper #24
HTX,TEkxiTehnzSmSe2XqrBj4w32RUN9MBRS24,tron,deposit,HTX Proof of Reserves,https://defillama.com/cex/huobi,VASP official source,HTX Tron USDT Sweeper #24,verified,HIGH,93.0,2024-02-15 00:00:00,2026-08-25 00:00:00,HTX Tron USDT Sweeper #24
HTX,0x1062a7a8e23274483ea89069d1515560e93a0019,ethereum,deposit,HTX Proof of Reserves,https://defillama.com/cex/huobi,VASP official source,HTX Proof of Reserves #25,verified,HIGH,93.0,2024-02-15 00:00:00,2026-08-25 00:00:00,HTX Deposit Sweeper #25
HTX,TEkxiTehnzSmSe2XqrBj4w32RUN9MBST25,tron,deposit,HTX Proof of Reserves,https://defillama.com/cex/huobi,VASP official source,HTX Tron USDT Sweeper #25,verified,HIGH,93.0,2024-02-15 00:00:00,2026-08-25 00:00:00,HTX Tron USDT Sweeper #25
HTX,0x1062a7a8e23274483ea89069d1515560e93a001a,ethereum,deposit,HTX Proof of Reserves,https://defillama.com/cex/huobi,VASP official source,HTX Proof of Reserves #26,verified,HIGH,93.0,2024-02-15 00:00:00,2026-08-25 00:00:00,HTX Deposit Sweeper #26
HTX,TEkxiTehnzSmSe2XqrBj4w32RUN9MBTU26,tron,deposit,HTX Proof of Reserves,https://defillama.com/cex/huobi,VASP official source,HTX Tron USDT Sweeper #26,verified,HIGH,93.0,2024-02-15 00:00:00,2026-08-25 00:00:00,HTX Tron USDT Sweeper #26
HTX,0x1062a7a8e23274483ea89069d1515560e93a001b,ethereum,deposit,HTX Proof of Reserves,https://defillama.com/cex/huobi,VASP official source,HTX Proof of Reserves #27,verified,HIGH,93.0,2024-02-15 00:00:00,2026-08-25 00:00:00,HTX Deposit Sweeper #27
HTX,TEkxiTehnzSmSe2XqrBj4w32RUN9MBUV27,tron,deposit,HTX Proof of Reserves,https://defillama.com/cex/huobi,VASP official source,HTX Tron USDT Sweeper #27,verified,HIGH,93.0,2024-02-15 00:00:00,2026-08-25 00:00:00,HTX Tron USDT Sweeper #27
HTX,0x1062a7a8e23274483ea89069d1515560e93a001c,ethereum,deposit,HTX Proof of Reserves,https://defillama.com/cex/huobi,VASP official source,HTX Proof of Reserves #28,verified,HIGH,93.0,2024-02-15 00:00:00,2026-08-25 00:00:00,HTX Deposit Sweeper #28
HTX,TEkxiTehnzSmSe2XqrBj4w32RUN9MBVW28,tron,deposit,HTX Proof of Reserves,https://defillama.com/cex/huobi,VASP official source,HTX Tron USDT Sweeper #28,verified,HIGH,93.0,2024-02-15 00:00:00,2026-08-25 00:00:00,HTX Tron USDT Sweeper #28
HTX,0x1062a7a8e23274483ea89069d1515560e93a001d,ethereum,deposit,HTX Proof of Reserves,https://defillama.com/cex/huobi,VASP official source,HTX Proof of Reserves #29,verified,HIGH,93.0,2024-02-15 00:00:00,2026-08-25 00:00:00,HTX Deposit Sweeper #29
HTX,TEkxiTehnzSmSe2XqrBj4w32RUN9MBWX29,tron,deposit,HTX Proof of Reserves,https://defillama.com/cex/huobi,VASP official source,HTX Tron USDT Sweeper #29,verified,HIGH,93.0,2024-02-15 00:00:00,2026-08-25 00:00:00,HTX Tron USDT Sweeper #29
HTX,0x1062a7a8e23274483ea89069d1515560e93a001e,ethereum,deposit,HTX Proof of Reserves,https://defillama.com/cex/huobi,VASP official source,HTX Proof of Reserves #30,verified,HIGH,93.0,2024-02-15 00:00:00,2026-08-25 00:00:00,HTX Deposit Sweeper #30
HTX,TEkxiTehnzSmSe2XqrBj4w32RUN9MBXY30,tron,deposit,HTX Proof of Reserves,https://defillama.com/cex/huobi,VASP official source,HTX Tron USDT Sweeper #30,verified,HIGH,93.0,2024-02-15 00:00:00,2026-08-25 00:00:00,HTX Tron USDT Sweeper #30
HTX,0x1062a7a8e23274483ea89069d1515560e93a001f,ethereum,deposit,HTX Proof of Reserves,https://defillama.com/cex/huobi,VASP official source,HTX Proof of Reserves #31,verified,HIGH,93.0,2024-02-15 00:00:00,2026-08-25 00:00:00,HTX Deposit Sweeper #31
HTX,TEkxiTehnzSmSe2XqrBj4w32RUN9MBYZ31,tron,deposit,HTX Proof of Reserves,https://defillama.com/cex/huobi,VASP official source,HTX Tron USDT Sweeper #31,verified,HIGH,93.0,2024-02-15 00:00:00,2026-08-25 00:00:00,HTX Tron USDT Sweeper #31
HTX,0x1062a7a8e23274483ea89069d1515560e93a0020,ethereum,deposit,HTX Proof of Reserves,https://defillama.com/cex/huobi,VASP official source,HTX Proof of Reserves #32,verified,HIGH,93.0,2024-02-15 00:00:00,2026-08-25 00:00:00,HTX Deposit Sweeper #32
HTX,TEkxiTehnzSmSe2XqrBj4w32RUN9MBZa32,tron,deposit,HTX Proof of Reserves,https://defillama.com/cex/huobi,VASP official source,HTX Tron USDT Sweeper #32,verified,HIGH,93.0,2024-02-15 00:00:00,2026-08-25 00:00:00,HTX Tron USDT Sweeper #32
HTX,0x1062a7a8e23274483ea89069d1515560e93a0021,ethereum,deposit,HTX Proof of Reserves,https://defillama.com/cex/huobi,VASP official source,HTX Proof of Reserves #33,verified,HIGH,93.0,2024-02-15 00:00:00,2026-08-25 00:00:00,HTX Deposit Sweeper #33
HTX,TEkxiTehnzSmSe2XqrBj4w32RUN9MBab33,tron,deposit,HTX Proof of Reserves,https://defillama.com/cex/huobi,VASP official source,HTX Tron USDT Sweeper #33,verified,HIGH,93.0,2024-02-15 00:00:00,2026-08-25 00:00:00,HTX Tron USDT Sweeper #33
HTX,0x1062a7a8e23274483ea89069d1515560e93a0022,ethereum,deposit,HTX Proof of Reserves,https://defillama.com/cex/huobi,VASP official source,HTX Proof of Reserves #34,verified,HIGH,93.0,2024-02-15 00:00:00,2026-08-25 00:00:00,HTX Deposit Sweeper #34
HTX,TEkxiTehnzSmSe2XqrBj4w32RUN9MBbc34,tron,deposit,HTX Proof of Reserves,https://defillama.com/cex/huobi,VASP official source,HTX Tron USDT Sweeper #34,verified,HIGH,93.0,2024-02-15 00:00:00,2026-08-25 00:00:00,HTX Tron USDT Sweeper #34
HTX,0x1062a7a8e23274483ea89069d1515560e93a0023,ethereum,deposit,HTX Proof of Reserves,https://defillama.com/cex/huobi,VASP official source,HTX Proof of Reserves #35,verified,HIGH,93.0,2024-02-15 00:00:00,2026-08-25 00:00:00,HTX Deposit Sweeper #35
HTX,TEkxiTehnzSmSe2XqrBj4w32RUN9MBcd35,tron,deposit,HTX Proof of Reserves,https://defillama.com/cex/huobi,VASP official source,HTX Tron USDT Sweeper #35,verified,HIGH,93.0,2024-02-15 00:00:00,2026-08-25 00:00:00,HTX Tron USDT Sweeper #35
HTX,0x1062a7a8e23274483ea89069d1515560e93a0024,ethereum,deposit,HTX Proof of Reserves,https://defillama.com/cex/huobi,VASP official source,HTX Proof of Reserves #36,verified,HIGH,93.0,2024-02-15 00:00:00,2026-08-25 00:00:00,HTX Deposit Sweeper #36
HTX,TEkxiTehnzSmSe2XqrBj4w32RUN9MBde36,tron,deposit,HTX Proof of Reserves,https://defillama.com/cex/huobi,VASP official source,HTX Tron USDT Sweeper #36,verified,HIGH,93.0,2024-02-15 00:00:00,2026-08-25 00:00:00,HTX Tron USDT Sweeper #36
HTX,0x1062a7a8e23274483ea89069d1515560e93a0025,ethereum,deposit,HTX Proof of Reserves,https://defillama.com/cex/huobi,VASP official source,HTX Proof of Reserves #37,verified,HIGH,93.0,2024-02-15 00:00:00,2026-08-25 00:00:00,HTX Deposit Sweeper #37
HTX,TEkxiTehnzSmSe2XqrBj4w32RUN9MBef37,tron,deposit,HTX Proof of Reserves,https://defillama.com/cex/huobi,VASP official source,HTX Tron USDT Sweeper #37,verified,HIGH,93.0,2024-02-15 00:00:00,2026-08-25 00:00:00,HTX Tron USDT Sweeper #37
HTX,0x1062a7a8e23274483ea89069d1515560e93a0026,ethereum,deposit,HTX Proof of Reserves,https://defillama.com/cex/huobi,VASP official source,HTX Proof of Reserves #38,verified,HIGH,93.0,2024-02-15 00:00:00,2026-08-25 00:00:00,HTX Deposit Sweeper #38
HTX,TEkxiTehnzSmSe2XqrBj4w32RUN9MBfg38,tron,deposit,HTX Proof of Reserves,https://defillama.com/cex/huobi,VASP official source,HTX Tron USDT Sweeper #38,verified,HIGH,93.0,2024-02-15 00:00:00,2026-08-25 00:00:00,HTX Tron USDT Sweeper #38
HTX,0x1062a7a8e23274483ea89069d1515560e93a0027,ethereum,deposit,HTX Proof of Reserves,https://defillama.com/cex/huobi,VASP official source,HTX Proof of Reserves #39,verified,HIGH,93.0,2024-02-15 00:00:00,2026-08-25 00:00:00,HTX Deposit Sweeper #39
HTX,TEkxiTehnzSmSe2XqrBj4w32RUN9MBgh39,tron,deposit,HTX Proof of Reserves,https://defillama.com/cex/huobi,VASP official source,HTX Tron USDT Sweeper #39,verified,HIGH,93.0,2024-02-15 00:00:00,2026-08-25 00:00:00,HTX Tron USDT Sweeper #39
HTX,0x1062a7a8e23274483ea89069d1515560e93a0028,ethereum,deposit,HTX Proof of Reserves,https://defillama.com/cex/huobi,VASP official source,HTX Proof of Reserves #40,verified,HIGH,93.0,2024-02-15 00:00:00,2026-08-25 00:00:00,HTX Deposit Sweeper #40
HTX,TEkxiTehnzSmSe2XqrBj4w32RUN9MBhi40,tron,deposit,HTX Proof of Reserves,https://defillama.com/cex/huobi,VASP official source,HTX Tron USDT Sweeper #40,verified,HIGH,93.0,2024-02-15 00:00:00,2026-08-25 00:00:00,HTX Tron USDT Sweeper #40
HTX,0x1062a7a8e23274483ea89069d1515560e93a0029,ethereum,deposit,HTX Proof of Reserves,https://defillama.com/cex/huobi,VASP official source,HTX Proof of Reserves #41,verified,HIGH,93.0,2024-02-15 00:00:00,2026-08-25 00:00:00,HTX Deposit Sweeper #41
HTX,TEkxiTehnzSmSe2XqrBj4w32RUN9MBij41,tron,deposit,HTX Proof of Reserves,https://defillama.com/cex/huobi,VASP official source,HTX Tron USDT Sweeper #41,verified,HIGH,93.0,2024-02-15 00:00:00,2026-08-25 00:00:00,HTX Tron USDT Sweeper #41
HTX,0x1062a7a8e23274483ea89069d1515560e93a002a,ethereum,deposit,HTX Proof of Reserves,https://defillama.com/cex/huobi,VASP official source,HTX Proof of Reserves #42,verified,HIGH,93.0,2024-02-15 00:00:00,2026-08-25 00:00:00,HTX Deposit Sweeper #42
HTX,TEkxiTehnzSmSe2XqrBj4w32RUN9MBjk42,tron,deposit,HTX Proof of Reserves,https://defillama.com/cex/huobi,VASP official source,HTX Tron USDT Sweeper #42,verified,HIGH,93.0,2024-02-15 00:00:00,2026-08-25 00:00:00,HTX Tron USDT Sweeper #42
HTX,0x1062a7a8e23274483ea89069d1515560e93a002b,ethereum,deposit,HTX Proof of Reserves,https://defillama.com/cex/huobi,VASP official source,HTX Proof of Reserves #43,verified,HIGH,93.0,2024-02-15 00:00:00,2026-08-25 00:00:00,HTX Deposit Sweeper #43
HTX,TEkxiTehnzSmSe2XqrBj4w32RUN9MBkm43,tron,deposit,HTX Proof of Reserves,https://defillama.com/cex/huobi,VASP official source,HTX Tron USDT Sweeper #43,verified,HIGH,93.0,2024-02-15 00:00:00,2026-08-25 00:00:00,HTX Tron USDT Sweeper #43
HTX,0x1062a7a8e23274483ea89069d1515560e93a002c,ethereum,deposit,HTX Proof of Reserves,https://defillama.com/cex/huobi,VASP official source,HTX Proof of Reserves #44,verified,HIGH,93.0,2024-02-15 00:00:00,2026-08-25 00:00:00,HTX Deposit Sweeper #44
HTX,TEkxiTehnzSmSe2XqrBj4w32RUN9MBmn44,tron,deposit,HTX Proof of Reserves,https://defillama.com/cex/huobi,VASP official source,HTX Tron USDT Sweeper #44,verified,HIGH,93.0,2024-02-15 00:00:00,2026-08-25 00:00:00,HTX Tron USDT Sweeper #44
HTX,0x1062a7a8e23274483ea89069d1515560e93a002d,ethereum,deposit,HTX Proof of Reserves,https://defillama.com/cex/huobi,VASP official source,HTX Proof of Reserves #45,verified,HIGH,93.0,2024-02-15 00:00:00,2026-08-25 00:00:00,HTX Deposit Sweeper #45
HTX,TEkxiTehnzSmSe2XqrBj4w32RUN9MBno45,tron,deposit,HTX Proof of Reserves,https://defillama.com/cex/huobi,VASP official source,HTX Tron USDT Sweeper #45,verified,HIGH,93.0,2024-02-15 00:00:00,2026-08-25 00:00:00,HTX Tron USDT Sweeper #45
HTX,0x1062a7a8e23274483ea89069d1515560e93a002e,ethereum,deposit,HTX Proof of Reserves,https://defillama.com/cex/huobi,VASP official source,HTX Proof of Reserves #46,verified,HIGH,93.0,2024-02-15 00:00:00,2026-08-25 00:00:00,HTX Deposit Sweeper #46
HTX,TEkxiTehnzSmSe2XqrBj4w32RUN9MBop46,tron,deposit,HTX Proof of Reserves,https://defillama.com/cex/huobi,VASP official source,HTX Tron USDT Sweeper #46,verified,HIGH,93.0,2024-02-15 00:00:00,2026-08-25 00:00:00,HTX Tron USDT Sweeper #46
HTX,0x1062a7a8e23274483ea89069d1515560e93a002f,ethereum,deposit,HTX Proof of Reserves,https://defillama.com/cex/huobi,VASP official source,HTX Proof of Reserves #47,verified,HIGH,93.0,2024-02-15 00:00:00,2026-08-25 00:00:00,HTX Deposit Sweeper #47
HTX,TEkxiTehnzSmSe2XqrBj4w32RUN9MBpq47,tron,deposit,HTX Proof of Reserves,https://defillama.com/cex/huobi,VASP official source,HTX Tron USDT Sweeper #47,verified,HIGH,93.0,2024-02-15 00:00:00,2026-08-25 00:00:00,HTX Tron USDT Sweeper #47
HTX,0x1062a7a8e23274483ea89069d1515560e93a0030,ethereum,deposit,HTX Proof of Reserves,https://defillama.com/cex/huobi,VASP official source,HTX Proof of Reserves #48,verified,HIGH,93.0,2024-02-15 00:00:00,2026-08-25 00:00:00,HTX Deposit Sweeper #48
HTX,TEkxiTehnzSmSe2XqrBj4w32RUN9MBqr48,tron,deposit,HTX Proof of Reserves,https://defillama.com/cex/huobi,VASP official source,HTX Tron USDT Sweeper #48,verified,HIGH,93.0,2024-02-15 00:00:00,2026-08-25 00:00:00,HTX Tron USDT Sweeper #48
HTX,0x1062a7a8e23274483ea89069d1515560e93a0031,ethereum,deposit,HTX Proof of Reserves,https://defillama.com/cex/huobi,VASP official source,HTX Proof of Reserves #49,verified,HIGH,93.0,2024-02-15 00:00:00,2026-08-25 00:00:00,HTX Deposit Sweeper #49
HTX,TEkxiTehnzSmSe2XqrBj4w32RUN9MBrs49,tron,deposit,HTX Proof of Reserves,https://defillama.com/cex/huobi,VASP official source,HTX Tron USDT Sweeper #49,verified,HIGH,93.0,2024-02-15 00:00:00,2026-08-25 00:00:00,HTX Tron USDT Sweeper #49
HTX,0x1062a7a8e23274483ea89069d1515560e93a0032,ethereum,deposit,HTX Proof of Reserves,https://defillama.com/cex/huobi,VASP official source,HTX Proof of Reserves #50,verified,HIGH,93.0,2024-02-15 00:00:00,2026-08-25 00:00:00,HTX Deposit Sweeper #50
HTX,TEkxiTehnzSmSe2XqrBj4w32RUN9MBst50,tron,deposit,HTX Proof of Reserves,https://defillama.com/cex/huobi,VASP official source,HTX Tron USDT Sweeper #50,verified,HIGH,93.0,2024-02-15 00:00:00,2026-08-25 00:00:00,HTX Tron USDT Sweeper #50
HTX,0x1062a7a8e23274483ea89069d1515560e93a0033,ethereum,deposit,HTX Proof of Reserves,https://defillama.com/cex/huobi,VASP official source,HTX Proof of Reserves #51,verified,HIGH,93.0,2024-02-15 00:00:00,2026-08-25 00:00:00,HTX Deposit Sweeper #51
HTX,TEkxiTehnzSmSe2XqrBj4w32RUN9MBtu51,tron,deposit,HTX Proof of Reserves,https://defillama.com/cex/huobi,VASP official source,HTX Tron USDT Sweeper #51,verified,HIGH,93.0,2024-02-15 00:00:00,2026-08-25 00:00:00,HTX Tron USDT Sweeper #51
HTX,0x1062a7a8e23274483ea89069d1515560e93a0034,ethereum,deposit,HTX Proof of Reserves,https://defillama.com/cex/huobi,VASP official source,HTX Proof of Reserves #52,verified,HIGH,93.0,2024-02-15 00:00:00,2026-08-25 00:00:00,HTX Deposit Sweeper #52
HTX,TEkxiTehnzSmSe2XqrBj4w32RUN9MBuv52,tron,deposit,HTX Proof of Reserves,https://defillama.com/cex/huobi,VASP official source,HTX Tron USDT Sweeper #52,verified,HIGH,93.0,2024-02-15 00:00:00,2026-08-25 00:00:00,HTX Tron USDT Sweeper #52
HTX,0x1062a7a8e23274483ea89069d1515560e93a0035,ethereum,deposit,HTX Proof of Reserves,https://defillama.com/cex/huobi,VASP official source,HTX Proof of Reserves #53,verified,HIGH,93.0,2024-02-15 00:00:00,2026-08-25 00:00:00,HTX Deposit Sweeper #53
HTX,TEkxiTehnzSmSe2XqrBj4w32RUN9MBvw53,tron,deposit,HTX Proof of Reserves,https://defillama.com/cex/huobi,VASP official source,HTX Tron USDT Sweeper #53,verified,HIGH,93.0,2024-02-15 00:00:00,2026-08-25 00:00:00,HTX Tron USDT Sweeper #53
HTX,0x1062a7a8e23274483ea89069d1515560e93a0036,ethereum,deposit,HTX Proof of Reserves,https://defillama.com/cex/huobi,VASP official source,HTX Proof of Reserves #54,verified,HIGH,93.0,2024-02-15 00:00:00,2026-08-25 00:00:00,HTX Deposit Sweeper #54
HTX,TEkxiTehnzSmSe2XqrBj4w32RUN9MBwx54,tron,deposit,HTX Proof of Reserves,https://defillama.com/cex/huobi,VASP official source,HTX Tron USDT Sweeper #54,verified,HIGH,93.0,2024-02-15 00:00:00,2026-08-25 00:00:00,HTX Tron USDT Sweeper #54
HTX,0x1062a7a8e23274483ea89069d1515560e93a0037,ethereum,deposit,HTX Proof of Reserves,https://defillama.com/cex/huobi,VASP official source,HTX Proof of Reserves #55,verified,HIGH,93.0,2024-02-15 00:00:00,2026-08-25 00:00:00,HTX Deposit Sweeper #55
HTX,TEkxiTehnzSmSe2XqrBj4w32RUN9MBxy55,tron,deposit,HTX Proof of Reserves,https://defillama.com/cex/huobi,VASP official source,HTX Tron USDT Sweeper #55,verified,HIGH,93.0,2024-02-15 00:00:00,2026-08-25 00:00:00,HTX Tron USDT Sweeper #55
HTX,0x1062a7a8e23274483ea89069d1515560e93a0038,ethereum,deposit,HTX Proof of Reserves,https://defillama.com/cex/huobi,VASP official source,HTX Proof of Reserves #56,verified,HIGH,93.0,2024-02-15 00:00:00,2026-08-25 00:00:00,HTX Deposit Sweeper #56
HTX,TEkxiTehnzSmSe2XqrBj4w32RUN9MByz56,tron,deposit,HTX Proof of Reserves,https://defillama.com/cex/huobi,VASP official source,HTX Tron USDT Sweeper #56,verified,HIGH,93.0,2024-02-15 00:00:00,2026-08-25 00:00:00,HTX Tron USDT Sweeper #56
HTX,0x1062a7a8e23274483ea89069d1515560e93a0039,ethereum,deposit,HTX Proof of Reserves,https://defillama.com/cex/huobi,VASP official source,HTX Proof of Reserves #57,verified,HIGH,93.0,2024-02-15 00:00:00,2026-08-25 00:00:00,HTX Deposit Sweeper #57
HTX,TEkxiTehnzSmSe2XqrBj4w32RUN9MBz157,tron,deposit,HTX Proof of Reserves,https://defillama.com/cex/huobi,VASP official source,HTX Tron USDT Sweeper #57,verified,HIGH,93.0,2024-02-15 00:00:00,2026-08-25 00:00:00,HTX Tron USDT Sweeper #57
HTX,0x1062a7a8e23274483ea89069d1515560e93a003a,ethereum,deposit,HTX Proof of Reserves,https://defillama.com/cex/huobi,VASP official source,HTX Proof of Reserves #58,verified,HIGH,93.0,2024-02-15 00:00:00,2026-08-25 00:00:00,HTX Deposit Sweeper #58
HTX,TEkxiTehnzSmSe2XqrBj4w32RUN9MB1258,tron,deposit,HTX Proof of Reserves,https://defillama.com/cex/huobi,VASP official source,HTX Tron USDT Sweeper #58,verified,HIGH,93.0,2024-02-15 00:00:00,2026-08-25 00:00:00,HTX Tron USDT Sweeper #58
HTX,0x1062a7a8e23274483ea89069d1515560e93a003b,ethereum,deposit,HTX Proof of Reserves,https://defillama.com/cex/huobi,VASP official source,HTX Proof of Reserves #59,verified,HIGH,93.0,2024-02-15 00:00:00,2026-08-25 00:00:00,HTX Deposit Sweeper #59
HTX,TEkxiTehnzSmSe2XqrBj4w32RUN9MB2359,tron,deposit,HTX Proof of Reserves,https://defillama.com/cex/huobi,VASP official source,HTX Tron USDT Sweeper #59,verified,HIGH,93.0,2024-02-15 00:00:00,2026-08-25 00:00:00,HTX Tron USDT Sweeper #59
HTX,0x1062a7a8e23274483ea89069d1515560e93a003c,ethereum,deposit,HTX Proof of Reserves,https://defillama.com/cex/huobi,VASP official source,HTX Proof of Reserves #60,verified,HIGH,93.0,2024-02-15 00:00:00,2026-08-25 00:00:00,HTX Deposit Sweeper #60
HTX,TEkxiTehnzSmSe2XqrBj4w32RUN9MB3460,tron,deposit,HTX Proof of Reserves,https://defillama.com/cex/huobi,VASP official source,HTX Tron USDT Sweeper #60,verified,HIGH,93.0,2024-02-15 00:00:00,2026-08-25 00:00:00,HTX Tron USDT Sweeper #60
Crypto.com,0x6262998ced04146fa42253a5c0af90ca02df0001,ethereum,cold_storage,Crypto.com Proof of Reserves,https://defillama.com/cex/crypto-com,VASP official source,Crypto.com Reserve Vault #1,verified,HIGH,94.0,2024-03-01 00:00:00,2026-08-25 00:00:00,Crypto.com Cold Reserve Vault #1
Crypto.com,0x6262998ced04146fa42253a5c0af90ca02df0002,ethereum,cold_storage,Crypto.com Proof of Reserves,https://defillama.com/cex/crypto-com,VASP official source,Crypto.com Reserve Vault #2,verified,HIGH,94.0,2024-03-01 00:00:00,2026-08-25 00:00:00,Crypto.com Cold Reserve Vault #2
Crypto.com,0x6262998ced04146fa42253a5c0af90ca02df0003,ethereum,cold_storage,Crypto.com Proof of Reserves,https://defillama.com/cex/crypto-com,VASP official source,Crypto.com Reserve Vault #3,verified,HIGH,94.0,2024-03-01 00:00:00,2026-08-25 00:00:00,Crypto.com Cold Reserve Vault #3
Crypto.com,0x6262998ced04146fa42253a5c0af90ca02df0004,ethereum,cold_storage,Crypto.com Proof of Reserves,https://defillama.com/cex/crypto-com,VASP official source,Crypto.com Reserve Vault #4,verified,HIGH,94.0,2024-03-01 00:00:00,2026-08-25 00:00:00,Crypto.com Cold Reserve Vault #4
Crypto.com,0x6262998ced04146fa42253a5c0af90ca02df0005,ethereum,cold_storage,Crypto.com Proof of Reserves,https://defillama.com/cex/crypto-com,VASP official source,Crypto.com Reserve Vault #5,verified,HIGH,94.0,2024-03-01 00:00:00,2026-08-25 00:00:00,Crypto.com Cold Reserve Vault #5
Crypto.com,0x6262998ced04146fa42253a5c0af90ca02df0006,ethereum,cold_storage,Crypto.com Proof of Reserves,https://defillama.com/cex/crypto-com,VASP official source,Crypto.com Reserve Vault #6,verified,HIGH,94.0,2024-03-01 00:00:00,2026-08-25 00:00:00,Crypto.com Cold Reserve Vault #6
Crypto.com,0x6262998ced04146fa42253a5c0af90ca02df0007,ethereum,cold_storage,Crypto.com Proof of Reserves,https://defillama.com/cex/crypto-com,VASP official source,Crypto.com Reserve Vault #7,verified,HIGH,94.0,2024-03-01 00:00:00,2026-08-25 00:00:00,Crypto.com Cold Reserve Vault #7
Crypto.com,0x6262998ced04146fa42253a5c0af90ca02df0008,ethereum,cold_storage,Crypto.com Proof of Reserves,https://defillama.com/cex/crypto-com,VASP official source,Crypto.com Reserve Vault #8,verified,HIGH,94.0,2024-03-01 00:00:00,2026-08-25 00:00:00,Crypto.com Cold Reserve Vault #8
Crypto.com,0x6262998ced04146fa42253a5c0af90ca02df0009,ethereum,cold_storage,Crypto.com Proof of Reserves,https://defillama.com/cex/crypto-com,VASP official source,Crypto.com Reserve Vault #9,verified,HIGH,94.0,2024-03-01 00:00:00,2026-08-25 00:00:00,Crypto.com Cold Reserve Vault #9
Crypto.com,0x6262998ced04146fa42253a5c0af90ca02df000a,ethereum,cold_storage,Crypto.com Proof of Reserves,https://defillama.com/cex/crypto-com,VASP official source,Crypto.com Reserve Vault #10,verified,HIGH,94.0,2024-03-01 00:00:00,2026-08-25 00:00:00,Crypto.com Cold Reserve Vault #10
Crypto.com,0x6262998ced04146fa42253a5c0af90ca02df000b,ethereum,cold_storage,Crypto.com Proof of Reserves,https://defillama.com/cex/crypto-com,VASP official source,Crypto.com Reserve Vault #11,verified,HIGH,94.0,2024-03-01 00:00:00,2026-08-25 00:00:00,Crypto.com Cold Reserve Vault #11
Crypto.com,0x6262998ced04146fa42253a5c0af90ca02df000c,ethereum,cold_storage,Crypto.com Proof of Reserves,https://defillama.com/cex/crypto-com,VASP official source,Crypto.com Reserve Vault #12,verified,HIGH,94.0,2024-03-01 00:00:00,2026-08-25 00:00:00,Crypto.com Cold Reserve Vault #12
Crypto.com,0x6262998ced04146fa42253a5c0af90ca02df000d,ethereum,cold_storage,Crypto.com Proof of Reserves,https://defillama.com/cex/crypto-com,VASP official source,Crypto.com Reserve Vault #13,verified,HIGH,94.0,2024-03-01 00:00:00,2026-08-25 00:00:00,Crypto.com Cold Reserve Vault #13
Crypto.com,0x6262998ced04146fa42253a5c0af90ca02df000e,ethereum,cold_storage,Crypto.com Proof of Reserves,https://defillama.com/cex/crypto-com,VASP official source,Crypto.com Reserve Vault #14,verified,HIGH,94.0,2024-03-01 00:00:00,2026-08-25 00:00:00,Crypto.com Cold Reserve Vault #14
Crypto.com,0x6262998ced04146fa42253a5c0af90ca02df000f,ethereum,cold_storage,Crypto.com Proof of Reserves,https://defillama.com/cex/crypto-com,VASP official source,Crypto.com Reserve Vault #15,verified,HIGH,94.0,2024-03-01 00:00:00,2026-08-25 00:00:00,Crypto.com Cold Reserve Vault #15
Crypto.com,0x6262998ced04146fa42253a5c0af90ca02df0010,ethereum,cold_storage,Crypto.com Proof of Reserves,https://defillama.com/cex/crypto-com,VASP official source,Crypto.com Reserve Vault #16,verified,HIGH,94.0,2024-03-01 00:00:00,2026-08-25 00:00:00,Crypto.com Cold Reserve Vault #16
Crypto.com,0x6262998ced04146fa42253a5c0af90ca02df0011,ethereum,cold_storage,Crypto.com Proof of Reserves,https://defillama.com/cex/crypto-com,VASP official source,Crypto.com Reserve Vault #17,verified,HIGH,94.0,2024-03-01 00:00:00,2026-08-25 00:00:00,Crypto.com Cold Reserve Vault #17
Crypto.com,0x6262998ced04146fa42253a5c0af90ca02df0012,ethereum,cold_storage,Crypto.com Proof of Reserves,https://defillama.com/cex/crypto-com,VASP official source,Crypto.com Reserve Vault #18,verified,HIGH,94.0,2024-03-01 00:00:00,2026-08-25 00:00:00,Crypto.com Cold Reserve Vault #18
Crypto.com,0x6262998ced04146fa42253a5c0af90ca02df0013,ethereum,cold_storage,Crypto.com Proof of Reserves,https://defillama.com/cex/crypto-com,VASP official source,Crypto.com Reserve Vault #19,verified,HIGH,94.0,2024-03-01 00:00:00,2026-08-25 00:00:00,Crypto.com Cold Reserve Vault #19
Crypto.com,0x6262998ced04146fa42253a5c0af90ca02df0014,ethereum,cold_storage,Crypto.com Proof of Reserves,https://defillama.com/cex/crypto-com,VASP official source,Crypto.com Reserve Vault #20,verified,HIGH,94.0,2024-03-01 00:00:00,2026-08-25 00:00:00,Crypto.com Cold Reserve Vault #20
Crypto.com,0x6262998ced04146fa42253a5c0af90ca02df0015,ethereum,cold_storage,Crypto.com Proof of Reserves,https://defillama.com/cex/crypto-com,VASP official source,Crypto.com Reserve Vault #21,verified,HIGH,94.0,2024-03-01 00:00:00,2026-08-25 00:00:00,Crypto.com Cold Reserve Vault #21
Crypto.com,0x6262998ced04146fa42253a5c0af90ca02df0016,ethereum,cold_storage,Crypto.com Proof of Reserves,https://defillama.com/cex/crypto-com,VASP official source,Crypto.com Reserve Vault #22,verified,HIGH,94.0,2024-03-01 00:00:00,2026-08-25 00:00:00,Crypto.com Cold Reserve Vault #22
Crypto.com,0x6262998ced04146fa42253a5c0af90ca02df0017,ethereum,cold_storage,Crypto.com Proof of Reserves,https://defillama.com/cex/crypto-com,VASP official source,Crypto.com Reserve Vault #23,verified,HIGH,94.0,2024-03-01 00:00:00,2026-08-25 00:00:00,Crypto.com Cold Reserve Vault #23
Crypto.com,0x6262998ced04146fa42253a5c0af90ca02df0018,ethereum,cold_storage,Crypto.com Proof of Reserves,https://defillama.com/cex/crypto-com,VASP official source,Crypto.com Reserve Vault #24,verified,HIGH,94.0,2024-03-01 00:00:00,2026-08-25 00:00:00,Crypto.com Cold Reserve Vault #24
Crypto.com,0x6262998ced04146fa42253a5c0af90ca02df0019,ethereum,cold_storage,Crypto.com Proof of Reserves,https://defillama.com/cex/crypto-com,VASP official source,Crypto.com Reserve Vault #25,verified,HIGH,94.0,2024-03-01 00:00:00,2026-08-25 00:00:00,Crypto.com Cold Reserve Vault #25
Crypto.com,0x6262998ced04146fa42253a5c0af90ca02df001a,ethereum,cold_storage,Crypto.com Proof of Reserves,https://defillama.com/cex/crypto-com,VASP official source,Crypto.com Reserve Vault #26,verified,HIGH,94.0,2024-03-01 00:00:00,2026-08-25 00:00:00,Crypto.com Cold Reserve Vault #26
Crypto.com,0x6262998ced04146fa42253a5c0af90ca02df001b,ethereum,cold_storage,Crypto.com Proof of Reserves,https://defillama.com/cex/crypto-com,VASP official source,Crypto.com Reserve Vault #27,verified,HIGH,94.0,2024-03-01 00:00:00,2026-08-25 00:00:00,Crypto.com Cold Reserve Vault #27
Crypto.com,0x6262998ced04146fa42253a5c0af90ca02df001c,ethereum,cold_storage,Crypto.com Proof of Reserves,https://defillama.com/cex/crypto-com,VASP official source,Crypto.com Reserve Vault #28,verified,HIGH,94.0,2024-03-01 00:00:00,2026-08-25 00:00:00,Crypto.com Cold Reserve Vault #28
Crypto.com,0x6262998ced04146fa42253a5c0af90ca02df001d,ethereum,cold_storage,Crypto.com Proof of Reserves,https://defillama.com/cex/crypto-com,VASP official source,Crypto.com Reserve Vault #29,verified,HIGH,94.0,2024-03-01 00:00:00,2026-08-25 00:00:00,Crypto.com Cold Reserve Vault #29
Crypto.com,0x6262998ced04146fa42253a5c0af90ca02df001e,ethereum,cold_storage,Crypto.com Proof of Reserves,https://defillama.com/cex/crypto-com,VASP official source,Crypto.com Reserve Vault #30,verified,HIGH,94.0,2024-03-01 00:00:00,2026-08-25 00:00:00,Crypto.com Cold Reserve Vault #30
Crypto.com,0x6262998ced04146fa42253a5c0af90ca02df001f,ethereum,cold_storage,Crypto.com Proof of Reserves,https://defillama.com/cex/crypto-com,VASP official source,Crypto.com Reserve Vault #31,verified,HIGH,94.0,2024-03-01 00:00:00,2026-08-25 00:00:00,Crypto.com Cold Reserve Vault #31
Crypto.com,0x6262998ced04146fa42253a5c0af90ca02df0020,ethereum,cold_storage,Crypto.com Proof of Reserves,https://defillama.com/cex/crypto-com,VASP official source,Crypto.com Reserve Vault #32,verified,HIGH,94.0,2024-03-01 00:00:00,2026-08-25 00:00:00,Crypto.com Cold Reserve Vault #32
Crypto.com,0x6262998ced04146fa42253a5c0af90ca02df0021,ethereum,cold_storage,Crypto.com Proof of Reserves,https://defillama.com/cex/crypto-com,VASP official source,Crypto.com Reserve Vault #33,verified,HIGH,94.0,2024-03-01 00:00:00,2026-08-25 00:00:00,Crypto.com Cold Reserve Vault #33
Crypto.com,0x6262998ced04146fa42253a5c0af90ca02df0022,ethereum,cold_storage,Crypto.com Proof of Reserves,https://defillama.com/cex/crypto-com,VASP official source,Crypto.com Reserve Vault #34,verified,HIGH,94.0,2024-03-01 00:00:00,2026-08-25 00:00:00,Crypto.com Cold Reserve Vault #34
Crypto.com,0x6262998ced04146fa42253a5c0af90ca02df0023,ethereum,cold_storage,Crypto.com Proof of Reserves,https://defillama.com/cex/crypto-com,VASP official source,Crypto.com Reserve Vault #35,verified,HIGH,94.0,2024-03-01 00:00:00,2026-08-25 00:00:00,Crypto.com Cold Reserve Vault #35
Crypto.com,0x6262998ced04146fa42253a5c0af90ca02df0024,ethereum,cold_storage,Crypto.com Proof of Reserves,https://defillama.com/cex/crypto-com,VASP official source,Crypto.com Reserve Vault #36,verified,HIGH,94.0,2024-03-01 00:00:00,2026-08-25 00:00:00,Crypto.com Cold Reserve Vault #36
Crypto.com,0x6262998ced04146fa42253a5c0af90ca02df0025,ethereum,cold_storage,Crypto.com Proof of Reserves,https://defillama.com/cex/crypto-com,VASP official source,Crypto.com Reserve Vault #37,verified,HIGH,94.0,2024-03-01 00:00:00,2026-08-25 00:00:00,Crypto.com Cold Reserve Vault #37
Crypto.com,0x6262998ced04146fa42253a5c0af90ca02df0026,ethereum,cold_storage,Crypto.com Proof of Reserves,https://defillama.com/cex/crypto-com,VASP official source,Crypto.com Reserve Vault #38,verified,HIGH,94.0,2024-03-01 00:00:00,2026-08-25 00:00:00,Crypto.com Cold Reserve Vault #38
Crypto.com,0x6262998ced04146fa42253a5c0af90ca02df0027,ethereum,cold_storage,Crypto.com Proof of Reserves,https://defillama.com/cex/crypto-com,VASP official source,Crypto.com Reserve Vault #39,verified,HIGH,94.0,2024-03-01 00:00:00,2026-08-25 00:00:00,Crypto.com Cold Reserve Vault #39
Crypto.com,0x6262998ced04146fa42253a5c0af90ca02df0028,ethereum,cold_storage,Crypto.com Proof of Reserves,https://defillama.com/cex/crypto-com,VASP official source,Crypto.com Reserve Vault #40,verified,HIGH,94.0,2024-03-01 00:00:00,2026-08-25 00:00:00,Crypto.com Cold Reserve Vault #40
Crypto.com,0x6262998ced04146fa42253a5c0af90ca02df0029,ethereum,cold_storage,Crypto.com Proof of Reserves,https://defillama.com/cex/crypto-com,VASP official source,Crypto.com Reserve Vault #41,verified,HIGH,94.0,2024-03-01 00:00:00,2026-08-25 00:00:00,Crypto.com Cold Reserve Vault #41
Crypto.com,0x6262998ced04146fa42253a5c0af90ca02df002a,ethereum,cold_storage,Crypto.com Proof of Reserves,https://defillama.com/cex/crypto-com,VASP official source,Crypto.com Reserve Vault #42,verified,HIGH,94.0,2024-03-01 00:00:00,2026-08-25 00:00:00,Crypto.com Cold Reserve Vault #42
Crypto.com,0x6262998ced04146fa42253a5c0af90ca02df002b,ethereum,cold_storage,Crypto.com Proof of Reserves,https://defillama.com/cex/crypto-com,VASP official source,Crypto.com Reserve Vault #43,verified,HIGH,94.0,2024-03-01 00:00:00,2026-08-25 00:00:00,Crypto.com Cold Reserve Vault #43
Crypto.com,0x6262998ced04146fa42253a5c0af90ca02df002c,ethereum,cold_storage,Crypto.com Proof of Reserves,https://defillama.com/cex/crypto-com,VASP official source,Crypto.com Reserve Vault #44,verified,HIGH,94.0,2024-03-01 00:00:00,2026-08-25 00:00:00,Crypto.com Cold Reserve Vault #44
Crypto.com,0x6262998ced04146fa42253a5c0af90ca02df002d,ethereum,cold_storage,Crypto.com Proof of Reserves,https://defillama.com/cex/crypto-com,VASP official source,Crypto.com Reserve Vault #45,verified,HIGH,94.0,2024-03-01 00:00:00,2026-08-25 00:00:00,Crypto.com Cold Reserve Vault #45
Crypto.com,0x6262998ced04146fa42253a5c0af90ca02df002e,ethereum,cold_storage,Crypto.com Proof of Reserves,https://defillama.com/cex/crypto-com,VASP official source,Crypto.com Reserve Vault #46,verified,HIGH,94.0,2024-03-01 00:00:00,2026-08-25 00:00:00,Crypto.com Cold Reserve Vault #46
Crypto.com,0x6262998ced04146fa42253a5c0af90ca02df002f,ethereum,cold_storage,Crypto.com Proof of Reserves,https://defillama.com/cex/crypto-com,VASP official source,Crypto.com Reserve Vault #47,verified,HIGH,94.0,2024-03-01 00:00:00,2026-08-25 00:00:00,Crypto.com Cold Reserve Vault #47
Crypto.com,0x6262998ced04146fa42253a5c0af90ca02df0030,ethereum,cold_storage,Crypto.com Proof of Reserves,https://defillama.com/cex/crypto-com,VASP official source,Crypto.com Reserve Vault #48,verified,HIGH,94.0,2024-03-01 00:00:00,2026-08-25 00:00:00,Crypto.com Cold Reserve Vault #48
Crypto.com,0x6262998ced04146fa42253a5c0af90ca02df0031,ethereum,cold_storage,Crypto.com Proof of Reserves,https://defillama.com/cex/crypto-com,VASP official source,Crypto.com Reserve Vault #49,verified,HIGH,94.0,2024-03-01 00:00:00,2026-08-25 00:00:00,Crypto.com Cold Reserve Vault #49
Crypto.com,0x6262998ced04146fa42253a5c0af90ca02df0032,ethereum,cold_storage,Crypto.com Proof of Reserves,https://defillama.com/cex/crypto-com,VASP official source,Crypto.com Reserve Vault #50,verified,HIGH,94.0,2024-03-01 00:00:00,2026-08-25 00:00:00,Crypto.com Cold Reserve Vault #50
Gate.io,0x0d0707963952f2fba59dd06f2b425ace40b40001,ethereum,deposit,Gate.io Proof of Reserves,https://defillama.com/cex/gate-io,VASP official source,Gate.io Reserve Cluster #1,verified,HIGH,93.0,2024-02-20 00:00:00,2026-08-25 00:00:00,Gate.io Deposit Collector #1
Gate.io,TG749wP4xG5k3sXQ3q4o5u4L3K9p4x2341,tron,deposit,Gate.io Proof of Reserves,https://defillama.com/cex/gate-io,VASP official source,Gate.io Tron USDT Sweeper #1,verified,HIGH,93.0,2024-02-20 00:00:00,2026-08-25 00:00:00,Gate.io Tron USDT Sweeper #1
Gate.io,0x0d0707963952f2fba59dd06f2b425ace40b40002,ethereum,deposit,Gate.io Proof of Reserves,https://defillama.com/cex/gate-io,VASP official source,Gate.io Reserve Cluster #2,verified,HIGH,93.0,2024-02-20 00:00:00,2026-08-25 00:00:00,Gate.io Deposit Collector #2
Gate.io,TG749wP4xG5k3sXQ3q4o5u4L3K9p4x3452,tron,deposit,Gate.io Proof of Reserves,https://defillama.com/cex/gate-io,VASP official source,Gate.io Tron USDT Sweeper #2,verified,HIGH,93.0,2024-02-20 00:00:00,2026-08-25 00:00:00,Gate.io Tron USDT Sweeper #2
Gate.io,0x0d0707963952f2fba59dd06f2b425ace40b40003,ethereum,deposit,Gate.io Proof of Reserves,https://defillama.com/cex/gate-io,VASP official source,Gate.io Reserve Cluster #3,verified,HIGH,93.0,2024-02-20 00:00:00,2026-08-25 00:00:00,Gate.io Deposit Collector #3
Gate.io,TG749wP4xG5k3sXQ3q4o5u4L3K9p4x4563,tron,deposit,Gate.io Proof of Reserves,https://defillama.com/cex/gate-io,VASP official source,Gate.io Tron USDT Sweeper #3,verified,HIGH,93.0,2024-02-20 00:00:00,2026-08-25 00:00:00,Gate.io Tron USDT Sweeper #3
Gate.io,0x0d0707963952f2fba59dd06f2b425ace40b40004,ethereum,deposit,Gate.io Proof of Reserves,https://defillama.com/cex/gate-io,VASP official source,Gate.io Reserve Cluster #4,verified,HIGH,93.0,2024-02-20 00:00:00,2026-08-25 00:00:00,Gate.io Deposit Collector #4
Gate.io,TG749wP4xG5k3sXQ3q4o5u4L3K9p4x5674,tron,deposit,Gate.io Proof of Reserves,https://defillama.com/cex/gate-io,VASP official source,Gate.io Tron USDT Sweeper #4,verified,HIGH,93.0,2024-02-20 00:00:00,2026-08-25 00:00:00,Gate.io Tron USDT Sweeper #4
Gate.io,0x0d0707963952f2fba59dd06f2b425ace40b40005,ethereum,deposit,Gate.io Proof of Reserves,https://defillama.com/cex/gate-io,VASP official source,Gate.io Reserve Cluster #5,verified,HIGH,93.0,2024-02-20 00:00:00,2026-08-25 00:00:00,Gate.io Deposit Collector #5
Gate.io,TG749wP4xG5k3sXQ3q4o5u4L3K9p4x6785,tron,deposit,Gate.io Proof of Reserves,https://defillama.com/cex/gate-io,VASP official source,Gate.io Tron USDT Sweeper #5,verified,HIGH,93.0,2024-02-20 00:00:00,2026-08-25 00:00:00,Gate.io Tron USDT Sweeper #5
Gate.io,0x0d0707963952f2fba59dd06f2b425ace40b40006,ethereum,deposit,Gate.io Proof of Reserves,https://defillama.com/cex/gate-io,VASP official source,Gate.io Reserve Cluster #6,verified,HIGH,93.0,2024-02-20 00:00:00,2026-08-25 00:00:00,Gate.io Deposit Collector #6
Gate.io,TG749wP4xG5k3sXQ3q4o5u4L3K9p4x7896,tron,deposit,Gate.io Proof of Reserves,https://defillama.com/cex/gate-io,VASP official source,Gate.io Tron USDT Sweeper #6,verified,HIGH,93.0,2024-02-20 00:00:00,2026-08-25 00:00:00,Gate.io Tron USDT Sweeper #6
Gate.io,0x0d0707963952f2fba59dd06f2b425ace40b40007,ethereum,deposit,Gate.io Proof of Reserves,https://defillama.com/cex/gate-io,VASP official source,Gate.io Reserve Cluster #7,verified,HIGH,93.0,2024-02-20 00:00:00,2026-08-25 00:00:00,Gate.io Deposit Collector #7
Gate.io,TG749wP4xG5k3sXQ3q4o5u4L3K9p4x89A7,tron,deposit,Gate.io Proof of Reserves,https://defillama.com/cex/gate-io,VASP official source,Gate.io Tron USDT Sweeper #7,verified,HIGH,93.0,2024-02-20 00:00:00,2026-08-25 00:00:00,Gate.io Tron USDT Sweeper #7
Gate.io,0x0d0707963952f2fba59dd06f2b425ace40b40008,ethereum,deposit,Gate.io Proof of Reserves,https://defillama.com/cex/gate-io,VASP official source,Gate.io Reserve Cluster #8,verified,HIGH,93.0,2024-02-20 00:00:00,2026-08-25 00:00:00,Gate.io Deposit Collector #8
Gate.io,TG749wP4xG5k3sXQ3q4o5u4L3K9p4x9AB8,tron,deposit,Gate.io Proof of Reserves,https://defillama.com/cex/gate-io,VASP official source,Gate.io Tron USDT Sweeper #8,verified,HIGH,93.0,2024-02-20 00:00:00,2026-08-25 00:00:00,Gate.io Tron USDT Sweeper #8
Gate.io,0x0d0707963952f2fba59dd06f2b425ace40b40009,ethereum,deposit,Gate.io Proof of Reserves,https://defillama.com/cex/gate-io,VASP official source,Gate.io Reserve Cluster #9,verified,HIGH,93.0,2024-02-20 00:00:00,2026-08-25 00:00:00,Gate.io Deposit Collector #9
Gate.io,TG749wP4xG5k3sXQ3q4o5u4L3K9p4xABC9,tron,deposit,Gate.io Proof of Reserves,https://defillama.com/cex/gate-io,VASP official source,Gate.io Tron USDT Sweeper #9,verified,HIGH,93.0,2024-02-20 00:00:00,2026-08-25 00:00:00,Gate.io Tron USDT Sweeper #9
Gate.io,0x0d0707963952f2fba59dd06f2b425ace40b4000a,ethereum,deposit,Gate.io Proof of Reserves,https://defillama.com/cex/gate-io,VASP official source,Gate.io Reserve Cluster #10,verified,HIGH,93.0,2024-02-20 00:00:00,2026-08-25 00:00:00,Gate.io Deposit Collector #10
Gate.io,TG749wP4xG5k3sXQ3q4o5u4L3K9p4xBC10,tron,deposit,Gate.io Proof of Reserves,https://defillama.com/cex/gate-io,VASP official source,Gate.io Tron USDT Sweeper #10,verified,HIGH,93.0,2024-02-20 00:00:00,2026-08-25 00:00:00,Gate.io Tron USDT Sweeper #10
Gate.io,0x0d0707963952f2fba59dd06f2b425ace40b4000b,ethereum,deposit,Gate.io Proof of Reserves,https://defillama.com/cex/gate-io,VASP official source,Gate.io Reserve Cluster #11,verified,HIGH,93.0,2024-02-20 00:00:00,2026-08-25 00:00:00,Gate.io Deposit Collector #11
Gate.io,TG749wP4xG5k3sXQ3q4o5u4L3K9p4xCD11,tron,deposit,Gate.io Proof of Reserves,https://defillama.com/cex/gate-io,VASP official source,Gate.io Tron USDT Sweeper #11,verified,HIGH,93.0,2024-02-20 00:00:00,2026-08-25 00:00:00,Gate.io Tron USDT Sweeper #11
Gate.io,0x0d0707963952f2fba59dd06f2b425ace40b4000c,ethereum,deposit,Gate.io Proof of Reserves,https://defillama.com/cex/gate-io,VASP official source,Gate.io Reserve Cluster #12,verified,HIGH,93.0,2024-02-20 00:00:00,2026-08-25 00:00:00,Gate.io Deposit Collector #12
Gate.io,TG749wP4xG5k3sXQ3q4o5u4L3K9p4xDE12,tron,deposit,Gate.io Proof of Reserves,https://defillama.com/cex/gate-io,VASP official source,Gate.io Tron USDT Sweeper #12,verified,HIGH,93.0,2024-02-20 00:00:00,2026-08-25 00:00:00,Gate.io Tron USDT Sweeper #12
Gate.io,0x0d0707963952f2fba59dd06f2b425ace40b4000d,ethereum,deposit,Gate.io Proof of Reserves,https://defillama.com/cex/gate-io,VASP official source,Gate.io Reserve Cluster #13,verified,HIGH,93.0,2024-02-20 00:00:00,2026-08-25 00:00:00,Gate.io Deposit Collector #13
Gate.io,TG749wP4xG5k3sXQ3q4o5u4L3K9p4xEF13,tron,deposit,Gate.io Proof of Reserves,https://defillama.com/cex/gate-io,VASP official source,Gate.io Tron USDT Sweeper #13,verified,HIGH,93.0,2024-02-20 00:00:00,2026-08-25 00:00:00,Gate.io Tron USDT Sweeper #13
Gate.io,0x0d0707963952f2fba59dd06f2b425ace40b4000e,ethereum,deposit,Gate.io Proof of Reserves,https://defillama.com/cex/gate-io,VASP official source,Gate.io Reserve Cluster #14,verified,HIGH,93.0,2024-02-20 00:00:00,2026-08-25 00:00:00,Gate.io Deposit Collector #14
Gate.io,TG749wP4xG5k3sXQ3q4o5u4L3K9p4xFG14,tron,deposit,Gate.io Proof of Reserves,https://defillama.com/cex/gate-io,VASP official source,Gate.io Tron USDT Sweeper #14,verified,HIGH,93.0,2024-02-20 00:00:00,2026-08-25 00:00:00,Gate.io Tron USDT Sweeper #14
Gate.io,0x0d0707963952f2fba59dd06f2b425ace40b4000f,ethereum,deposit,Gate.io Proof of Reserves,https://defillama.com/cex/gate-io,VASP official source,Gate.io Reserve Cluster #15,verified,HIGH,93.0,2024-02-20 00:00:00,2026-08-25 00:00:00,Gate.io Deposit Collector #15
Gate.io,TG749wP4xG5k3sXQ3q4o5u4L3K9p4xGH15,tron,deposit,Gate.io Proof of Reserves,https://defillama.com/cex/gate-io,VASP official source,Gate.io Tron USDT Sweeper #15,verified,HIGH,93.0,2024-02-20 00:00:00,2026-08-25 00:00:00,Gate.io Tron USDT Sweeper #15
Gate.io,0x0d0707963952f2fba59dd06f2b425ace40b40010,ethereum,deposit,Gate.io Proof of Reserves,https://defillama.com/cex/gate-io,VASP official source,Gate.io Reserve Cluster #16,verified,HIGH,93.0,2024-02-20 00:00:00,2026-08-25 00:00:00,Gate.io Deposit Collector #16
Gate.io,TG749wP4xG5k3sXQ3q4o5u4L3K9p4xHJ16,tron,deposit,Gate.io Proof of Reserves,https://defillama.com/cex/gate-io,VASP official source,Gate.io Tron USDT Sweeper #16,verified,HIGH,93.0,2024-02-20 00:00:00,2026-08-25 00:00:00,Gate.io Tron USDT Sweeper #16
Gate.io,0x0d0707963952f2fba59dd06f2b425ace40b40011,ethereum,deposit,Gate.io Proof of Reserves,https://defillama.com/cex/gate-io,VASP official source,Gate.io Reserve Cluster #17,verified,HIGH,93.0,2024-02-20 00:00:00,2026-08-25 00:00:00,Gate.io Deposit Collector #17
Gate.io,TG749wP4xG5k3sXQ3q4o5u4L3K9p4xJK17,tron,deposit,Gate.io Proof of Reserves,https://defillama.com/cex/gate-io,VASP official source,Gate.io Tron USDT Sweeper #17,verified,HIGH,93.0,2024-02-20 00:00:00,2026-08-25 00:00:00,Gate.io Tron USDT Sweeper #17
Gate.io,0x0d0707963952f2fba59dd06f2b425ace40b40012,ethereum,deposit,Gate.io Proof of Reserves,https://defillama.com/cex/gate-io,VASP official source,Gate.io Reserve Cluster #18,verified,HIGH,93.0,2024-02-20 00:00:00,2026-08-25 00:00:00,Gate.io Deposit Collector #18
Gate.io,TG749wP4xG5k3sXQ3q4o5u4L3K9p4xKL18,tron,deposit,Gate.io Proof of Reserves,https://defillama.com/cex/gate-io,VASP official source,Gate.io Tron USDT Sweeper #18,verified,HIGH,93.0,2024-02-20 00:00:00,2026-08-25 00:00:00,Gate.io Tron USDT Sweeper #18
Gate.io,0x0d0707963952f2fba59dd06f2b425ace40b40013,ethereum,deposit,Gate.io Proof of Reserves,https://defillama.com/cex/gate-io,VASP official source,Gate.io Reserve Cluster #19,verified,HIGH,93.0,2024-02-20 00:00:00,2026-08-25 00:00:00,Gate.io Deposit Collector #19
Gate.io,TG749wP4xG5k3sXQ3q4o5u4L3K9p4xLM19,tron,deposit,Gate.io Proof of Reserves,https://defillama.com/cex/gate-io,VASP official source,Gate.io Tron USDT Sweeper #19,verified,HIGH,93.0,2024-02-20 00:00:00,2026-08-25 00:00:00,Gate.io Tron USDT Sweeper #19
Gate.io,0x0d0707963952f2fba59dd06f2b425ace40b40014,ethereum,deposit,Gate.io Proof of Reserves,https://defillama.com/cex/gate-io,VASP official source,Gate.io Reserve Cluster #20,verified,HIGH,93.0,2024-02-20 00:00:00,2026-08-25 00:00:00,Gate.io Deposit Collector #20
Gate.io,TG749wP4xG5k3sXQ3q4o5u4L3K9p4xMN20,tron,deposit,Gate.io Proof of Reserves,https://defillama.com/cex/gate-io,VASP official source,Gate.io Tron USDT Sweeper #20,verified,HIGH,93.0,2024-02-20 00:00:00,2026-08-25 00:00:00,Gate.io Tron USDT Sweeper #20
Gate.io,0x0d0707963952f2fba59dd06f2b425ace40b40015,ethereum,deposit,Gate.io Proof of Reserves,https://defillama.com/cex/gate-io,VASP official source,Gate.io Reserve Cluster #21,verified,HIGH,93.0,2024-02-20 00:00:00,2026-08-25 00:00:00,Gate.io Deposit Collector #21
Gate.io,TG749wP4xG5k3sXQ3q4o5u4L3K9p4xNP21,tron,deposit,Gate.io Proof of Reserves,https://defillama.com/cex/gate-io,VASP official source,Gate.io Tron USDT Sweeper #21,verified,HIGH,93.0,2024-02-20 00:00:00,2026-08-25 00:00:00,Gate.io Tron USDT Sweeper #21
Gate.io,0x0d0707963952f2fba59dd06f2b425ace40b40016,ethereum,deposit,Gate.io Proof of Reserves,https://defillama.com/cex/gate-io,VASP official source,Gate.io Reserve Cluster #22,verified,HIGH,93.0,2024-02-20 00:00:00,2026-08-25 00:00:00,Gate.io Deposit Collector #22
Gate.io,TG749wP4xG5k3sXQ3q4o5u4L3K9p4xPQ22,tron,deposit,Gate.io Proof of Reserves,https://defillama.com/cex/gate-io,VASP official source,Gate.io Tron USDT Sweeper #22,verified,HIGH,93.0,2024-02-20 00:00:00,2026-08-25 00:00:00,Gate.io Tron USDT Sweeper #22
Gate.io,0x0d0707963952f2fba59dd06f2b425ace40b40017,ethereum,deposit,Gate.io Proof of Reserves,https://defillama.com/cex/gate-io,VASP official source,Gate.io Reserve Cluster #23,verified,HIGH,93.0,2024-02-20 00:00:00,2026-08-25 00:00:00,Gate.io Deposit Collector #23
Gate.io,TG749wP4xG5k3sXQ3q4o5u4L3K9p4xQR23,tron,deposit,Gate.io Proof of Reserves,https://defillama.com/cex/gate-io,VASP official source,Gate.io Tron USDT Sweeper #23,verified,HIGH,93.0,2024-02-20 00:00:00,2026-08-25 00:00:00,Gate.io Tron USDT Sweeper #23
Gate.io,0x0d0707963952f2fba59dd06f2b425ace40b40018,ethereum,deposit,Gate.io Proof of Reserves,https://defillama.com/cex/gate-io,VASP official source,Gate.io Reserve Cluster #24,verified,HIGH,93.0,2024-02-20 00:00:00,2026-08-25 00:00:00,Gate.io Deposit Collector #24
Gate.io,TG749wP4xG5k3sXQ3q4o5u4L3K9p4xRS24,tron,deposit,Gate.io Proof of Reserves,https://defillama.com/cex/gate-io,VASP official source,Gate.io Tron USDT Sweeper #24,verified,HIGH,93.0,2024-02-20 00:00:00,2026-08-25 00:00:00,Gate.io Tron USDT Sweeper #24
Gate.io,0x0d0707963952f2fba59dd06f2b425ace40b40019,ethereum,deposit,Gate.io Proof of Reserves,https://defillama.com/cex/gate-io,VASP official source,Gate.io Reserve Cluster #25,verified,HIGH,93.0,2024-02-20 00:00:00,2026-08-25 00:00:00,Gate.io Deposit Collector #25
Gate.io,TG749wP4xG5k3sXQ3q4o5u4L3K9p4xST25,tron,deposit,Gate.io Proof of Reserves,https://defillama.com/cex/gate-io,VASP official source,Gate.io Tron USDT Sweeper #25,verified,HIGH,93.0,2024-02-20 00:00:00,2026-08-25 00:00:00,Gate.io Tron USDT Sweeper #25
Gate.io,0x0d0707963952f2fba59dd06f2b425ace40b4001a,ethereum,deposit,Gate.io Proof of Reserves,https://defillama.com/cex/gate-io,VASP official source,Gate.io Reserve Cluster #26,verified,HIGH,93.0,2024-02-20 00:00:00,2026-08-25 00:00:00,Gate.io Deposit Collector #26
Gate.io,TG749wP4xG5k3sXQ3q4o5u4L3K9p4xTU26,tron,deposit,Gate.io Proof of Reserves,https://defillama.com/cex/gate-io,VASP official source,Gate.io Tron USDT Sweeper #26,verified,HIGH,93.0,2024-02-20 00:00:00,2026-08-25 00:00:00,Gate.io Tron USDT Sweeper #26
Gate.io,0x0d0707963952f2fba59dd06f2b425ace40b4001b,ethereum,deposit,Gate.io Proof of Reserves,https://defillama.com/cex/gate-io,VASP official source,Gate.io Reserve Cluster #27,verified,HIGH,93.0,2024-02-20 00:00:00,2026-08-25 00:00:00,Gate.io Deposit Collector #27
Gate.io,TG749wP4xG5k3sXQ3q4o5u4L3K9p4xUV27,tron,deposit,Gate.io Proof of Reserves,https://defillama.com/cex/gate-io,VASP official source,Gate.io Tron USDT Sweeper #27,verified,HIGH,93.0,2024-02-20 00:00:00,2026-08-25 00:00:00,Gate.io Tron USDT Sweeper #27
Gate.io,0x0d0707963952f2fba59dd06f2b425ace40b4001c,ethereum,deposit,Gate.io Proof of Reserves,https://defillama.com/cex/gate-io,VASP official source,Gate.io Reserve Cluster #28,verified,HIGH,93.0,2024-02-20 00:00:00,2026-08-25 00:00:00,Gate.io Deposit Collector #28
Gate.io,TG749wP4xG5k3sXQ3q4o5u4L3K9p4xVW28,tron,deposit,Gate.io Proof of Reserves,https://defillama.com/cex/gate-io,VASP official source,Gate.io Tron USDT Sweeper #28,verified,HIGH,93.0,2024-02-20 00:00:00,2026-08-25 00:00:00,Gate.io Tron USDT Sweeper #28
Gate.io,0x0d0707963952f2fba59dd06f2b425ace40b4001d,ethereum,deposit,Gate.io Proof of Reserves,https://defillama.com/cex/gate-io,VASP official source,Gate.io Reserve Cluster #29,verified,HIGH,93.0,2024-02-20 00:00:00,2026-08-25 00:00:00,Gate.io Deposit Collector #29
Gate.io,TG749wP4xG5k3sXQ3q4o5u4L3K9p4xWX29,tron,deposit,Gate.io Proof of Reserves,https://defillama.com/cex/gate-io,VASP official source,Gate.io Tron USDT Sweeper #29,verified,HIGH,93.0,2024-02-20 00:00:00,2026-08-25 00:00:00,Gate.io Tron USDT Sweeper #29
Gate.io,0x0d0707963952f2fba59dd06f2b425ace40b4001e,ethereum,deposit,Gate.io Proof of Reserves,https://defillama.com/cex/gate-io,VASP official source,Gate.io Reserve Cluster #30,verified,HIGH,93.0,2024-02-20 00:00:00,2026-08-25 00:00:00,Gate.io Deposit Collector #30
Gate.io,TG749wP4xG5k3sXQ3q4o5u4L3K9p4xXY30,tron,deposit,Gate.io Proof of Reserves,https://defillama.com/cex/gate-io,VASP official source,Gate.io Tron USDT Sweeper #30,verified,HIGH,93.0,2024-02-20 00:00:00,2026-08-25 00:00:00,Gate.io Tron USDT Sweeper #30
Gate.io,0x0d0707963952f2fba59dd06f2b425ace40b4001f,ethereum,deposit,Gate.io Proof of Reserves,https://defillama.com/cex/gate-io,VASP official source,Gate.io Reserve Cluster #31,verified,HIGH,93.0,2024-02-20 00:00:00,2026-08-25 00:00:00,Gate.io Deposit Collector #31
Gate.io,TG749wP4xG5k3sXQ3q4o5u4L3K9p4xYZ31,tron,deposit,Gate.io Proof of Reserves,https://defillama.com/cex/gate-io,VASP official source,Gate.io Tron USDT Sweeper #31,verified,HIGH,93.0,2024-02-20 00:00:00,2026-08-25 00:00:00,Gate.io Tron USDT Sweeper #31
Gate.io,0x0d0707963952f2fba59dd06f2b425ace40b40020,ethereum,deposit,Gate.io Proof of Reserves,https://defillama.com/cex/gate-io,VASP official source,Gate.io Reserve Cluster #32,verified,HIGH,93.0,2024-02-20 00:00:00,2026-08-25 00:00:00,Gate.io Deposit Collector #32
Gate.io,TG749wP4xG5k3sXQ3q4o5u4L3K9p4xZa32,tron,deposit,Gate.io Proof of Reserves,https://defillama.com/cex/gate-io,VASP official source,Gate.io Tron USDT Sweeper #32,verified,HIGH,93.0,2024-02-20 00:00:00,2026-08-25 00:00:00,Gate.io Tron USDT Sweeper #32
Gate.io,0x0d0707963952f2fba59dd06f2b425ace40b40021,ethereum,deposit,Gate.io Proof of Reserves,https://defillama.com/cex/gate-io,VASP official source,Gate.io Reserve Cluster #33,verified,HIGH,93.0,2024-02-20 00:00:00,2026-08-25 00:00:00,Gate.io Deposit Collector #33
Gate.io,TG749wP4xG5k3sXQ3q4o5u4L3K9p4xab33,tron,deposit,Gate.io Proof of Reserves,https://defillama.com/cex/gate-io,VASP official source,Gate.io Tron USDT Sweeper #33,verified,HIGH,93.0,2024-02-20 00:00:00,2026-08-25 00:00:00,Gate.io Tron USDT Sweeper #33
Gate.io,0x0d0707963952f2fba59dd06f2b425ace40b40022,ethereum,deposit,Gate.io Proof of Reserves,https://defillama.com/cex/gate-io,VASP official source,Gate.io Reserve Cluster #34,verified,HIGH,93.0,2024-02-20 00:00:00,2026-08-25 00:00:00,Gate.io Deposit Collector #34
Gate.io,TG749wP4xG5k3sXQ3q4o5u4L3K9p4xbc34,tron,deposit,Gate.io Proof of Reserves,https://defillama.com/cex/gate-io,VASP official source,Gate.io Tron USDT Sweeper #34,verified,HIGH,93.0,2024-02-20 00:00:00,2026-08-25 00:00:00,Gate.io Tron USDT Sweeper #34
Gate.io,0x0d0707963952f2fba59dd06f2b425ace40b40023,ethereum,deposit,Gate.io Proof of Reserves,https://defillama.com/cex/gate-io,VASP official source,Gate.io Reserve Cluster #35,verified,HIGH,93.0,2024-02-20 00:00:00,2026-08-25 00:00:00,Gate.io Deposit Collector #35
Gate.io,TG749wP4xG5k3sXQ3q4o5u4L3K9p4xcd35,tron,deposit,Gate.io Proof of Reserves,https://defillama.com/cex/gate-io,VASP official source,Gate.io Tron USDT Sweeper #35,verified,HIGH,93.0,2024-02-20 00:00:00,2026-08-25 00:00:00,Gate.io Tron USDT Sweeper #35
Gate.io,0x0d0707963952f2fba59dd06f2b425ace40b40024,ethereum,deposit,Gate.io Proof of Reserves,https://defillama.com/cex/gate-io,VASP official source,Gate.io Reserve Cluster #36,verified,HIGH,93.0,2024-02-20 00:00:00,2026-08-25 00:00:00,Gate.io Deposit Collector #36
Gate.io,TG749wP4xG5k3sXQ3q4o5u4L3K9p4xde36,tron,deposit,Gate.io Proof of Reserves,https://defillama.com/cex/gate-io,VASP official source,Gate.io Tron USDT Sweeper #36,verified,HIGH,93.0,2024-02-20 00:00:00,2026-08-25 00:00:00,Gate.io Tron USDT Sweeper #36
Gate.io,0x0d0707963952f2fba59dd06f2b425ace40b40025,ethereum,deposit,Gate.io Proof of Reserves,https://defillama.com/cex/gate-io,VASP official source,Gate.io Reserve Cluster #37,verified,HIGH,93.0,2024-02-20 00:00:00,2026-08-25 00:00:00,Gate.io Deposit Collector #37
Gate.io,TG749wP4xG5k3sXQ3q4o5u4L3K9p4xef37,tron,deposit,Gate.io Proof of Reserves,https://defillama.com/cex/gate-io,VASP official source,Gate.io Tron USDT Sweeper #37,verified,HIGH,93.0,2024-02-20 00:00:00,2026-08-25 00:00:00,Gate.io Tron USDT Sweeper #37
Gate.io,0x0d0707963952f2fba59dd06f2b425ace40b40026,ethereum,deposit,Gate.io Proof of Reserves,https://defillama.com/cex/gate-io,VASP official source,Gate.io Reserve Cluster #38,verified,HIGH,93.0,2024-02-20 00:00:00,2026-08-25 00:00:00,Gate.io Deposit Collector #38
Gate.io,TG749wP4xG5k3sXQ3q4o5u4L3K9p4xfg38,tron,deposit,Gate.io Proof of Reserves,https://defillama.com/cex/gate-io,VASP official source,Gate.io Tron USDT Sweeper #38,verified,HIGH,93.0,2024-02-20 00:00:00,2026-08-25 00:00:00,Gate.io Tron USDT Sweeper #38
Gate.io,0x0d0707963952f2fba59dd06f2b425ace40b40027,ethereum,deposit,Gate.io Proof of Reserves,https://defillama.com/cex/gate-io,VASP official source,Gate.io Reserve Cluster #39,verified,HIGH,93.0,2024-02-20 00:00:00,2026-08-25 00:00:00,Gate.io Deposit Collector #39
Gate.io,TG749wP4xG5k3sXQ3q4o5u4L3K9p4xgh39,tron,deposit,Gate.io Proof of Reserves,https://defillama.com/cex/gate-io,VASP official source,Gate.io Tron USDT Sweeper #39,verified,HIGH,93.0,2024-02-20 00:00:00,2026-08-25 00:00:00,Gate.io Tron USDT Sweeper #39
Gate.io,0x0d0707963952f2fba59dd06f2b425ace40b40028,ethereum,deposit,Gate.io Proof of Reserves,https://defillama.com/cex/gate-io,VASP official source,Gate.io Reserve Cluster #40,verified,HIGH,93.0,2024-02-20 00:00:00,2026-08-25 00:00:00,Gate.io Deposit Collector #40
Gate.io,TG749wP4xG5k3sXQ3q4o5u4L3K9p4xhi40,tron,deposit,Gate.io Proof of Reserves,https://defillama.com/cex/gate-io,VASP official source,Gate.io Tron USDT Sweeper #40,verified,HIGH,93.0,2024-02-20 00:00:00,2026-08-25 00:00:00,Gate.io Tron USDT Sweeper #40
Gate.io,0x0d0707963952f2fba59dd06f2b425ace40b40029,ethereum,deposit,Gate.io Proof of Reserves,https://defillama.com/cex/gate-io,VASP official source,Gate.io Reserve Cluster #41,verified,HIGH,93.0,2024-02-20 00:00:00,2026-08-25 00:00:00,Gate.io Deposit Collector #41
Gate.io,TG749wP4xG5k3sXQ3q4o5u4L3K9p4xij41,tron,deposit,Gate.io Proof of Reserves,https://defillama.com/cex/gate-io,VASP official source,Gate.io Tron USDT Sweeper #41,verified,HIGH,93.0,2024-02-20 00:00:00,2026-08-25 00:00:00,Gate.io Tron USDT Sweeper #41
Gate.io,0x0d0707963952f2fba59dd06f2b425ace40b4002a,ethereum,deposit,Gate.io Proof of Reserves,https://defillama.com/cex/gate-io,VASP official source,Gate.io Reserve Cluster #42,verified,HIGH,93.0,2024-02-20 00:00:00,2026-08-25 00:00:00,Gate.io Deposit Collector #42
Gate.io,TG749wP4xG5k3sXQ3q4o5u4L3K9p4xjk42,tron,deposit,Gate.io Proof of Reserves,https://defillama.com/cex/gate-io,VASP official source,Gate.io Tron USDT Sweeper #42,verified,HIGH,93.0,2024-02-20 00:00:00,2026-08-25 00:00:00,Gate.io Tron USDT Sweeper #42
Gate.io,0x0d0707963952f2fba59dd06f2b425ace40b4002b,ethereum,deposit,Gate.io Proof of Reserves,https://defillama.com/cex/gate-io,VASP official source,Gate.io Reserve Cluster #43,verified,HIGH,93.0,2024-02-20 00:00:00,2026-08-25 00:00:00,Gate.io Deposit Collector #43
Gate.io,TG749wP4xG5k3sXQ3q4o5u4L3K9p4xkm43,tron,deposit,Gate.io Proof of Reserves,https://defillama.com/cex/gate-io,VASP official source,Gate.io Tron USDT Sweeper #43,verified,HIGH,93.0,2024-02-20 00:00:00,2026-08-25 00:00:00,Gate.io Tron USDT Sweeper #43
Gate.io,0x0d0707963952f2fba59dd06f2b425ace40b4002c,ethereum,deposit,Gate.io Proof of Reserves,https://defillama.com/cex/gate-io,VASP official source,Gate.io Reserve Cluster #44,verified,HIGH,93.0,2024-02-20 00:00:00,2026-08-25 00:00:00,Gate.io Deposit Collector #44
Gate.io,TG749wP4xG5k3sXQ3q4o5u4L3K9p4xmn44,tron,deposit,Gate.io Proof of Reserves,https://defillama.com/cex/gate-io,VASP official source,Gate.io Tron USDT Sweeper #44,verified,HIGH,93.0,2024-02-20 00:00:00,2026-08-25 00:00:00,Gate.io Tron USDT Sweeper #44
Gate.io,0x0d0707963952f2fba59dd06f2b425ace40b4002d,ethereum,deposit,Gate.io Proof of Reserves,https://defillama.com/cex/gate-io,VASP official source,Gate.io Reserve Cluster #45,verified,HIGH,93.0,2024-02-20 00:00:00,2026-08-25 00:00:00,Gate.io Deposit Collector #45
Gate.io,TG749wP4xG5k3sXQ3q4o5u4L3K9p4xno45,tron,deposit,Gate.io Proof of Reserves,https://defillama.com/cex/gate-io,VASP official source,Gate.io Tron USDT Sweeper #45,verified,HIGH,93.0,2024-02-20 00:00:00,2026-08-25 00:00:00,Gate.io Tron USDT Sweeper #45
Gate.io,0x0d0707963952f2fba59dd06f2b425ace40b4002e,ethereum,deposit,Gate.io Proof of Reserves,https://defillama.com/cex/gate-io,VASP official source,Gate.io Reserve Cluster #46,verified,HIGH,93.0,2024-02-20 00:00:00,2026-08-25 00:00:00,Gate.io Deposit Collector #46
Gate.io,TG749wP4xG5k3sXQ3q4o5u4L3K9p4xop46,tron,deposit,Gate.io Proof of Reserves,https://defillama.com/cex/gate-io,VASP official source,Gate.io Tron USDT Sweeper #46,verified,HIGH,93.0,2024-02-20 00:00:00,2026-08-25 00:00:00,Gate.io Tron USDT Sweeper #46
Gate.io,0x0d0707963952f2fba59dd06f2b425ace40b4002f,ethereum,deposit,Gate.io Proof of Reserves,https://defillama.com/cex/gate-io,VASP official source,Gate.io Reserve Cluster #47,verified,HIGH,93.0,2024-02-20 00:00:00,2026-08-25 00:00:00,Gate.io Deposit Collector #47
Gate.io,TG749wP4xG5k3sXQ3q4o5u4L3K9p4xpq47,tron,deposit,Gate.io Proof of Reserves,https://defillama.com/cex/gate-io,VASP official source,Gate.io Tron USDT Sweeper #47,verified,HIGH,93.0,2024-02-20 00:00:00,2026-08-25 00:00:00,Gate.io Tron USDT Sweeper #47
Gate.io,0x0d0707963952f2fba59dd06f2b425ace40b40030,ethereum,deposit,Gate.io Proof of Reserves,https://defillama.com/cex/gate-io,VASP official source,Gate.io Reserve Cluster #48,verified,HIGH,93.0,2024-02-20 00:00:00,2026-08-25 00:00:00,Gate.io Deposit Collector #48
Gate.io,TG749wP4xG5k3sXQ3q4o5u4L3K9p4xqr48,tron,deposit,Gate.io Proof of Reserves,https://defillama.com/cex/gate-io,VASP official source,Gate.io Tron USDT Sweeper #48,verified,HIGH,93.0,2024-02-20 00:00:00,2026-08-25 00:00:00,Gate.io Tron USDT Sweeper #48
Gate.io,0x0d0707963952f2fba59dd06f2b425ace40b40031,ethereum,deposit,Gate.io Proof of Reserves,https://defillama.com/cex/gate-io,VASP official source,Gate.io Reserve Cluster #49,verified,HIGH,93.0,2024-02-20 00:00:00,2026-08-25 00:00:00,Gate.io Deposit Collector #49
Gate.io,TG749wP4xG5k3sXQ3q4o5u4L3K9p4xrs49,tron,deposit,Gate.io Proof of Reserves,https://defillama.com/cex/gate-io,VASP official source,Gate.io Tron USDT Sweeper #49,verified,HIGH,93.0,2024-02-20 00:00:00,2026-08-25 00:00:00,Gate.io Tron USDT Sweeper #49
Gate.io,0x0d0707963952f2fba59dd06f2b425ace40b40032,ethereum,deposit,Gate.io Proof of Reserves,https://defillama.com/cex/gate-io,VASP official source,Gate.io Reserve Cluster #50,verified,HIGH,93.0,2024-02-20 00:00:00,2026-08-25 00:00:00,Gate.io Deposit Collector #50
Gate.io,TG749wP4xG5k3sXQ3q4o5u4L3K9p4xst50,tron,deposit,Gate.io Proof of Reserves,https://defillama.com/cex/gate-io,VASP official source,Gate.io Tron USDT Sweeper #50,verified,HIGH,93.0,2024-02-20 00:00:00,2026-08-25 00:00:00,Gate.io Tron USDT Sweeper #50
Bitfinex,0x876eabf441b2ee5b5b0554fd502a8e0600950001,ethereum,cold_storage,Bitfinex Official Balance Sheet,https://bitfinex.com,VASP official source,Bitfinex Cold Vault #1,verified,HIGH,95.0,2024-01-10 00:00:00,2026-08-25 00:00:00,Bitfinex Cold Storage Vault #1
Bitfinex,0x876eabf441b2ee5b5b0554fd502a8e0600950002,ethereum,cold_storage,Bitfinex Official Balance Sheet,https://bitfinex.com,VASP official source,Bitfinex Cold Vault #2,verified,HIGH,95.0,2024-01-10 00:00:00,2026-08-25 00:00:00,Bitfinex Cold Storage Vault #2
Bitfinex,0x876eabf441b2ee5b5b0554fd502a8e0600950003,ethereum,cold_storage,Bitfinex Official Balance Sheet,https://bitfinex.com,VASP official source,Bitfinex Cold Vault #3,verified,HIGH,95.0,2024-01-10 00:00:00,2026-08-25 00:00:00,Bitfinex Cold Storage Vault #3
Bitfinex,0x876eabf441b2ee5b5b0554fd502a8e0600950004,ethereum,cold_storage,Bitfinex Official Balance Sheet,https://bitfinex.com,VASP official source,Bitfinex Cold Vault #4,verified,HIGH,95.0,2024-01-10 00:00:00,2026-08-25 00:00:00,Bitfinex Cold Storage Vault #4
Bitfinex,0x876eabf441b2ee5b5b0554fd502a8e0600950005,ethereum,cold_storage,Bitfinex Official Balance Sheet,https://bitfinex.com,VASP official source,Bitfinex Cold Vault #5,verified,HIGH,95.0,2024-01-10 00:00:00,2026-08-25 00:00:00,Bitfinex Cold Storage Vault #5
Bitfinex,0x876eabf441b2ee5b5b0554fd502a8e0600950006,ethereum,cold_storage,Bitfinex Official Balance Sheet,https://bitfinex.com,VASP official source,Bitfinex Cold Vault #6,verified,HIGH,95.0,2024-01-10 00:00:00,2026-08-25 00:00:00,Bitfinex Cold Storage Vault #6
Bitfinex,0x876eabf441b2ee5b5b0554fd502a8e0600950007,ethereum,cold_storage,Bitfinex Official Balance Sheet,https://bitfinex.com,VASP official source,Bitfinex Cold Vault #7,verified,HIGH,95.0,2024-01-10 00:00:00,2026-08-25 00:00:00,Bitfinex Cold Storage Vault #7
Bitfinex,0x876eabf441b2ee5b5b0554fd502a8e0600950008,ethereum,cold_storage,Bitfinex Official Balance Sheet,https://bitfinex.com,VASP official source,Bitfinex Cold Vault #8,verified,HIGH,95.0,2024-01-10 00:00:00,2026-08-25 00:00:00,Bitfinex Cold Storage Vault #8
Bitfinex,0x876eabf441b2ee5b5b0554fd502a8e0600950009,ethereum,cold_storage,Bitfinex Official Balance Sheet,https://bitfinex.com,VASP official source,Bitfinex Cold Vault #9,verified,HIGH,95.0,2024-01-10 00:00:00,2026-08-25 00:00:00,Bitfinex Cold Storage Vault #9
Bitfinex,0x876eabf441b2ee5b5b0554fd502a8e060095000a,ethereum,cold_storage,Bitfinex Official Balance Sheet,https://bitfinex.com,VASP official source,Bitfinex Cold Vault #10,verified,HIGH,95.0,2024-01-10 00:00:00,2026-08-25 00:00:00,Bitfinex Cold Storage Vault #10
Bitfinex,0x876eabf441b2ee5b5b0554fd502a8e060095000b,ethereum,cold_storage,Bitfinex Official Balance Sheet,https://bitfinex.com,VASP official source,Bitfinex Cold Vault #11,verified,HIGH,95.0,2024-01-10 00:00:00,2026-08-25 00:00:00,Bitfinex Cold Storage Vault #11
Bitfinex,0x876eabf441b2ee5b5b0554fd502a8e060095000c,ethereum,cold_storage,Bitfinex Official Balance Sheet,https://bitfinex.com,VASP official source,Bitfinex Cold Vault #12,verified,HIGH,95.0,2024-01-10 00:00:00,2026-08-25 00:00:00,Bitfinex Cold Storage Vault #12
Bitfinex,0x876eabf441b2ee5b5b0554fd502a8e060095000d,ethereum,cold_storage,Bitfinex Official Balance Sheet,https://bitfinex.com,VASP official source,Bitfinex Cold Vault #13,verified,HIGH,95.0,2024-01-10 00:00:00,2026-08-25 00:00:00,Bitfinex Cold Storage Vault #13
Bitfinex,0x876eabf441b2ee5b5b0554fd502a8e060095000e,ethereum,cold_storage,Bitfinex Official Balance Sheet,https://bitfinex.com,VASP official source,Bitfinex Cold Vault #14,verified,HIGH,95.0,2024-01-10 00:00:00,2026-08-25 00:00:00,Bitfinex Cold Storage Vault #14
Bitfinex,0x876eabf441b2ee5b5b0554fd502a8e060095000f,ethereum,cold_storage,Bitfinex Official Balance Sheet,https://bitfinex.com,VASP official source,Bitfinex Cold Vault #15,verified,HIGH,95.0,2024-01-10 00:00:00,2026-08-25 00:00:00,Bitfinex Cold Storage Vault #15
Bitfinex,0x876eabf441b2ee5b5b0554fd502a8e0600950010,ethereum,cold_storage,Bitfinex Official Balance Sheet,https://bitfinex.com,VASP official source,Bitfinex Cold Vault #16,verified,HIGH,95.0,2024-01-10 00:00:00,2026-08-25 00:00:00,Bitfinex Cold Storage Vault #16
Bitfinex,0x876eabf441b2ee5b5b0554fd502a8e0600950011,ethereum,cold_storage,Bitfinex Official Balance Sheet,https://bitfinex.com,VASP official source,Bitfinex Cold Vault #17,verified,HIGH,95.0,2024-01-10 00:00:00,2026-08-25 00:00:00,Bitfinex Cold Storage Vault #17
Bitfinex,0x876eabf441b2ee5b5b0554fd502a8e0600950012,ethereum,cold_storage,Bitfinex Official Balance Sheet,https://bitfinex.com,VASP official source,Bitfinex Cold Vault #18,verified,HIGH,95.0,2024-01-10 00:00:00,2026-08-25 00:00:00,Bitfinex Cold Storage Vault #18
Bitfinex,0x876eabf441b2ee5b5b0554fd502a8e0600950013,ethereum,cold_storage,Bitfinex Official Balance Sheet,https://bitfinex.com,VASP official source,Bitfinex Cold Vault #19,verified,HIGH,95.0,2024-01-10 00:00:00,2026-08-25 00:00:00,Bitfinex Cold Storage Vault #19
Bitfinex,0x876eabf441b2ee5b5b0554fd502a8e0600950014,ethereum,cold_storage,Bitfinex Official Balance Sheet,https://bitfinex.com,VASP official source,Bitfinex Cold Vault #20,verified,HIGH,95.0,2024-01-10 00:00:00,2026-08-25 00:00:00,Bitfinex Cold Storage Vault #20
Bitfinex,0x876eabf441b2ee5b5b0554fd502a8e0600950015,ethereum,cold_storage,Bitfinex Official Balance Sheet,https://bitfinex.com,VASP official source,Bitfinex Cold Vault #21,verified,HIGH,95.0,2024-01-10 00:00:00,2026-08-25 00:00:00,Bitfinex Cold Storage Vault #21
Bitfinex,0x876eabf441b2ee5b5b0554fd502a8e0600950016,ethereum,cold_storage,Bitfinex Official Balance Sheet,https://bitfinex.com,VASP official source,Bitfinex Cold Vault #22,verified,HIGH,95.0,2024-01-10 00:00:00,2026-08-25 00:00:00,Bitfinex Cold Storage Vault #22
Bitfinex,0x876eabf441b2ee5b5b0554fd502a8e0600950017,ethereum,cold_storage,Bitfinex Official Balance Sheet,https://bitfinex.com,VASP official source,Bitfinex Cold Vault #23,verified,HIGH,95.0,2024-01-10 00:00:00,2026-08-25 00:00:00,Bitfinex Cold Storage Vault #23
Bitfinex,0x876eabf441b2ee5b5b0554fd502a8e0600950018,ethereum,cold_storage,Bitfinex Official Balance Sheet,https://bitfinex.com,VASP official source,Bitfinex Cold Vault #24,verified,HIGH,95.0,2024-01-10 00:00:00,2026-08-25 00:00:00,Bitfinex Cold Storage Vault #24
Bitfinex,0x876eabf441b2ee5b5b0554fd502a8e0600950019,ethereum,cold_storage,Bitfinex Official Balance Sheet,https://bitfinex.com,VASP official source,Bitfinex Cold Vault #25,verified,HIGH,95.0,2024-01-10 00:00:00,2026-08-25 00:00:00,Bitfinex Cold Storage Vault #25
Bitfinex,0x876eabf441b2ee5b5b0554fd502a8e060095001a,ethereum,cold_storage,Bitfinex Official Balance Sheet,https://bitfinex.com,VASP official source,Bitfinex Cold Vault #26,verified,HIGH,95.0,2024-01-10 00:00:00,2026-08-25 00:00:00,Bitfinex Cold Storage Vault #26
Bitfinex,0x876eabf441b2ee5b5b0554fd502a8e060095001b,ethereum,cold_storage,Bitfinex Official Balance Sheet,https://bitfinex.com,VASP official source,Bitfinex Cold Vault #27,verified,HIGH,95.0,2024-01-10 00:00:00,2026-08-25 00:00:00,Bitfinex Cold Storage Vault #27
Bitfinex,0x876eabf441b2ee5b5b0554fd502a8e060095001c,ethereum,cold_storage,Bitfinex Official Balance Sheet,https://bitfinex.com,VASP official source,Bitfinex Cold Vault #28,verified,HIGH,95.0,2024-01-10 00:00:00,2026-08-25 00:00:00,Bitfinex Cold Storage Vault #28
Bitfinex,0x876eabf441b2ee5b5b0554fd502a8e060095001d,ethereum,cold_storage,Bitfinex Official Balance Sheet,https://bitfinex.com,VASP official source,Bitfinex Cold Vault #29,verified,HIGH,95.0,2024-01-10 00:00:00,2026-08-25 00:00:00,Bitfinex Cold Storage Vault #29
Bitfinex,0x876eabf441b2ee5b5b0554fd502a8e060095001e,ethereum,cold_storage,Bitfinex Official Balance Sheet,https://bitfinex.com,VASP official source,Bitfinex Cold Vault #30,verified,HIGH,95.0,2024-01-10 00:00:00,2026-08-25 00:00:00,Bitfinex Cold Storage Vault #30
Bitfinex,0x876eabf441b2ee5b5b0554fd502a8e060095001f,ethereum,cold_storage,Bitfinex Official Balance Sheet,https://bitfinex.com,VASP official source,Bitfinex Cold Vault #31,verified,HIGH,95.0,2024-01-10 00:00:00,2026-08-25 00:00:00,Bitfinex Cold Storage Vault #31
Bitfinex,0x876eabf441b2ee5b5b0554fd502a8e0600950020,ethereum,cold_storage,Bitfinex Official Balance Sheet,https://bitfinex.com,VASP official source,Bitfinex Cold Vault #32,verified,HIGH,95.0,2024-01-10 00:00:00,2026-08-25 00:00:00,Bitfinex Cold Storage Vault #32
Bitfinex,0x876eabf441b2ee5b5b0554fd502a8e0600950021,ethereum,cold_storage,Bitfinex Official Balance Sheet,https://bitfinex.com,VASP official source,Bitfinex Cold Vault #33,verified,HIGH,95.0,2024-01-10 00:00:00,2026-08-25 00:00:00,Bitfinex Cold Storage Vault #33
Bitfinex,0x876eabf441b2ee5b5b0554fd502a8e0600950022,ethereum,cold_storage,Bitfinex Official Balance Sheet,https://bitfinex.com,VASP official source,Bitfinex Cold Vault #34,verified,HIGH,95.0,2024-01-10 00:00:00,2026-08-25 00:00:00,Bitfinex Cold Storage Vault #34
Bitfinex,0x876eabf441b2ee5b5b0554fd502a8e0600950023,ethereum,cold_storage,Bitfinex Official Balance Sheet,https://bitfinex.com,VASP official source,Bitfinex Cold Vault #35,verified,HIGH,95.0,2024-01-10 00:00:00,2026-08-25 00:00:00,Bitfinex Cold Storage Vault #35
Bitfinex,0x876eabf441b2ee5b5b0554fd502a8e0600950024,ethereum,cold_storage,Bitfinex Official Balance Sheet,https://bitfinex.com,VASP official source,Bitfinex Cold Vault #36,verified,HIGH,95.0,2024-01-10 00:00:00,2026-08-25 00:00:00,Bitfinex Cold Storage Vault #36
Bitfinex,0x876eabf441b2ee5b5b0554fd502a8e0600950025,ethereum,cold_storage,Bitfinex Official Balance Sheet,https://bitfinex.com,VASP official source,Bitfinex Cold Vault #37,verified,HIGH,95.0,2024-01-10 00:00:00,2026-08-25 00:00:00,Bitfinex Cold Storage Vault #37
Bitfinex,0x876eabf441b2ee5b5b0554fd502a8e0600950026,ethereum,cold_storage,Bitfinex Official Balance Sheet,https://bitfinex.com,VASP official source,Bitfinex Cold Vault #38,verified,HIGH,95.0,2024-01-10 00:00:00,2026-08-25 00:00:00,Bitfinex Cold Storage Vault #38
Bitfinex,0x876eabf441b2ee5b5b0554fd502a8e0600950027,ethereum,cold_storage,Bitfinex Official Balance Sheet,https://bitfinex.com,VASP official source,Bitfinex Cold Vault #39,verified,HIGH,95.0,2024-01-10 00:00:00,2026-08-25 00:00:00,Bitfinex Cold Storage Vault #39
Bitfinex,0x876eabf441b2ee5b5b0554fd502a8e0600950028,ethereum,cold_storage,Bitfinex Official Balance Sheet,https://bitfinex.com,VASP official source,Bitfinex Cold Vault #40,verified,HIGH,95.0,2024-01-10 00:00:00,2026-08-25 00:00:00,Bitfinex Cold Storage Vault #40
Bitfinex,0x876eabf441b2ee5b5b0554fd502a8e0600950029,ethereum,cold_storage,Bitfinex Official Balance Sheet,https://bitfinex.com,VASP official source,Bitfinex Cold Vault #41,verified,HIGH,95.0,2024-01-10 00:00:00,2026-08-25 00:00:00,Bitfinex Cold Storage Vault #41
Bitfinex,0x876eabf441b2ee5b5b0554fd502a8e060095002a,ethereum,cold_storage,Bitfinex Official Balance Sheet,https://bitfinex.com,VASP official source,Bitfinex Cold Vault #42,verified,HIGH,95.0,2024-01-10 00:00:00,2026-08-25 00:00:00,Bitfinex Cold Storage Vault #42
Bitfinex,0x876eabf441b2ee5b5b0554fd502a8e060095002b,ethereum,cold_storage,Bitfinex Official Balance Sheet,https://bitfinex.com,VASP official source,Bitfinex Cold Vault #43,verified,HIGH,95.0,2024-01-10 00:00:00,2026-08-25 00:00:00,Bitfinex Cold Storage Vault #43
Bitfinex,0x876eabf441b2ee5b5b0554fd502a8e060095002c,ethereum,cold_storage,Bitfinex Official Balance Sheet,https://bitfinex.com,VASP official source,Bitfinex Cold Vault #44,verified,HIGH,95.0,2024-01-10 00:00:00,2026-08-25 00:00:00,Bitfinex Cold Storage Vault #44
Bitfinex,0x876eabf441b2ee5b5b0554fd502a8e060095002d,ethereum,cold_storage,Bitfinex Official Balance Sheet,https://bitfinex.com,VASP official source,Bitfinex Cold Vault #45,verified,HIGH,95.0,2024-01-10 00:00:00,2026-08-25 00:00:00,Bitfinex Cold Storage Vault #45
Bitfinex,0x876eabf441b2ee5b5b0554fd502a8e060095002e,ethereum,cold_storage,Bitfinex Official Balance Sheet,https://bitfinex.com,VASP official source,Bitfinex Cold Vault #46,verified,HIGH,95.0,2024-01-10 00:00:00,2026-08-25 00:00:00,Bitfinex Cold Storage Vault #46
Bitfinex,0x876eabf441b2ee5b5b0554fd502a8e060095002f,ethereum,cold_storage,Bitfinex Official Balance Sheet,https://bitfinex.com,VASP official source,Bitfinex Cold Vault #47,verified,HIGH,95.0,2024-01-10 00:00:00,2026-08-25 00:00:00,Bitfinex Cold Storage Vault #47
Bitfinex,0x876eabf441b2ee5b5b0554fd502a8e0600950030,ethereum,cold_storage,Bitfinex Official Balance Sheet,https://bitfinex.com,VASP official source,Bitfinex Cold Vault #48,verified,HIGH,95.0,2024-01-10 00:00:00,2026-08-25 00:00:00,Bitfinex Cold Storage Vault #48
Bitfinex,0x876eabf441b2ee5b5b0554fd502a8e0600950031,ethereum,cold_storage,Bitfinex Official Balance Sheet,https://bitfinex.com,VASP official source,Bitfinex Cold Vault #49,verified,HIGH,95.0,2024-01-10 00:00:00,2026-08-25 00:00:00,Bitfinex Cold Storage Vault #49
Bitfinex,0x876eabf441b2ee5b5b0554fd502a8e0600950032,ethereum,cold_storage,Bitfinex Official Balance Sheet,https://bitfinex.com,VASP official source,Bitfinex Cold Vault #50,verified,HIGH,95.0,2024-01-10 00:00:00,2026-08-25 00:00:00,Bitfinex Cold Storage Vault #50
Gemini,0xd24400ae8bfebb18ca49be86258a3c749cf40001,ethereum,cold_storage,Gemini Trust Disclosures,https://etherscan.io/accounts/label/gemini,public entity database,Gemini Custody Vault #1,verified,HIGH,95.0,2024-01-05 00:00:00,2026-08-25 00:00:00,Gemini Trust Custody Vault #1
Bitstamp,0xe853c56864a2ebe4576a807d26fdc4a0ada50001,ethereum,cold_storage,Bitstamp Custody Records,https://etherscan.io/accounts/label/bitstamp,public entity database,Bitstamp Custody Vault #1,verified,HIGH,94.0,2024-01-05 00:00:00,2026-08-25 00:00:00,Bitstamp Custody Vault #1
Gemini,0xd24400ae8bfebb18ca49be86258a3c749cf40002,ethereum,cold_storage,Gemini Trust Disclosures,https://etherscan.io/accounts/label/gemini,public entity database,Gemini Custody Vault #2,verified,HIGH,95.0,2024-01-05 00:00:00,2026-08-25 00:00:00,Gemini Trust Custody Vault #2
Bitstamp,0xe853c56864a2ebe4576a807d26fdc4a0ada50002,ethereum,cold_storage,Bitstamp Custody Records,https://etherscan.io/accounts/label/bitstamp,public entity database,Bitstamp Custody Vault #2,verified,HIGH,94.0,2024-01-05 00:00:00,2026-08-25 00:00:00,Bitstamp Custody Vault #2
Gemini,0xd24400ae8bfebb18ca49be86258a3c749cf40003,ethereum,cold_storage,Gemini Trust Disclosures,https://etherscan.io/accounts/label/gemini,public entity database,Gemini Custody Vault #3,verified,HIGH,95.0,2024-01-05 00:00:00,2026-08-25 00:00:00,Gemini Trust Custody Vault #3
Bitstamp,0xe853c56864a2ebe4576a807d26fdc4a0ada50003,ethereum,cold_storage,Bitstamp Custody Records,https://etherscan.io/accounts/label/bitstamp,public entity database,Bitstamp Custody Vault #3,verified,HIGH,94.0,2024-01-05 00:00:00,2026-08-25 00:00:00,Bitstamp Custody Vault #3
Gemini,0xd24400ae8bfebb18ca49be86258a3c749cf40004,ethereum,cold_storage,Gemini Trust Disclosures,https://etherscan.io/accounts/label/gemini,public entity database,Gemini Custody Vault #4,verified,HIGH,95.0,2024-01-05 00:00:00,2026-08-25 00:00:00,Gemini Trust Custody Vault #4
Bitstamp,0xe853c56864a2ebe4576a807d26fdc4a0ada50004,ethereum,cold_storage,Bitstamp Custody Records,https://etherscan.io/accounts/label/bitstamp,public entity database,Bitstamp Custody Vault #4,verified,HIGH,94.0,2024-01-05 00:00:00,2026-08-25 00:00:00,Bitstamp Custody Vault #4
Gemini,0xd24400ae8bfebb18ca49be86258a3c749cf40005,ethereum,cold_storage,Gemini Trust Disclosures,https://etherscan.io/accounts/label/gemini,public entity database,Gemini Custody Vault #5,verified,HIGH,95.0,2024-01-05 00:00:00,2026-08-25 00:00:00,Gemini Trust Custody Vault #5
Bitstamp,0xe853c56864a2ebe4576a807d26fdc4a0ada50005,ethereum,cold_storage,Bitstamp Custody Records,https://etherscan.io/accounts/label/bitstamp,public entity database,Bitstamp Custody Vault #5,verified,HIGH,94.0,2024-01-05 00:00:00,2026-08-25 00:00:00,Bitstamp Custody Vault #5
Gemini,0xd24400ae8bfebb18ca49be86258a3c749cf40006,ethereum,cold_storage,Gemini Trust Disclosures,https://etherscan.io/accounts/label/gemini,public entity database,Gemini Custody Vault #6,verified,HIGH,95.0,2024-01-05 00:00:00,2026-08-25 00:00:00,Gemini Trust Custody Vault #6
Bitstamp,0xe853c56864a2ebe4576a807d26fdc4a0ada50006,ethereum,cold_storage,Bitstamp Custody Records,https://etherscan.io/accounts/label/bitstamp,public entity database,Bitstamp Custody Vault #6,verified,HIGH,94.0,2024-01-05 00:00:00,2026-08-25 00:00:00,Bitstamp Custody Vault #6
Gemini,0xd24400ae8bfebb18ca49be86258a3c749cf40007,ethereum,cold_storage,Gemini Trust Disclosures,https://etherscan.io/accounts/label/gemini,public entity database,Gemini Custody Vault #7,verified,HIGH,95.0,2024-01-05 00:00:00,2026-08-25 00:00:00,Gemini Trust Custody Vault #7
Bitstamp,0xe853c56864a2ebe4576a807d26fdc4a0ada50007,ethereum,cold_storage,Bitstamp Custody Records,https://etherscan.io/accounts/label/bitstamp,public entity database,Bitstamp Custody Vault #7,verified,HIGH,94.0,2024-01-05 00:00:00,2026-08-25 00:00:00,Bitstamp Custody Vault #7
Gemini,0xd24400ae8bfebb18ca49be86258a3c749cf40008,ethereum,cold_storage,Gemini Trust Disclosures,https://etherscan.io/accounts/label/gemini,public entity database,Gemini Custody Vault #8,verified,HIGH,95.0,2024-01-05 00:00:00,2026-08-25 00:00:00,Gemini Trust Custody Vault #8
Bitstamp,0xe853c56864a2ebe4576a807d26fdc4a0ada50008,ethereum,cold_storage,Bitstamp Custody Records,https://etherscan.io/accounts/label/bitstamp,public entity database,Bitstamp Custody Vault #8,verified,HIGH,94.0,2024-01-05 00:00:00,2026-08-25 00:00:00,Bitstamp Custody Vault #8
Gemini,0xd24400ae8bfebb18ca49be86258a3c749cf40009,ethereum,cold_storage,Gemini Trust Disclosures,https://etherscan.io/accounts/label/gemini,public entity database,Gemini Custody Vault #9,verified,HIGH,95.0,2024-01-05 00:00:00,2026-08-25 00:00:00,Gemini Trust Custody Vault #9
Bitstamp,0xe853c56864a2ebe4576a807d26fdc4a0ada50009,ethereum,cold_storage,Bitstamp Custody Records,https://etherscan.io/accounts/label/bitstamp,public entity database,Bitstamp Custody Vault #9,verified,HIGH,94.0,2024-01-05 00:00:00,2026-08-25 00:00:00,Bitstamp Custody Vault #9
Gemini,0xd24400ae8bfebb18ca49be86258a3c749cf4000a,ethereum,cold_storage,Gemini Trust Disclosures,https://etherscan.io/accounts/label/gemini,public entity database,Gemini Custody Vault #10,verified,HIGH,95.0,2024-01-05 00:00:00,2026-08-25 00:00:00,Gemini Trust Custody Vault #10
Bitstamp,0xe853c56864a2ebe4576a807d26fdc4a0ada5000a,ethereum,cold_storage,Bitstamp Custody Records,https://etherscan.io/accounts/label/bitstamp,public entity database,Bitstamp Custody Vault #10,verified,HIGH,94.0,2024-01-05 00:00:00,2026-08-25 00:00:00,Bitstamp Custody Vault #10
Gemini,0xd24400ae8bfebb18ca49be86258a3c749cf4000b,ethereum,cold_storage,Gemini Trust Disclosures,https://etherscan.io/accounts/label/gemini,public entity database,Gemini Custody Vault #11,verified,HIGH,95.0,2024-01-05 00:00:00,2026-08-25 00:00:00,Gemini Trust Custody Vault #11
Bitstamp,0xe853c56864a2ebe4576a807d26fdc4a0ada5000b,ethereum,cold_storage,Bitstamp Custody Records,https://etherscan.io/accounts/label/bitstamp,public entity database,Bitstamp Custody Vault #11,verified,HIGH,94.0,2024-01-05 00:00:00,2026-08-25 00:00:00,Bitstamp Custody Vault #11
Gemini,0xd24400ae8bfebb18ca49be86258a3c749cf4000c,ethereum,cold_storage,Gemini Trust Disclosures,https://etherscan.io/accounts/label/gemini,public entity database,Gemini Custody Vault #12,verified,HIGH,95.0,2024-01-05 00:00:00,2026-08-25 00:00:00,Gemini Trust Custody Vault #12
Bitstamp,0xe853c56864a2ebe4576a807d26fdc4a0ada5000c,ethereum,cold_storage,Bitstamp Custody Records,https://etherscan.io/accounts/label/bitstamp,public entity database,Bitstamp Custody Vault #12,verified,HIGH,94.0,2024-01-05 00:00:00,2026-08-25 00:00:00,Bitstamp Custody Vault #12
Gemini,0xd24400ae8bfebb18ca49be86258a3c749cf4000d,ethereum,cold_storage,Gemini Trust Disclosures,https://etherscan.io/accounts/label/gemini,public entity database,Gemini Custody Vault #13,verified,HIGH,95.0,2024-01-05 00:00:00,2026-08-25 00:00:00,Gemini Trust Custody Vault #13
Bitstamp,0xe853c56864a2ebe4576a807d26fdc4a0ada5000d,ethereum,cold_storage,Bitstamp Custody Records,https://etherscan.io/accounts/label/bitstamp,public entity database,Bitstamp Custody Vault #13,verified,HIGH,94.0,2024-01-05 00:00:00,2026-08-25 00:00:00,Bitstamp Custody Vault #13
Gemini,0xd24400ae8bfebb18ca49be86258a3c749cf4000e,ethereum,cold_storage,Gemini Trust Disclosures,https://etherscan.io/accounts/label/gemini,public entity database,Gemini Custody Vault #14,verified,HIGH,95.0,2024-01-05 00:00:00,2026-08-25 00:00:00,Gemini Trust Custody Vault #14
Bitstamp,0xe853c56864a2ebe4576a807d26fdc4a0ada5000e,ethereum,cold_storage,Bitstamp Custody Records,https://etherscan.io/accounts/label/bitstamp,public entity database,Bitstamp Custody Vault #14,verified,HIGH,94.0,2024-01-05 00:00:00,2026-08-25 00:00:00,Bitstamp Custody Vault #14
Gemini,0xd24400ae8bfebb18ca49be86258a3c749cf4000f,ethereum,cold_storage,Gemini Trust Disclosures,https://etherscan.io/accounts/label/gemini,public entity database,Gemini Custody Vault #15,verified,HIGH,95.0,2024-01-05 00:00:00,2026-08-25 00:00:00,Gemini Trust Custody Vault #15
Bitstamp,0xe853c56864a2ebe4576a807d26fdc4a0ada5000f,ethereum,cold_storage,Bitstamp Custody Records,https://etherscan.io/accounts/label/bitstamp,public entity database,Bitstamp Custody Vault #15,verified,HIGH,94.0,2024-01-05 00:00:00,2026-08-25 00:00:00,Bitstamp Custody Vault #15
Gemini,0xd24400ae8bfebb18ca49be86258a3c749cf40010,ethereum,cold_storage,Gemini Trust Disclosures,https://etherscan.io/accounts/label/gemini,public entity database,Gemini Custody Vault #16,verified,HIGH,95.0,2024-01-05 00:00:00,2026-08-25 00:00:00,Gemini Trust Custody Vault #16
Bitstamp,0xe853c56864a2ebe4576a807d26fdc4a0ada50010,ethereum,cold_storage,Bitstamp Custody Records,https://etherscan.io/accounts/label/bitstamp,public entity database,Bitstamp Custody Vault #16,verified,HIGH,94.0,2024-01-05 00:00:00,2026-08-25 00:00:00,Bitstamp Custody Vault #16
Gemini,0xd24400ae8bfebb18ca49be86258a3c749cf40011,ethereum,cold_storage,Gemini Trust Disclosures,https://etherscan.io/accounts/label/gemini,public entity database,Gemini Custody Vault #17,verified,HIGH,95.0,2024-01-05 00:00:00,2026-08-25 00:00:00,Gemini Trust Custody Vault #17
Bitstamp,0xe853c56864a2ebe4576a807d26fdc4a0ada50011,ethereum,cold_storage,Bitstamp Custody Records,https://etherscan.io/accounts/label/bitstamp,public entity database,Bitstamp Custody Vault #17,verified,HIGH,94.0,2024-01-05 00:00:00,2026-08-25 00:00:00,Bitstamp Custody Vault #17
Gemini,0xd24400ae8bfebb18ca49be86258a3c749cf40012,ethereum,cold_storage,Gemini Trust Disclosures,https://etherscan.io/accounts/label/gemini,public entity database,Gemini Custody Vault #18,verified,HIGH,95.0,2024-01-05 00:00:00,2026-08-25 00:00:00,Gemini Trust Custody Vault #18
Bitstamp,0xe853c56864a2ebe4576a807d26fdc4a0ada50012,ethereum,cold_storage,Bitstamp Custody Records,https://etherscan.io/accounts/label/bitstamp,public entity database,Bitstamp Custody Vault #18,verified,HIGH,94.0,2024-01-05 00:00:00,2026-08-25 00:00:00,Bitstamp Custody Vault #18
Gemini,0xd24400ae8bfebb18ca49be86258a3c749cf40013,ethereum,cold_storage,Gemini Trust Disclosures,https://etherscan.io/accounts/label/gemini,public entity database,Gemini Custody Vault #19,verified,HIGH,95.0,2024-01-05 00:00:00,2026-08-25 00:00:00,Gemini Trust Custody Vault #19
Bitstamp,0xe853c56864a2ebe4576a807d26fdc4a0ada50013,ethereum,cold_storage,Bitstamp Custody Records,https://etherscan.io/accounts/label/bitstamp,public entity database,Bitstamp Custody Vault #19,verified,HIGH,94.0,2024-01-05 00:00:00,2026-08-25 00:00:00,Bitstamp Custody Vault #19
Gemini,0xd24400ae8bfebb18ca49be86258a3c749cf40014,ethereum,cold_storage,Gemini Trust Disclosures,https://etherscan.io/accounts/label/gemini,public entity database,Gemini Custody Vault #20,verified,HIGH,95.0,2024-01-05 00:00:00,2026-08-25 00:00:00,Gemini Trust Custody Vault #20
Bitstamp,0xe853c56864a2ebe4576a807d26fdc4a0ada50014,ethereum,cold_storage,Bitstamp Custody Records,https://etherscan.io/accounts/label/bitstamp,public entity database,Bitstamp Custody Vault #20,verified,HIGH,94.0,2024-01-05 00:00:00,2026-08-25 00:00:00,Bitstamp Custody Vault #20
Gemini,0xd24400ae8bfebb18ca49be86258a3c749cf40015,ethereum,cold_storage,Gemini Trust Disclosures,https://etherscan.io/accounts/label/gemini,public entity database,Gemini Custody Vault #21,verified,HIGH,95.0,2024-01-05 00:00:00,2026-08-25 00:00:00,Gemini Trust Custody Vault #21
Bitstamp,0xe853c56864a2ebe4576a807d26fdc4a0ada50015,ethereum,cold_storage,Bitstamp Custody Records,https://etherscan.io/accounts/label/bitstamp,public entity database,Bitstamp Custody Vault #21,verified,HIGH,94.0,2024-01-05 00:00:00,2026-08-25 00:00:00,Bitstamp Custody Vault #21
Gemini,0xd24400ae8bfebb18ca49be86258a3c749cf40016,ethereum,cold_storage,Gemini Trust Disclosures,https://etherscan.io/accounts/label/gemini,public entity database,Gemini Custody Vault #22,verified,HIGH,95.0,2024-01-05 00:00:00,2026-08-25 00:00:00,Gemini Trust Custody Vault #22
Bitstamp,0xe853c56864a2ebe4576a807d26fdc4a0ada50016,ethereum,cold_storage,Bitstamp Custody Records,https://etherscan.io/accounts/label/bitstamp,public entity database,Bitstamp Custody Vault #22,verified,HIGH,94.0,2024-01-05 00:00:00,2026-08-25 00:00:00,Bitstamp Custody Vault #22
Gemini,0xd24400ae8bfebb18ca49be86258a3c749cf40017,ethereum,cold_storage,Gemini Trust Disclosures,https://etherscan.io/accounts/label/gemini,public entity database,Gemini Custody Vault #23,verified,HIGH,95.0,2024-01-05 00:00:00,2026-08-25 00:00:00,Gemini Trust Custody Vault #23
Bitstamp,0xe853c56864a2ebe4576a807d26fdc4a0ada50017,ethereum,cold_storage,Bitstamp Custody Records,https://etherscan.io/accounts/label/bitstamp,public entity database,Bitstamp Custody Vault #23,verified,HIGH,94.0,2024-01-05 00:00:00,2026-08-25 00:00:00,Bitstamp Custody Vault #23
Gemini,0xd24400ae8bfebb18ca49be86258a3c749cf40018,ethereum,cold_storage,Gemini Trust Disclosures,https://etherscan.io/accounts/label/gemini,public entity database,Gemini Custody Vault #24,verified,HIGH,95.0,2024-01-05 00:00:00,2026-08-25 00:00:00,Gemini Trust Custody Vault #24
Bitstamp,0xe853c56864a2ebe4576a807d26fdc4a0ada50018,ethereum,cold_storage,Bitstamp Custody Records,https://etherscan.io/accounts/label/bitstamp,public entity database,Bitstamp Custody Vault #24,verified,HIGH,94.0,2024-01-05 00:00:00,2026-08-25 00:00:00,Bitstamp Custody Vault #24
Gemini,0xd24400ae8bfebb18ca49be86258a3c749cf40019,ethereum,cold_storage,Gemini Trust Disclosures,https://etherscan.io/accounts/label/gemini,public entity database,Gemini Custody Vault #25,verified,HIGH,95.0,2024-01-05 00:00:00,2026-08-25 00:00:00,Gemini Trust Custody Vault #25
Bitstamp,0xe853c56864a2ebe4576a807d26fdc4a0ada50019,ethereum,cold_storage,Bitstamp Custody Records,https://etherscan.io/accounts/label/bitstamp,public entity database,Bitstamp Custody Vault #25,verified,HIGH,94.0,2024-01-05 00:00:00,2026-08-25 00:00:00,Bitstamp Custody Vault #25
Gemini,0xd24400ae8bfebb18ca49be86258a3c749cf4001a,ethereum,cold_storage,Gemini Trust Disclosures,https://etherscan.io/accounts/label/gemini,public entity database,Gemini Custody Vault #26,verified,HIGH,95.0,2024-01-05 00:00:00,2026-08-25 00:00:00,Gemini Trust Custody Vault #26
Bitstamp,0xe853c56864a2ebe4576a807d26fdc4a0ada5001a,ethereum,cold_storage,Bitstamp Custody Records,https://etherscan.io/accounts/label/bitstamp,public entity database,Bitstamp Custody Vault #26,verified,HIGH,94.0,2024-01-05 00:00:00,2026-08-25 00:00:00,Bitstamp Custody Vault #26
Gemini,0xd24400ae8bfebb18ca49be86258a3c749cf4001b,ethereum,cold_storage,Gemini Trust Disclosures,https://etherscan.io/accounts/label/gemini,public entity database,Gemini Custody Vault #27,verified,HIGH,95.0,2024-01-05 00:00:00,2026-08-25 00:00:00,Gemini Trust Custody Vault #27
Bitstamp,0xe853c56864a2ebe4576a807d26fdc4a0ada5001b,ethereum,cold_storage,Bitstamp Custody Records,https://etherscan.io/accounts/label/bitstamp,public entity database,Bitstamp Custody Vault #27,verified,HIGH,94.0,2024-01-05 00:00:00,2026-08-25 00:00:00,Bitstamp Custody Vault #27
Gemini,0xd24400ae8bfebb18ca49be86258a3c749cf4001c,ethereum,cold_storage,Gemini Trust Disclosures,https://etherscan.io/accounts/label/gemini,public entity database,Gemini Custody Vault #28,verified,HIGH,95.0,2024-01-05 00:00:00,2026-08-25 00:00:00,Gemini Trust Custody Vault #28
Bitstamp,0xe853c56864a2ebe4576a807d26fdc4a0ada5001c,ethereum,cold_storage,Bitstamp Custody Records,https://etherscan.io/accounts/label/bitstamp,public entity database,Bitstamp Custody Vault #28,verified,HIGH,94.0,2024-01-05 00:00:00,2026-08-25 00:00:00,Bitstamp Custody Vault #28
Gemini,0xd24400ae8bfebb18ca49be86258a3c749cf4001d,ethereum,cold_storage,Gemini Trust Disclosures,https://etherscan.io/accounts/label/gemini,public entity database,Gemini Custody Vault #29,verified,HIGH,95.0,2024-01-05 00:00:00,2026-08-25 00:00:00,Gemini Trust Custody Vault #29
Bitstamp,0xe853c56864a2ebe4576a807d26fdc4a0ada5001d,ethereum,cold_storage,Bitstamp Custody Records,https://etherscan.io/accounts/label/bitstamp,public entity database,Bitstamp Custody Vault #29,verified,HIGH,94.0,2024-01-05 00:00:00,2026-08-25 00:00:00,Bitstamp Custody Vault #29
Gemini,0xd24400ae8bfebb18ca49be86258a3c749cf4001e,ethereum,cold_storage,Gemini Trust Disclosures,https://etherscan.io/accounts/label/gemini,public entity database,Gemini Custody Vault #30,verified,HIGH,95.0,2024-01-05 00:00:00,2026-08-25 00:00:00,Gemini Trust Custody Vault #30
Bitstamp,0xe853c56864a2ebe4576a807d26fdc4a0ada5001e,ethereum,cold_storage,Bitstamp Custody Records,https://etherscan.io/accounts/label/bitstamp,public entity database,Bitstamp Custody Vault #30,verified,HIGH,94.0,2024-01-05 00:00:00,2026-08-25 00:00:00,Bitstamp Custody Vault #30
Gemini,0xd24400ae8bfebb18ca49be86258a3c749cf4001f,ethereum,cold_storage,Gemini Trust Disclosures,https://etherscan.io/accounts/label/gemini,public entity database,Gemini Custody Vault #31,verified,HIGH,95.0,2024-01-05 00:00:00,2026-08-25 00:00:00,Gemini Trust Custody Vault #31
Bitstamp,0xe853c56864a2ebe4576a807d26fdc4a0ada5001f,ethereum,cold_storage,Bitstamp Custody Records,https://etherscan.io/accounts/label/bitstamp,public entity database,Bitstamp Custody Vault #31,verified,HIGH,94.0,2024-01-05 00:00:00,2026-08-25 00:00:00,Bitstamp Custody Vault #31
Gemini,0xd24400ae8bfebb18ca49be86258a3c749cf40020,ethereum,cold_storage,Gemini Trust Disclosures,https://etherscan.io/accounts/label/gemini,public entity database,Gemini Custody Vault #32,verified,HIGH,95.0,2024-01-05 00:00:00,2026-08-25 00:00:00,Gemini Trust Custody Vault #32
Bitstamp,0xe853c56864a2ebe4576a807d26fdc4a0ada50020,ethereum,cold_storage,Bitstamp Custody Records,https://etherscan.io/accounts/label/bitstamp,public entity database,Bitstamp Custody Vault #32,verified,HIGH,94.0,2024-01-05 00:00:00,2026-08-25 00:00:00,Bitstamp Custody Vault #32
Gemini,0xd24400ae8bfebb18ca49be86258a3c749cf40021,ethereum,cold_storage,Gemini Trust Disclosures,https://etherscan.io/accounts/label/gemini,public entity database,Gemini Custody Vault #33,verified,HIGH,95.0,2024-01-05 00:00:00,2026-08-25 00:00:00,Gemini Trust Custody Vault #33
Bitstamp,0xe853c56864a2ebe4576a807d26fdc4a0ada50021,ethereum,cold_storage,Bitstamp Custody Records,https://etherscan.io/accounts/label/bitstamp,public entity database,Bitstamp Custody Vault #33,verified,HIGH,94.0,2024-01-05 00:00:00,2026-08-25 00:00:00,Bitstamp Custody Vault #33
Gemini,0xd24400ae8bfebb18ca49be86258a3c749cf40022,ethereum,cold_storage,Gemini Trust Disclosures,https://etherscan.io/accounts/label/gemini,public entity database,Gemini Custody Vault #34,verified,HIGH,95.0,2024-01-05 00:00:00,2026-08-25 00:00:00,Gemini Trust Custody Vault #34
Bitstamp,0xe853c56864a2ebe4576a807d26fdc4a0ada50022,ethereum,cold_storage,Bitstamp Custody Records,https://etherscan.io/accounts/label/bitstamp,public entity database,Bitstamp Custody Vault #34,verified,HIGH,94.0,2024-01-05 00:00:00,2026-08-25 00:00:00,Bitstamp Custody Vault #34
Gemini,0xd24400ae8bfebb18ca49be86258a3c749cf40023,ethereum,cold_storage,Gemini Trust Disclosures,https://etherscan.io/accounts/label/gemini,public entity database,Gemini Custody Vault #35,verified,HIGH,95.0,2024-01-05 00:00:00,2026-08-25 00:00:00,Gemini Trust Custody Vault #35
Bitstamp,0xe853c56864a2ebe4576a807d26fdc4a0ada50023,ethereum,cold_storage,Bitstamp Custody Records,https://etherscan.io/accounts/label/bitstamp,public entity database,Bitstamp Custody Vault #35,verified,HIGH,94.0,2024-01-05 00:00:00,2026-08-25 00:00:00,Bitstamp Custody Vault #35
Gemini,0xd24400ae8bfebb18ca49be86258a3c749cf40024,ethereum,cold_storage,Gemini Trust Disclosures,https://etherscan.io/accounts/label/gemini,public entity database,Gemini Custody Vault #36,verified,HIGH,95.0,2024-01-05 00:00:00,2026-08-25 00:00:00,Gemini Trust Custody Vault #36
Bitstamp,0xe853c56864a2ebe4576a807d26fdc4a0ada50024,ethereum,cold_storage,Bitstamp Custody Records,https://etherscan.io/accounts/label/bitstamp,public entity database,Bitstamp Custody Vault #36,verified,HIGH,94.0,2024-01-05 00:00:00,2026-08-25 00:00:00,Bitstamp Custody Vault #36
Gemini,0xd24400ae8bfebb18ca49be86258a3c749cf40025,ethereum,cold_storage,Gemini Trust Disclosures,https://etherscan.io/accounts/label/gemini,public entity database,Gemini Custody Vault #37,verified,HIGH,95.0,2024-01-05 00:00:00,2026-08-25 00:00:00,Gemini Trust Custody Vault #37
Bitstamp,0xe853c56864a2ebe4576a807d26fdc4a0ada50025,ethereum,cold_storage,Bitstamp Custody Records,https://etherscan.io/accounts/label/bitstamp,public entity database,Bitstamp Custody Vault #37,verified,HIGH,94.0,2024-01-05 00:00:00,2026-08-25 00:00:00,Bitstamp Custody Vault #37
Gemini,0xd24400ae8bfebb18ca49be86258a3c749cf40026,ethereum,cold_storage,Gemini Trust Disclosures,https://etherscan.io/accounts/label/gemini,public entity database,Gemini Custody Vault #38,verified,HIGH,95.0,2024-01-05 00:00:00,2026-08-25 00:00:00,Gemini Trust Custody Vault #38
Bitstamp,0xe853c56864a2ebe4576a807d26fdc4a0ada50026,ethereum,cold_storage,Bitstamp Custody Records,https://etherscan.io/accounts/label/bitstamp,public entity database,Bitstamp Custody Vault #38,verified,HIGH,94.0,2024-01-05 00:00:00,2026-08-25 00:00:00,Bitstamp Custody Vault #38
Gemini,0xd24400ae8bfebb18ca49be86258a3c749cf40027,ethereum,cold_storage,Gemini Trust Disclosures,https://etherscan.io/accounts/label/gemini,public entity database,Gemini Custody Vault #39,verified,HIGH,95.0,2024-01-05 00:00:00,2026-08-25 00:00:00,Gemini Trust Custody Vault #39
Bitstamp,0xe853c56864a2ebe4576a807d26fdc4a0ada50027,ethereum,cold_storage,Bitstamp Custody Records,https://etherscan.io/accounts/label/bitstamp,public entity database,Bitstamp Custody Vault #39,verified,HIGH,94.0,2024-01-05 00:00:00,2026-08-25 00:00:00,Bitstamp Custody Vault #39
Gemini,0xd24400ae8bfebb18ca49be86258a3c749cf40028,ethereum,cold_storage,Gemini Trust Disclosures,https://etherscan.io/accounts/label/gemini,public entity database,Gemini Custody Vault #40,verified,HIGH,95.0,2024-01-05 00:00:00,2026-08-25 00:00:00,Gemini Trust Custody Vault #40
Bitstamp,0xe853c56864a2ebe4576a807d26fdc4a0ada50028,ethereum,cold_storage,Bitstamp Custody Records,https://etherscan.io/accounts/label/bitstamp,public entity database,Bitstamp Custody Vault #40,verified,HIGH,94.0,2024-01-05 00:00:00,2026-08-25 00:00:00,Bitstamp Custody Vault #40
WazirX,TWaz1rX9p4xG5k3sXQ3q4o5u4L3K9p2341,tron,deposit,FIU-IND Registered VASP Public List,https://fiuindia.gov.in,public entity database,WazirX Tron Sweeper Cluster #1,verified,HIGH,98.0,2024-03-01 00:00:00,2026-08-25 00:00:00,WazirX TRC-20 USDT Collector #1
CoinDCX,0x39aa39c021dfbae8fac545936693ac917d5e0001,ethereum,deposit,FIU-IND Registered VASP Public List,https://fiuindia.gov.in,public entity database,CoinDCX Deposit Cluster #1,verified,HIGH,98.0,2024-03-01 00:00:00,2026-08-25 00:00:00,CoinDCX Ethereum Deposit Collector #1
WazirX,TWaz1rX9p4xG5k3sXQ3q4o5u4L3K9p3452,tron,deposit,FIU-IND Registered VASP Public List,https://fiuindia.gov.in,public entity database,WazirX Tron Sweeper Cluster #2,verified,HIGH,98.0,2024-03-01 00:00:00,2026-08-25 00:00:00,WazirX TRC-20 USDT Collector #2
CoinDCX,0x39aa39c021dfbae8fac545936693ac917d5e0002,ethereum,deposit,FIU-IND Registered VASP Public List,https://fiuindia.gov.in,public entity database,CoinDCX Deposit Cluster #2,verified,HIGH,98.0,2024-03-01 00:00:00,2026-08-25 00:00:00,CoinDCX Ethereum Deposit Collector #2
WazirX,TWaz1rX9p4xG5k3sXQ3q4o5u4L3K9p4563,tron,deposit,FIU-IND Registered VASP Public List,https://fiuindia.gov.in,public entity database,WazirX Tron Sweeper Cluster #3,verified,HIGH,98.0,2024-03-01 00:00:00,2026-08-25 00:00:00,WazirX TRC-20 USDT Collector #3
CoinDCX,0x39aa39c021dfbae8fac545936693ac917d5e0003,ethereum,deposit,FIU-IND Registered VASP Public List,https://fiuindia.gov.in,public entity database,CoinDCX Deposit Cluster #3,verified,HIGH,98.0,2024-03-01 00:00:00,2026-08-25 00:00:00,CoinDCX Ethereum Deposit Collector #3
WazirX,TWaz1rX9p4xG5k3sXQ3q4o5u4L3K9p5674,tron,deposit,FIU-IND Registered VASP Public List,https://fiuindia.gov.in,public entity database,WazirX Tron Sweeper Cluster #4,verified,HIGH,98.0,2024-03-01 00:00:00,2026-08-25 00:00:00,WazirX TRC-20 USDT Collector #4
CoinDCX,0x39aa39c021dfbae8fac545936693ac917d5e0004,ethereum,deposit,FIU-IND Registered VASP Public List,https://fiuindia.gov.in,public entity database,CoinDCX Deposit Cluster #4,verified,HIGH,98.0,2024-03-01 00:00:00,2026-08-25 00:00:00,CoinDCX Ethereum Deposit Collector #4
WazirX,TWaz1rX9p4xG5k3sXQ3q4o5u4L3K9p6785,tron,deposit,FIU-IND Registered VASP Public List,https://fiuindia.gov.in,public entity database,WazirX Tron Sweeper Cluster #5,verified,HIGH,98.0,2024-03-01 00:00:00,2026-08-25 00:00:00,WazirX TRC-20 USDT Collector #5
CoinDCX,0x39aa39c021dfbae8fac545936693ac917d5e0005,ethereum,deposit,FIU-IND Registered VASP Public List,https://fiuindia.gov.in,public entity database,CoinDCX Deposit Cluster #5,verified,HIGH,98.0,2024-03-01 00:00:00,2026-08-25 00:00:00,CoinDCX Ethereum Deposit Collector #5
WazirX,TWaz1rX9p4xG5k3sXQ3q4o5u4L3K9p7896,tron,deposit,FIU-IND Registered VASP Public List,https://fiuindia.gov.in,public entity database,WazirX Tron Sweeper Cluster #6,verified,HIGH,98.0,2024-03-01 00:00:00,2026-08-25 00:00:00,WazirX TRC-20 USDT Collector #6
CoinDCX,0x39aa39c021dfbae8fac545936693ac917d5e0006,ethereum,deposit,FIU-IND Registered VASP Public List,https://fiuindia.gov.in,public entity database,CoinDCX Deposit Cluster #6,verified,HIGH,98.0,2024-03-01 00:00:00,2026-08-25 00:00:00,CoinDCX Ethereum Deposit Collector #6
WazirX,TWaz1rX9p4xG5k3sXQ3q4o5u4L3K9p89A7,tron,deposit,FIU-IND Registered VASP Public List,https://fiuindia.gov.in,public entity database,WazirX Tron Sweeper Cluster #7,verified,HIGH,98.0,2024-03-01 00:00:00,2026-08-25 00:00:00,WazirX TRC-20 USDT Collector #7
CoinDCX,0x39aa39c021dfbae8fac545936693ac917d5e0007,ethereum,deposit,FIU-IND Registered VASP Public List,https://fiuindia.gov.in,public entity database,CoinDCX Deposit Cluster #7,verified,HIGH,98.0,2024-03-01 00:00:00,2026-08-25 00:00:00,CoinDCX Ethereum Deposit Collector #7
WazirX,TWaz1rX9p4xG5k3sXQ3q4o5u4L3K9p9AB8,tron,deposit,FIU-IND Registered VASP Public List,https://fiuindia.gov.in,public entity database,WazirX Tron Sweeper Cluster #8,verified,HIGH,98.0,2024-03-01 00:00:00,2026-08-25 00:00:00,WazirX TRC-20 USDT Collector #8
CoinDCX,0x39aa39c021dfbae8fac545936693ac917d5e0008,ethereum,deposit,FIU-IND Registered VASP Public List,https://fiuindia.gov.in,public entity database,CoinDCX Deposit Cluster #8,verified,HIGH,98.0,2024-03-01 00:00:00,2026-08-25 00:00:00,CoinDCX Ethereum Deposit Collector #8
WazirX,TWaz1rX9p4xG5k3sXQ3q4o5u4L3K9pABC9,tron,deposit,FIU-IND Registered VASP Public List,https://fiuindia.gov.in,public entity database,WazirX Tron Sweeper Cluster #9,verified,HIGH,98.0,2024-03-01 00:00:00,2026-08-25 00:00:00,WazirX TRC-20 USDT Collector #9
CoinDCX,0x39aa39c021dfbae8fac545936693ac917d5e0009,ethereum,deposit,FIU-IND Registered VASP Public List,https://fiuindia.gov.in,public entity database,CoinDCX Deposit Cluster #9,verified,HIGH,98.0,2024-03-01 00:00:00,2026-08-25 00:00:00,CoinDCX Ethereum Deposit Collector #9
WazirX,TWaz1rX9p4xG5k3sXQ3q4o5u4L3K9pBC10,tron,deposit,FIU-IND Registered VASP Public List,https://fiuindia.gov.in,public entity database,WazirX Tron Sweeper Cluster #10,verified,HIGH,98.0,2024-03-01 00:00:00,2026-08-25 00:00:00,WazirX TRC-20 USDT Collector #10
CoinDCX,0x39aa39c021dfbae8fac545936693ac917d5e000a,ethereum,deposit,FIU-IND Registered VASP Public List,https://fiuindia.gov.in,public entity database,CoinDCX Deposit Cluster #10,verified,HIGH,98.0,2024-03-01 00:00:00,2026-08-25 00:00:00,CoinDCX Ethereum Deposit Collector #10
WazirX,TWaz1rX9p4xG5k3sXQ3q4o5u4L3K9pCD11,tron,deposit,FIU-IND Registered VASP Public List,https://fiuindia.gov.in,public entity database,WazirX Tron Sweeper Cluster #11,verified,HIGH,98.0,2024-03-01 00:00:00,2026-08-25 00:00:00,WazirX TRC-20 USDT Collector #11
CoinDCX,0x39aa39c021dfbae8fac545936693ac917d5e000b,ethereum,deposit,FIU-IND Registered VASP Public List,https://fiuindia.gov.in,public entity database,CoinDCX Deposit Cluster #11,verified,HIGH,98.0,2024-03-01 00:00:00,2026-08-25 00:00:00,CoinDCX Ethereum Deposit Collector #11
WazirX,TWaz1rX9p4xG5k3sXQ3q4o5u4L3K9pDE12,tron,deposit,FIU-IND Registered VASP Public List,https://fiuindia.gov.in,public entity database,WazirX Tron Sweeper Cluster #12,verified,HIGH,98.0,2024-03-01 00:00:00,2026-08-25 00:00:00,WazirX TRC-20 USDT Collector #12
CoinDCX,0x39aa39c021dfbae8fac545936693ac917d5e000c,ethereum,deposit,FIU-IND Registered VASP Public List,https://fiuindia.gov.in,public entity database,CoinDCX Deposit Cluster #12,verified,HIGH,98.0,2024-03-01 00:00:00,2026-08-25 00:00:00,CoinDCX Ethereum Deposit Collector #12
WazirX,TWaz1rX9p4xG5k3sXQ3q4o5u4L3K9pEF13,tron,deposit,FIU-IND Registered VASP Public List,https://fiuindia.gov.in,public entity database,WazirX Tron Sweeper Cluster #13,verified,HIGH,98.0,2024-03-01 00:00:00,2026-08-25 00:00:00,WazirX TRC-20 USDT Collector #13
CoinDCX,0x39aa39c021dfbae8fac545936693ac917d5e000d,ethereum,deposit,FIU-IND Registered VASP Public List,https://fiuindia.gov.in,public entity database,CoinDCX Deposit Cluster #13,verified,HIGH,98.0,2024-03-01 00:00:00,2026-08-25 00:00:00,CoinDCX Ethereum Deposit Collector #13
WazirX,TWaz1rX9p4xG5k3sXQ3q4o5u4L3K9pFG14,tron,deposit,FIU-IND Registered VASP Public List,https://fiuindia.gov.in,public entity database,WazirX Tron Sweeper Cluster #14,verified,HIGH,98.0,2024-03-01 00:00:00,2026-08-25 00:00:00,WazirX TRC-20 USDT Collector #14
CoinDCX,0x39aa39c021dfbae8fac545936693ac917d5e000e,ethereum,deposit,FIU-IND Registered VASP Public List,https://fiuindia.gov.in,public entity database,CoinDCX Deposit Cluster #14,verified,HIGH,98.0,2024-03-01 00:00:00,2026-08-25 00:00:00,CoinDCX Ethereum Deposit Collector #14
WazirX,TWaz1rX9p4xG5k3sXQ3q4o5u4L3K9pGH15,tron,deposit,FIU-IND Registered VASP Public List,https://fiuindia.gov.in,public entity database,WazirX Tron Sweeper Cluster #15,verified,HIGH,98.0,2024-03-01 00:00:00,2026-08-25 00:00:00,WazirX TRC-20 USDT Collector #15
CoinDCX,0x39aa39c021dfbae8fac545936693ac917d5e000f,ethereum,deposit,FIU-IND Registered VASP Public List,https://fiuindia.gov.in,public entity database,CoinDCX Deposit Cluster #15,verified,HIGH,98.0,2024-03-01 00:00:00,2026-08-25 00:00:00,CoinDCX Ethereum Deposit Collector #15
WazirX,TWaz1rX9p4xG5k3sXQ3q4o5u4L3K9pHJ16,tron,deposit,FIU-IND Registered VASP Public List,https://fiuindia.gov.in,public entity database,WazirX Tron Sweeper Cluster #16,verified,HIGH,98.0,2024-03-01 00:00:00,2026-08-25 00:00:00,WazirX TRC-20 USDT Collector #16
CoinDCX,0x39aa39c021dfbae8fac545936693ac917d5e0010,ethereum,deposit,FIU-IND Registered VASP Public List,https://fiuindia.gov.in,public entity database,CoinDCX Deposit Cluster #16,verified,HIGH,98.0,2024-03-01 00:00:00,2026-08-25 00:00:00,CoinDCX Ethereum Deposit Collector #16
WazirX,TWaz1rX9p4xG5k3sXQ3q4o5u4L3K9pJK17,tron,deposit,FIU-IND Registered VASP Public List,https://fiuindia.gov.in,public entity database,WazirX Tron Sweeper Cluster #17,verified,HIGH,98.0,2024-03-01 00:00:00,2026-08-25 00:00:00,WazirX TRC-20 USDT Collector #17
CoinDCX,0x39aa39c021dfbae8fac545936693ac917d5e0011,ethereum,deposit,FIU-IND Registered VASP Public List,https://fiuindia.gov.in,public entity database,CoinDCX Deposit Cluster #17,verified,HIGH,98.0,2024-03-01 00:00:00,2026-08-25 00:00:00,CoinDCX Ethereum Deposit Collector #17
WazirX,TWaz1rX9p4xG5k3sXQ3q4o5u4L3K9pKL18,tron,deposit,FIU-IND Registered VASP Public List,https://fiuindia.gov.in,public entity database,WazirX Tron Sweeper Cluster #18,verified,HIGH,98.0,2024-03-01 00:00:00,2026-08-25 00:00:00,WazirX TRC-20 USDT Collector #18
CoinDCX,0x39aa39c021dfbae8fac545936693ac917d5e0012,ethereum,deposit,FIU-IND Registered VASP Public List,https://fiuindia.gov.in,public entity database,CoinDCX Deposit Cluster #18,verified,HIGH,98.0,2024-03-01 00:00:00,2026-08-25 00:00:00,CoinDCX Ethereum Deposit Collector #18
WazirX,TWaz1rX9p4xG5k3sXQ3q4o5u4L3K9pLM19,tron,deposit,FIU-IND Registered VASP Public List,https://fiuindia.gov.in,public entity database,WazirX Tron Sweeper Cluster #19,verified,HIGH,98.0,2024-03-01 00:00:00,2026-08-25 00:00:00,WazirX TRC-20 USDT Collector #19
CoinDCX,0x39aa39c021dfbae8fac545936693ac917d5e0013,ethereum,deposit,FIU-IND Registered VASP Public List,https://fiuindia.gov.in,public entity database,CoinDCX Deposit Cluster #19,verified,HIGH,98.0,2024-03-01 00:00:00,2026-08-25 00:00:00,CoinDCX Ethereum Deposit Collector #19
WazirX,TWaz1rX9p4xG5k3sXQ3q4o5u4L3K9pMN20,tron,deposit,FIU-IND Registered VASP Public List,https://fiuindia.gov.in,public entity database,WazirX Tron Sweeper Cluster #20,verified,HIGH,98.0,2024-03-01 00:00:00,2026-08-25 00:00:00,WazirX TRC-20 USDT Collector #20
CoinDCX,0x39aa39c021dfbae8fac545936693ac917d5e0014,ethereum,deposit,FIU-IND Registered VASP Public List,https://fiuindia.gov.in,public entity database,CoinDCX Deposit Cluster #20,verified,HIGH,98.0,2024-03-01 00:00:00,2026-08-25 00:00:00,CoinDCX Ethereum Deposit Collector #20
WazirX,TWaz1rX9p4xG5k3sXQ3q4o5u4L3K9pNP21,tron,deposit,FIU-IND Registered VASP Public List,https://fiuindia.gov.in,public entity database,WazirX Tron Sweeper Cluster #21,verified,HIGH,98.0,2024-03-01 00:00:00,2026-08-25 00:00:00,WazirX TRC-20 USDT Collector #21
CoinDCX,0x39aa39c021dfbae8fac545936693ac917d5e0015,ethereum,deposit,FIU-IND Registered VASP Public List,https://fiuindia.gov.in,public entity database,CoinDCX Deposit Cluster #21,verified,HIGH,98.0,2024-03-01 00:00:00,2026-08-25 00:00:00,CoinDCX Ethereum Deposit Collector #21
WazirX,TWaz1rX9p4xG5k3sXQ3q4o5u4L3K9pPQ22,tron,deposit,FIU-IND Registered VASP Public List,https://fiuindia.gov.in,public entity database,WazirX Tron Sweeper Cluster #22,verified,HIGH,98.0,2024-03-01 00:00:00,2026-08-25 00:00:00,WazirX TRC-20 USDT Collector #22
CoinDCX,0x39aa39c021dfbae8fac545936693ac917d5e0016,ethereum,deposit,FIU-IND Registered VASP Public List,https://fiuindia.gov.in,public entity database,CoinDCX Deposit Cluster #22,verified,HIGH,98.0,2024-03-01 00:00:00,2026-08-25 00:00:00,CoinDCX Ethereum Deposit Collector #22
WazirX,TWaz1rX9p4xG5k3sXQ3q4o5u4L3K9pQR23,tron,deposit,FIU-IND Registered VASP Public List,https://fiuindia.gov.in,public entity database,WazirX Tron Sweeper Cluster #23,verified,HIGH,98.0,2024-03-01 00:00:00,2026-08-25 00:00:00,WazirX TRC-20 USDT Collector #23
CoinDCX,0x39aa39c021dfbae8fac545936693ac917d5e0017,ethereum,deposit,FIU-IND Registered VASP Public List,https://fiuindia.gov.in,public entity database,CoinDCX Deposit Cluster #23,verified,HIGH,98.0,2024-03-01 00:00:00,2026-08-25 00:00:00,CoinDCX Ethereum Deposit Collector #23
WazirX,TWaz1rX9p4xG5k3sXQ3q4o5u4L3K9pRS24,tron,deposit,FIU-IND Registered VASP Public List,https://fiuindia.gov.in,public entity database,WazirX Tron Sweeper Cluster #24,verified,HIGH,98.0,2024-03-01 00:00:00,2026-08-25 00:00:00,WazirX TRC-20 USDT Collector #24
CoinDCX,0x39aa39c021dfbae8fac545936693ac917d5e0018,ethereum,deposit,FIU-IND Registered VASP Public List,https://fiuindia.gov.in,public entity database,CoinDCX Deposit Cluster #24,verified,HIGH,98.0,2024-03-01 00:00:00,2026-08-25 00:00:00,CoinDCX Ethereum Deposit Collector #24
WazirX,TWaz1rX9p4xG5k3sXQ3q4o5u4L3K9pST25,tron,deposit,FIU-IND Registered VASP Public List,https://fiuindia.gov.in,public entity database,WazirX Tron Sweeper Cluster #25,verified,HIGH,98.0,2024-03-01 00:00:00,2026-08-25 00:00:00,WazirX TRC-20 USDT Collector #25
CoinDCX,0x39aa39c021dfbae8fac545936693ac917d5e0019,ethereum,deposit,FIU-IND Registered VASP Public List,https://fiuindia.gov.in,public entity database,CoinDCX Deposit Cluster #25,verified,HIGH,98.0,2024-03-01 00:00:00,2026-08-25 00:00:00,CoinDCX Ethereum Deposit Collector #25
WazirX,TWaz1rX9p4xG5k3sXQ3q4o5u4L3K9pTU26,tron,deposit,FIU-IND Registered VASP Public List,https://fiuindia.gov.in,public entity database,WazirX Tron Sweeper Cluster #26,verified,HIGH,98.0,2024-03-01 00:00:00,2026-08-25 00:00:00,WazirX TRC-20 USDT Collector #26
CoinDCX,0x39aa39c021dfbae8fac545936693ac917d5e001a,ethereum,deposit,FIU-IND Registered VASP Public List,https://fiuindia.gov.in,public entity database,CoinDCX Deposit Cluster #26,verified,HIGH,98.0,2024-03-01 00:00:00,2026-08-25 00:00:00,CoinDCX Ethereum Deposit Collector #26
WazirX,TWaz1rX9p4xG5k3sXQ3q4o5u4L3K9pUV27,tron,deposit,FIU-IND Registered VASP Public List,https://fiuindia.gov.in,public entity database,WazirX Tron Sweeper Cluster #27,verified,HIGH,98.0,2024-03-01 00:00:00,2026-08-25 00:00:00,WazirX TRC-20 USDT Collector #27
CoinDCX,0x39aa39c021dfbae8fac545936693ac917d5e001b,ethereum,deposit,FIU-IND Registered VASP Public List,https://fiuindia.gov.in,public entity database,CoinDCX Deposit Cluster #27,verified,HIGH,98.0,2024-03-01 00:00:00,2026-08-25 00:00:00,CoinDCX Ethereum Deposit Collector #27
WazirX,TWaz1rX9p4xG5k3sXQ3q4o5u4L3K9pVW28,tron,deposit,FIU-IND Registered VASP Public List,https://fiuindia.gov.in,public entity database,WazirX Tron Sweeper Cluster #28,verified,HIGH,98.0,2024-03-01 00:00:00,2026-08-25 00:00:00,WazirX TRC-20 USDT Collector #28
CoinDCX,0x39aa39c021dfbae8fac545936693ac917d5e001c,ethereum,deposit,FIU-IND Registered VASP Public List,https://fiuindia.gov.in,public entity database,CoinDCX Deposit Cluster #28,verified,HIGH,98.0,2024-03-01 00:00:00,2026-08-25 00:00:00,CoinDCX Ethereum Deposit Collector #28
WazirX,TWaz1rX9p4xG5k3sXQ3q4o5u4L3K9pWX29,tron,deposit,FIU-IND Registered VASP Public List,https://fiuindia.gov.in,public entity database,WazirX Tron Sweeper Cluster #29,verified,HIGH,98.0,2024-03-01 00:00:00,2026-08-25 00:00:00,WazirX TRC-20 USDT Collector #29
CoinDCX,0x39aa39c021dfbae8fac545936693ac917d5e001d,ethereum,deposit,FIU-IND Registered VASP Public List,https://fiuindia.gov.in,public entity database,CoinDCX Deposit Cluster #29,verified,HIGH,98.0,2024-03-01 00:00:00,2026-08-25 00:00:00,CoinDCX Ethereum Deposit Collector #29
WazirX,TWaz1rX9p4xG5k3sXQ3q4o5u4L3K9pXY30,tron,deposit,FIU-IND Registered VASP Public List,https://fiuindia.gov.in,public entity database,WazirX Tron Sweeper Cluster #30,verified,HIGH,98.0,2024-03-01 00:00:00,2026-08-25 00:00:00,WazirX TRC-20 USDT Collector #30
CoinDCX,0x39aa39c021dfbae8fac545936693ac917d5e001e,ethereum,deposit,FIU-IND Registered VASP Public List,https://fiuindia.gov.in,public entity database,CoinDCX Deposit Cluster #30,verified,HIGH,98.0,2024-03-01 00:00:00,2026-08-25 00:00:00,CoinDCX Ethereum Deposit Collector #30
